VendorID,trip_distance,fare_amount,total_amount
2,15400.32,28.9,39.48
2,10879.28,70.0,98.88
2,1715.22,70.0,98.88
1,971.8,21.5,23.0
1,964.6,39.5,41.0
2,277.4,33.8,39.55
2,246.22,8.6,18.12
2,233.25,1616.5,1617.5
2,210.82,500.0,515.88
1,210.2,650.0,689.68
2,207.68,13.5,21.0
2,176.43,35.9,52.63
2,157.25,899.0,900.0
2,155.56,450.0,494.38
1,153.2,550.4,573.97
2,142.62,912.3,940.93
2,135.82,220.0,281.83
2,122.47,749.2,758.89
2,120.86,457.0,473.38
2,120.78,325.0,400.22
2,120.76,744.3,753.74
2,119.46,739.4,771.41
2,118.99,260.0,261.0
2,116.4,389.4,392.65
2,115.75,400.0,409.69
2,111.77,400.0,402.85
2,111.57,678.5,696.0
2,111.4,350.0,352.75
2,110.46,669.4,709.21
2,109.75,761.1,775.48
2,108.6,380.0,420.0
2,106.57,366.0,433.61
2,105.25,500.0,516.13
2,101.28,359.3,364.3
1,101.1,450.0,551.59
2,99.0,591.7,623.71
2,97.91,585.4,606.03
1,97.5,353.7,450.2
2,97.22,586.1,610.67
2,97.12,620.4,630.09
2,94.52,595.2,606.39
2,94.47,637.9,648.59
2,94.0,341.1,343.1
2,93.2,100.0,114.38
2,92.34,607.8,637.87
2,91.73,569.3,584.18
1,89.8,320.1,352.73
2,89.16,227.7,242.45
1,88.4,380.0,381.0
2,87.95,530.8,560.18
2,87.39,493.0,523.01
2,86.65,350.0,434.88
1,85.8,316.0,339.57
2,85.47,258.0,284.79
2,85.34,308.9,382.56
2,84.39,495.1,521.79
2,84.19,539.2,548.89
2,83.92,487.4,519.41
2,83.37,300.0,394.91
2,82.74,300.0,349.99
2,82.72,509.8,519.99
2,82.65,536.4,551.09
2,80.85,399.0,400.0
2,80.43,165.0,221.4
1,80.2,250.0,292.07
2,80.0,300.0,318.25
1,79.8,283.7,353.89
1,79.5,300.0,302.75
2,79.13,423.0,425.75
2,77.99,450.0,486.45
2,77.42,503.5,518.19
2,77.26,442.6,486.1
2,76.77,450.0,500.25
2,76.76,315.0,395.86
2,76.22,425.8,457.81
2,75.85,428.6,490.61
2,75.76,70.0,78.25
2,74.98,442.6,467.29
2,74.42,267.6,284.23
2,74.35,350.0,421.2
2,73.99,474.8,490.74
2,73.39,250.0,257.94
2,73.32,439.1,464.67
2,72.82,480.4,509.47
2,72.1,416.7,431.39
2,71.96,249.0,250.5
2,71.93,409.0,425.19
2,71.27,275.7,299.77
2,71.23,395.0,396.0
2,71.21,395.0,425.38
2,71.18,9.3,15.8
2,70.83,200.0,201.0
2,70.21,200.0,240.01
2,69.98,398.5,445.51
2,69.36,300.0,302.75
2,69.11,459.4,476.93
1,69.1,413.2,423.39
2,69.03,210.0,226.38
2,68.93,485.0,486.0
1,68.8,505.0,512.94
2,68.51,70.0,95.94
2,68.48,70.0,73.25
2,68.46,343.2,389.33
2,68.44,350.0,433.34
2,68.43,350.0,381.38
2,68.41,300.0,329.38
2,68.38,394.0,441.01
2,68.35,280.0,286.5
2,68.28,351.6,374.04
2,67.95,272.9,297.97
2,67.88,249.4,321.28
2,67.84,404.1,426.54
2,67.61,410.4,420.09
2,67.32,350.0,369.69
2,67.24,433.5,462.57
2,67.16,343.9,439.91
2,67.15,182.0,183.0
2,66.9,388.0,435.39
2,66.87,367.0,476.06
2,66.85,401.3,426.74
2,66.85,241.7,333.27
2,66.8,446.1,459.35
2,66.42,398.5,408.19
2,66.0,392.2,445.64
2,65.98,395.0,449.07
2,65.49,392.9,425.59
2,65.4,337.0,380.01
2,64.95,327.8,398.31
2,64.82,270.0,320.01
2,64.7,353.7,404.08
1,64.7,450.0,452.75
2,64.67,404.1,497.47
2,64.29,413.2,422.45
2,64.18,386.6,406.29
2,64.16,280.0,301.5
1,64.1,0.01,27.77
2,64.05,227.0,250.44
2,64.01,231.9,252.53
1,63.9,248.4,297.79
2,63.71,393.6,489.6
1,63.7,228.4,265.91
2,63.57,378.9,467.76
1,63.5,390.0,406.38
2,63.41,315.2,344.58
2,63.39,300.0,378.38
2,63.27,300.0,302.75
2,63.25,210.0,231.43
2,63.2,246.3,289.43
1,63.1,229.1,250.23
2,62.74,244.2,329.9
2,62.65,150.0,164.38
2,62.61,311.7,412.1
2,62.52,300.0,302.75
2,62.44,200.0,221.13
1,62.3,295.0,357.3
2,62.3,310.0,313.5
2,62.3,411.1,435.04
2,62.24,200.0,241.38
2,62.13,224.9,243.15
2,61.87,398.0,439.01
2,61.7,399.9,451.65
2,61.7,351.6,475.79
2,61.54,336.2,368.21
2,61.54,100.0,101.0
2,61.52,221.4,276.43
2,61.47,334.1,383.73
2,61.33,304.7,402.5
2,61.11,250.0,277.75
2,61.09,364.9,375.59
2,60.93,150.0,201.0
2,60.88,300.0,302.75
2,60.58,150.0,184.2
2,60.57,236.5,260.57
2,60.4,217.2,240.58
2,60.36,306.0,407.44
1,60.3,220.0,302.47
1,60.2,234.4,319.66
2,60.02,200.0,214.38
2,60.01,334.1,365.29
1,60.0,420.9,429.15
2,59.93,355.8,438.24
2,59.88,404.1,407.35
2,59.83,359.3,363.55
2,59.83,180.0,187.75
2,59.81,347.4,445.86
2,59.77,222.22,231.91
2,59.68,224.2,243.08
2,59.62,450.0,478.13
2,59.52,140.0,171.0
2,59.49,317.3,349.31
2,59.47,240.0,261.0
2,59.45,198.0,217.0
2,59.43,349.5,353.75
2,58.81,240.0,281.0
2,58.78,200.0,230.44
2,58.76,285.8,351.81
2,58.71,210.0,219.69
2,58.44,150.0,192.01
2,58.43,229.8,269.62
2,58.36,299.1,379.22
1,58.3,212.3,230.86
2,58.28,290.0,368.19
2,58.22,300.0,361.2
2,58.11,200.0,228.26
2,58.06,300.0,368.95
2,57.98,309.6,349.61
1,57.9,208.8,258.06
1,57.8,219.0,311.26
1,57.6,343.9,437.43
2,57.55,300.0,354.95
2,57.54,224.6,303.56
2,57.52,210.9,289.54
1,57.4,327.1,336.54
2,57.35,200.0,224.88
2,57.34,206.7,231.39
2,57.2,264.1,354.23
2,57.13,384.5,420.25
2,57.06,270.0,359.56
2,57.02,330.6,397.73
2,57.01,435.0,439.0
2,57.0,356.5,358.5
1,56.8,208.8,262.79
2,56.73,299.1,360.73
2,56.71,339.7,350.45
2,56.65,328.5,352.57
2,56.52,215.0,223.75
2,56.36,343.9,362.53
2,56.31,150.0,222.04
2,56.31,225.3,243.55
2,56.28,225.0,241.48
2,56.22,325.0,401.63
2,56.17,299.1,301.85
2,56.15,180.0,225.3
2,56.09,300.0,384.83
2,56.09,300.0,390.68
2,56.02,225.0,289.01
2,55.97,354.4,372.65
2,55.95,275.0,334.2
2,55.8,199.7,246.08
1,55.7,200.0,233.99
2,55.7,291.4,360.96
2,55.68,190.0,191.0
2,55.59,312.4,337.52
2,55.56,343.9,347.15
2,55.55,350.5,443.35
1,55.3,173.0,224.38
2,55.18,265.0,267.75
2,55.16,289.3,402.62
2,54.99,150.0,164.88
2,54.98,278.1,387.2
2,54.94,243.1,260.73
2,54.93,83.5,87.0
2,54.9,258.0,300.01
2,54.81,299.1,317.98
2,54.73,392.0,487.68
2,54.65,251.5,287.13
2,54.63,340.4,406.59
2,54.58,265.0,337.01
2,54.51,357.9,434.23
2,54.49,283.7,314.71
2,54.47,283.7,339.2
2,54.46,280.9,317.17
2,54.4,197.0,240.0
2,54.28,285.1,377.78
2,54.27,385.0,405.69
2,54.22,324.3,409.44
2,54.22,240.0,252.75
2,54.07,362.8,416.05
2,54.05,284.0,300.13
2,54.04,308.9,331.97
2,54.0,277.4,308.78
2,53.82,203.9,208.9
2,53.82,302.6,312.29
2,53.82,284.0,316.01
2,53.8,250.0,270.0
2,53.78,201.1,275.25
2,53.7,273.2,310.21
2,53.69,334.1,369.36
2,53.67,306.1,419.96
2,53.65,175.0,179.75
2,53.64,197.6,252.0
2,53.63,364.5,466.38
2,53.61,325.0,419.92
2,53.61,212.7,263.21
1,53.5,200.4,344.25
2,53.49,278.8,313.31
2,53.47,225.0,297.05
2,53.45,340.0,351.0
2,53.45,218.3,292.04
2,53.37,200.0,251.63
2,53.35,271.1,359.23
2,53.33,273.9,303.16
2,53.23,214.8,257.54
2,53.21,325.0,403.13
2,53.2,293.5,303.69
2,53.2,275.0,323.07
2,53.17,211.3,281.31
2,53.11,367.7,396.2
2,53.07,246.6,292.85
2,53.01,272.5,329.88
2,52.99,266.0,291.5
2,52.94,267.6,298.24
2,52.91,189.9,247.6
1,52.9,192.7,220.77
2,52.89,264.8,312.93
2,52.88,309.6,391.73
2,52.86,339.0,457.39
2,52.85,217.6,252.11
2,52.81,299.8,387.09
2,52.77,300.0,326.13
2,52.64,294.9,318.97
1,52.6,305.4,395.74
2,52.52,190.6,204.85
2,52.42,206.4,275.46
1,52.4,225.0,242.75
2,52.31,336.9,340.15
2,52.26,276.0,292.19
2,52.26,271.1,368.04
2,52.22,339.7,355.89
2,52.21,283.0,302.69
1,52.2,323.6,406.54
2,52.19,299.8,325.37
2,52.13,245.0,280.07
2,52.09,91.0,107.38
2,52.08,207.8,211.55
2,52.01,207.8,265.81
2,51.98,219.3,289.55
2,51.93,185.7,226.39
2,51.93,292.8,328.37
2,51.9,262.7,353.3
2,51.9,329.2,433.77
2,51.83,357.9,371.65
1,51.8,0.0,1.0
2,51.77,217.9,235.28
2,51.77,193.0,279.31
1,51.7,204.3,228.37
2,51.68,70.0,99.23
2,51.62,250.0,295.07
2,51.61,167.5,170.25
1,51.6,199.99,200.99
2,51.6,350.0,352.75
2,51.43,70.0,80.19
1,51.4,350.9,356.65
1,51.3,292.1,303.29
2,51.28,305.4,310.4
2,51.24,70.0,87.69
2,51.23,286.5,326.57
2,51.2,181.5,222.55
2,51.14,354.4,443.74
2,51.12,206.4,227.03
2,51.01,218.0,301.97
2,50.98,339.0,344.25
2,50.97,229.8,252.24
2,50.93,303.3,315.24
2,50.91,264.0,279.5
2,50.91,262.0,326.51
1,50.9,215.0,272.15
2,50.84,272.5,302.69
2,50.82,318.0,385.15
2,50.65,332.7,349.58
1,50.6,205.0,249.39
2,50.54,298.4,384.96
1,50.4,184.3,352.0
2,50.36,331.0,360.63
1,50.3,185.7,254.42
2,50.29,189.2,217.23
2,50.23,282.3,351.37
2,50.11,330.6,401.47
2,50.08,332.0,340.8
2,50.04,287.9,315.47
2,49.98,348.1,394.51
2,49.97,140.0,181.76
2,49.93,353.0,478.91
2,49.93,267.6,343.53
2,49.92,180.8,196.18
1,49.9,266.0,337.08
2,49.85,290.0,330.01
2,49.85,296.5,357.0
2,49.83,331.0,355.69
2,49.8,221.4,300.59
2,49.8,250.0,313.38
2,49.77,288.6,301.29
2,49.72,249.4,279.41
2,49.72,175.0,220.01
2,49.69,255.0,258.25
2,49.61,254.3,308.71
2,49.53,247.3,301.81
2,49.53,297.0,304.75
2,49.44,176.6,184.54
2,49.42,200.0,202.75
2,49.4,300.0,333.13
2,49.36,199.4,235.9
2,49.35,180.1,191.29
2,49.33,306.8,368.93
2,49.28,209.0,305.0
2,49.27,244.5,326.13
2,49.2,243.8,293.68
2,49.19,353.7,382.52
2,49.19,175.2,200.27
2,49.17,150.0,220.07
2,49.15,295.6,307.79
2,49.12,278.1,346.2
2,49.1,180.1,246.88
1,49.1,173.0,203.07
2,49.08,276.0,343.08
2,49.06,265.0,293.26
2,48.99,220.0,243.13
2,48.96,220.0,282.6
2,48.91,261.3,289.93
1,48.9,300.0,314.88
2,48.89,256.4,321.91
2,48.87,323.6,377.67
2,48.87,305.4,338.65
2,48.75,325.7,397.39
2,48.73,297.7,301.95
2,48.71,206.0,271.2
2,48.7,193.8,268.22
1,48.6,193.0,251.58
2,48.58,272.5,324.94
2,48.51,208.8,240.81
1,48.5,177.3,227.94
2,48.45,255.0,309.51
2,48.43,273.9,283.59
2,48.43,192.4,257.66
2,48.4,269.7,340.89
1,48.4,297.7,300.2
2,48.29,273.9,341.16
2,48.26,266.9,310.34
2,48.21,240.0,258.13
2,48.12,315.9,320.15
2,48.11,277.4,290.84
2,48.05,171.7,229.47
2,48.04,220.0,278.3
2,48.01,278.8,344.11
2,47.95,245.2,320.05
2,47.94,280.0,369.16
2,47.83,260.0,323.28
1,47.8,264.1,299.29
2,47.79,164.0,192.74
2,47.71,290.7,333.27
2,47.69,258.0,331.01
2,47.66,193.8,222.24
2,47.62,200.0,202.75
2,47.6,311.7,314.95
2,47.53,191.0,285.6
2,47.5,110.0,117.75
2,47.48,230.0,239.69
2,47.46,247.3,277.99
2,47.45,120.0,148.2
2,47.44,184.0,255.38
2,47.44,324.3,327.55
2,47.38,241.0,275.69
2,47.37,268.3,347.05
2,47.34,191.7,214.02
2,47.31,234.7,311.18
2,47.28,299.0,380.38
2,47.28,200.0,248.95
2,47.18,170.0,196.0
2,47.13,224.9,260.91
1,47.1,311.0,351.57
1,47.1,281.6,586.6
2,47.08,170.0,206.95
2,47.08,287.9,351.48
2,47.07,189.6,223.48
2,47.06,169.6,212.73
2,47.06,191.0,204.75
2,47.03,191.0,208.5
2,47.01,283.0,305.44
2,46.98,160.0,204.38
2,46.97,219.3,255.93
2,46.92,303.3,318.05
2,46.92,195.2,232.77
2,46.91,205.0,263.28
2,46.9,160.0,213.29
2,46.89,264.1,328.8
1,46.8,285.0,344.69
1,46.8,185.0,248.04
1,46.8,168.9,171.4
2,46.66,164.0,240.86
2,46.63,252.9,287.47
2,46.62,238.9,300.11
1,46.6,3.7,6.2
2,46.6,250.0,253.25
2,46.6,150.0,161.0
2,46.59,271.0,308.63
2,46.59,225.0,227.75
2,46.56,322.9,405.94
2,46.54,238.2,314.37
2,46.51,266.2,349.55
1,46.5,168.9,188.9
2,46.47,180.1,192.79
2,46.42,229.8,297.8
2,46.42,70.0,109.26
2,46.34,240.3,268.93
2,46.32,186.8,225.3
2,46.31,224.2,258.71
1,46.3,262.0,302.19
1,46.3,255.0,315.19
1,46.3,169.6,217.85
1,46.3,167.5,200.63
2,46.23,311.0,331.19
2,46.21,190.3,244.86
2,46.21,250.0,327.68
2,46.19,283.0,357.48
2,46.17,224.2,304.7
2,46.16,239.6,298.8
2,46.14,250.0,278.07
2,46.12,299.1,304.85
2,46.07,200.0,265.58
2,46.06,226.3,280.3
2,45.95,246.6,328.5
1,45.9,216.5,267.9
2,45.86,248.0,324.93
2,45.83,251.5,275.07
2,45.83,191.0,241.07
2,45.8,248.0,307.13
2,45.77,200.0,257.63
2,45.77,230.0,330.19
2,45.74,286.5,364.68
2,45.73,196.9,274.34
2,45.68,220.0,278.12
2,45.65,160.13,209.47
2,45.65,294.2,298.45
2,45.63,172.0,231.41
1,45.6,176.0,246.26
1,45.6,70.0,80.19
1,45.6,297.0,367.99
2,45.56,303.75,412.96
2,45.54,193.0,258.18
2,45.53,231.9,261.34
2,45.53,189.6,225.89
2,45.53,293.5,357.3
2,45.51,121.5,183.46
2,45.51,200.0,220.0
2,45.49,302.6,320.85
2,45.48,231.2,241.89
2,45.44,284.4,292.65
2,45.43,220.7,250.08
1,45.4,283.7,364.95
2,45.38,163.3,208.44
2,45.38,287.9,316.15
2,45.37,296.3,384.09
2,45.31,250.0,273.07
2,45.31,166.1,187.78
1,45.3,168.9,208.15
2,45.28,190.6,238.73
2,45.25,219.3,275.19
2,45.22,185.4,252.06
2,45.21,300.0,355.07
2,45.21,279.5,284.5
1,45.2,280.2,288.45
2,45.19,205.0,207.75
2,45.19,175.0,195.13
2,45.16,200.0,235.63
2,45.16,195.9,264.81
2,45.13,284.4,367.6
2,45.1,189.2,235.58
1,45.1,190.3,268.62
2,45.09,250.0,309.53
2,45.07,219.3,230.49
2,45.04,250.8,313.44
2,45.03,184.7,214.71
2,45.01,241.0,267.94
2,45.0,245.2,300.89
2,44.98,253.6,278.04
2,44.98,280.9,346.63
2,44.98,162.6,192.61
2,44.96,251.5,279.19
2,44.96,248.0,283.07
2,44.88,161.9,177.28
2,44.85,220.0,247.0
2,44.84,248.0,271.57
2,44.8,280.2,290.95
1,44.8,256.4,266.59
2,44.79,236.1,255.73
2,44.77,260.0,299.69
2,44.76,303.3,345.3
2,44.76,242.4,266.97
2,44.74,286.5,348.9
2,44.73,241.7,301.92
2,44.73,200.0,250.38
2,44.71,225.0,227.75
1,44.7,150.0,179.69
2,44.64,298.4,301.66
2,44.62,201.8,239.3
1,44.6,154.0,185.73
2,44.57,250.1,341.85
2,44.52,267.6,292.29
2,44.51,240.3,308.57
2,44.48,288.6,309.29
2,44.47,161.9,190.47
2,44.4,250.0,257.75
1,44.4,179.1,266.16
2,44.4,159.1,187.36
2,44.39,184.3,211.43
2,44.39,187.1,239.4
2,44.37,166.1,176.85
2,44.37,280.9,332.84
2,44.36,224.2,255.39
2,44.35,158.4,186.53
2,44.33,130.0,181.58
2,44.3,271.1,285.79
2,44.26,280.0,302.74
2,44.19,221.4,271.72
2,44.18,297.7,320.14
2,44.18,229.8,262.49
2,44.17,275.3,365.11
2,44.15,294.9,305.09
2,44.15,161.2,234.21
2,44.13,265.5,311.69
2,44.13,180.0,219.3
1,44.1,110.0,143.59
1,44.1,245.9,251.65
2,44.08,100.0,116.0
2,44.01,200.0,209.69
2,43.94,208.8,248.75
2,43.94,229.8,253.24
2,43.94,265.5,292.44
1,43.9,200.0,259.63
2,43.86,225.6,249.67
2,43.85,157.0,183.57
2,43.84,280.0,347.28
2,43.82,240.3,264.84
2,43.78,266.9,326.83
2,43.64,235.4,272.9
2,43.64,242.4,302.76
2,43.64,150.0,185.75
2,43.62,177.0,233.81
2,43.59,169.6,179.79
2,43.56,308.0,394.43
2,43.54,264.1,345.56
1,43.5,263.4,277.65
1,43.5,250.0,251.0
2,43.49,178.7,233.19
2,43.45,225.0,298.06
2,43.43,167.5,202.5
2,43.4,225.6,299.25
2,43.4,224.9,242.59
2,43.39,199.7,231.71
2,43.37,140.0,141.0
2,43.35,175.0,221.69
2,43.26,207.8,225.95
2,43.26,208.1,259.11
2,43.25,265.5,303.75
2,43.23,222.8,286.97
2,43.23,156.3,189.96
1,43.2,273.2,319.39
2,43.19,236.1,253.03
2,43.13,234.0,284.19
2,43.13,229.1,287.15
2,43.11,160.0,183.82
2,43.11,280.2,290.89
2,43.08,236.1,246.29
2,43.07,231.9,261.28
2,43.01,200.0,230.26
1,43.0,261.3,279.48
2,42.98,249.4,280.47
2,42.96,214.4,280.3
2,42.92,259.2,287.45
2,42.92,225.6,274.64
2,42.85,208.1,252.17
2,42.81,164.0,217.45
1,42.8,250.0,329.7
2,42.74,154.0,185.38
2,42.72,219.0,245.17
2,42.71,206.0,264.14
1,42.7,277.4,348.09
2,42.68,243.1,276.23
2,42.66,207.4,231.94
2,42.64,125.0,177.33
2,42.63,300.0,361.2
2,42.62,184.0,207.07
2,42.61,208.8,261.84
2,42.6,172.1,254.63
2,42.54,247.0,277.01
2,42.53,245.0,320.58
2,42.53,230.5,248.94
2,42.53,255.0,311.1
2,42.52,217.2,272.52
2,42.51,140.0,205.31
2,42.51,177.7,224.71
2,42.49,220.0,255.07
2,42.47,212.0,281.73
2,42.46,246.6,256.79
2,42.45,210.0,239.63
2,42.39,173.1,224.11
2,42.36,154.2,212.82
2,42.31,208.1,251.52
2,42.31,254.3,292.55
2,42.3,230.0,304.98
1,42.3,180.0,247.63
1,42.3,216.5,244.68
1,42.3,151.4,217.36
2,42.3,154.2,192.96
2,42.29,259.9,289.47
2,42.26,231.9,292.61
2,42.23,305.0,395.73
2,42.22,232.6,259.34
1,42.2,234.0,306.49
2,42.2,315.0,405.33
2,42.16,231.9,289.56
2,42.08,225.6,249.8
2,42.03,151.4,194.58
1,42.0,200.0,235.35
2,41.97,224.2,280.92
2,41.97,165.4,234.49
2,41.94,200.0,211.0
2,41.92,233.3,309.29
2,41.91,207.4,240.37
2,41.89,185.7,217.08
2,41.88,161.5,191.51
2,41.87,280.0,359.25
2,41.86,260.0,337.43
2,41.84,224.9,283.01
2,41.84,219.3,258.37
1,41.8,254.3,277.55
2,41.8,210.2,235.95
2,41.74,243.8,321.55
2,41.74,243.8,305.69
2,41.74,170.0,215.01
2,41.72,70.0,97.13
2,41.72,70.0,74.0
2,41.7,224.9,294.59
2,41.65,140.0,160.13
2,41.64,250.1,310.87
2,41.62,70.0,99.23
2,41.61,192.7,230.14
2,41.6,165.0,236.06
2,41.57,247.3,296.37
2,41.57,227.0,242.19
2,41.51,229.8,242.49
1,41.5,245.2,254.45
2,41.5,221.4,246.97
2,41.49,227.0,237.19
2,41.49,246.0,299.4
2,41.44,273.9,287.15
2,41.42,273.2,288.95
2,41.39,171.7,201.96
2,41.36,228.4,238.59
2,41.36,289.3,296.0
2,41.35,70.0,82.69
2,41.33,200.0,209.69
1,41.3,200.0,213.75
2,41.28,194.8,212.49
2,41.25,172.4,185.09
2,41.24,283.7,357.7
2,41.23,231.9,244.59
2,41.21,174.2,206.21
2,41.2,201.8,212.99
2,41.2,150.0,154.0
1,41.2,177.0,231.73
2,41.18,168.6,221.67
2,41.16,243.1,300.34
2,41.15,225.6,256.92
2,41.13,120.0,165.41
2,41.12,240.0,284.59
1,41.1,156.0,217.27
2,41.05,227.7,232.7
2,41.01,238.2,254.45
2,41.0,212.3,282.09
2,40.99,146.5,164.63
2,40.96,153.5,174.44
2,40.96,210.2,222.89
2,40.95,189.2,241.92
2,40.95,249.4,308.57
2,40.94,220.7,245.77
2,40.93,242.4,307.59
2,40.92,220.7,250.39
1,40.9,173.1,215.98
2,40.9,211.6,283.65
2,40.89,246.6,275.67
2,40.86,224.0,310.46
2,40.85,185.0,235.13
2,40.85,187.8,253.04
2,40.85,218.6,277.69
2,40.84,269.7,327.19
2,40.82,262.0,265.25
1,40.8,65.0,96.0
2,40.79,255.7,291.27
2,40.76,225.5,311.99
2,40.72,200.0,229.69
2,40.71,230.0,255.07
2,40.66,218.6,231.29
2,40.65,150.0,189.44
2,40.63,161.2,179.33
2,40.55,275.0,316.43
2,40.54,70.0,80.94
2,40.52,210.0,227.94
2,40.52,239.6,301.85
2,40.51,227.0,236.25
1,40.5,236.8,252.99
1,40.5,180.0,182.75
2,40.47,250.0,328.66
2,40.44,169.3,220.0
2,40.44,250.8,318.24
2,40.43,165.1,234.23
2,40.42,150.7,160.89
2,40.41,245.0,246.0
1,40.4,263.4,282.65
1,40.4,345.59,361.28
1,40.4,200.0,215.75
2,40.4,70.0,82.69
1,40.4,218.6,302.59
2,40.34,286.0,318.75
2,40.33,248.0,284.51
2,40.32,164.4,197.47
2,40.31,174.9,223.63
1,40.3,184.3,241.44
2,40.28,180.0,251.66
2,40.27,143.7,199.67
2,40.23,198.0,199.0
2,40.23,130.0,183.98
2,40.22,247.3,286.87
1,40.2,185.0,228.69
2,40.2,206.0,240.44
1,40.2,217.88,238.88
1,40.2,0.0,17.88
2,40.17,178.0,213.07
2,40.16,245.2,280.45
2,40.09,180.0,198.13
2,40.07,224.2,243.83
2,40.03,164.4,230.36
2,40.03,206.0,248.62
2,40.02,225.5,297.93
2,39.98,249.4,265.19
2,39.96,145.1,153.54
2,39.93,238.2,242.45
2,39.93,234.0,238.25
2,39.92,165.8,196.31
2,39.92,150.7,221.9
1,39.9,138.0,194.58
2,39.87,270.0,283.75
2,39.87,215.1,279.53
2,39.86,172.1,235.05
2,39.79,166.5,196.88
2,39.76,262.7,329.57
2,39.75,179.4,216.53
2,39.74,213.0,251.69
2,39.74,212.3,241.99
2,39.68,210.9,262.61
2,39.67,143.7,154.89
2,39.66,265.5,337.06
2,39.64,205.3,261.62
2,39.63,199.7,267.42
2,39.61,225.0,271.2
2,39.59,120.0,182.06
2,39.59,196.9,248.51
2,39.55,162.3,206.68
2,39.54,206.0,238.75
2,39.54,197.6,258.53
2,39.54,120.0,133.5
2,39.53,172.4,179.15
2,39.5,265.5,288.75
2,39.46,189.2,230.05
2,39.45,102.0,137.5
2,39.45,252.2,260.45
2,39.45,150.0,195.29
2,39.44,150.7,158.96
2,39.43,210.2,263.87
2,39.4,167.2,254.66
2,39.39,213.7,223.89
2,39.35,227.0,249.44
2,39.34,238.9,253.36
2,39.33,175.2,255.5
2,39.33,150.0,164.69
1,39.3,150.0,157.94
1,39.3,254.3,258.55
1,39.3,215.0,254.0
2,39.28,143.0,160.13
2,39.27,143.0,209.71
2,39.24,208.1,262.8
2,39.24,244.5,332.13
2,39.23,228.4,234.9
2,39.21,161.2,173.14
1,39.2,55.5,57.0
2,39.19,286.0,325.69
2,39.19,250.8,252.3
2,39.18,150.0,170.0
2,39.17,167.5,219.25
2,39.17,240.0,267.69
2,39.16,180.1,254.18
2,39.15,257.1,287.79
2,39.13,144.4,179.41
2,39.1,165.8,200.18
2,39.1,140.9,172.63
2,39.1,194.8,204.99
1,39.1,160.2,221.2
2,39.08,258.5,284.19
2,39.08,145.8,149.8
2,39.08,185.0,208.63
2,39.07,236.1,322.4
2,39.06,224.44,239.63
2,39.02,220.0,260.01
1,39.0,194.1,245.14
2,38.98,173.8,255.83
2,38.97,183.6,239.23
2,38.96,250.8,263.49
2,38.96,206.0,218.69
2,38.92,164.0,242.41
2,38.92,241.7,275.95
1,38.9,229.1,281.79
2,38.9,154.2,159.2
1,38.9,205.3,212.6
2,38.89,162.3,216.48
2,38.88,145.8,178.98
2,38.86,160.2,209.5
2,38.86,255.7,282.27
2,38.85,233.3,248.74
2,38.83,158.8,249.47
2,38.82,271.1,344.38
2,38.81,191.3,241.44
2,38.81,154.0,161.75
2,38.8,207.4,267.09
1,38.8,163.7,183.58
2,38.77,300.0,361.2
2,38.75,178.7,268.1
2,38.74,162.3,198.96
2,38.73,120.0,124.0
2,38.72,140.0,141.0
2,38.71,166.8,227.48
2,38.71,231.0,260.44
1,38.7,70.0,80.94
1,38.7,163.7,237.08
2,38.69,199.0,255.77
2,38.68,230.5,281.35
2,38.67,161.9,165.15
2,38.67,239.6,277.85
2,38.67,169.6,206.67
2,38.66,130.0,151.35
2,38.66,70.0,82.69
2,38.65,179.4,213.98
2,38.62,164.7,236.94
2,38.61,181.5,196.69
1,38.6,189.0,218.69
2,38.58,145.0,178.2
2,38.56,163.7,242.45
2,38.55,139.5,150.25
2,38.55,178.0,252.01
2,38.53,196.2,225.14
2,38.52,70.0,82.69
2,38.52,164.7,242.27
2,38.51,212.3,249.99
2,38.51,203.9,273.21
1,38.5,160.2,228.21
1,38.5,160.9,200.47
1,38.5,204.6,257.74
2,38.49,237.5,268.08
2,38.49,160.9,179.03
2,38.46,70.0,79.0
2,38.43,177.3,222.69
2,38.43,145.1,155.29
2,38.41,166.1,171.1
2,38.41,199.7,276.57
2,38.4,142.3,152.49
1,38.4,138.1,168.98
1,38.4,194.8,245.99
2,38.39,250.8,254.05
2,38.38,185.0,186.0
2,38.38,206.7,271.25
2,38.37,172.4,218.29
2,38.36,181.5,230.88
2,38.35,179.4,288.59
2,38.34,157.4,197.4
2,38.33,157.4,205.78
2,38.32,158.1,207.48
2,38.32,162.6,207.49
2,38.31,179.8,210.81
1,38.3,138.1,188.29
2,38.3,200.0,201.0
1,38.3,140.2,146.95
1,38.3,70.0,80.19
2,38.29,219.3,290.04
2,38.29,203.2,240.89
2,38.27,205.3,248.74
2,38.26,138.8,184.19
2,38.25,159.5,190.88
2,38.25,70.0,98.88
2,38.24,189.2,237.77
2,38.23,138.8,205.43
2,38.23,240.0,289.2
2,38.2,166.1,168.85
1,38.2,159.5,239.84
2,38.19,158.8,188.81
2,38.19,184.3,205.49
2,38.19,122.11,140.24
2,38.18,173.1,201.23
2,38.16,199.0,222.09
2,38.16,193.4,247.31
2,38.15,203.2,232.27
2,38.13,202.0,278.71
2,38.11,158.8,223.85
2,38.1,158.8,200.18
2,38.09,201.8,241.99
2,38.08,180.0,205.07
2,38.07,149.7,225.28
2,38.07,169.0,175.0
2,38.07,150.0,168.13
2,38.06,157.4,187.78
2,38.06,248.0,328.44
2,38.05,141.6,144.1
2,38.05,138.1,179.15
2,38.04,138.8,182.64
2,38.04,157.4,249.61
2,38.03,136.7,184.25
2,38.0,140.9,189.29
1,38.0,138.8,170.11
2,38.0,162.6,203.98
2,37.97,70.0,73.25
2,37.97,182.9,249.21
2,37.96,160.0,177.0
2,37.95,137.4,157.03
2,37.94,156.0,231.26
2,37.93,145.0,185.28
2,37.92,231.2,260.27
2,37.9,240.0,254.38
2,37.89,156.7,194.45
2,37.86,230.0,287.28
2,37.86,156.0,206.01
2,37.82,150.0,179.38
2,37.82,175.9,204.53
2,37.82,70.0,82.69
2,37.8,164.7,184.7
2,37.79,155.3,189.99
2,37.77,158.8,203.31
2,37.74,154.6,186.61
2,37.74,217.9,287.69
2,37.74,166.1,218.11
2,37.73,162.6,232.11
2,37.73,156.0,208.38
2,37.73,206.7,238.58
2,37.72,135.3,182.57
1,37.7,259.0,340.38
2,37.7,164.0,200.75
2,37.7,120.0,133.5
1,37.7,155.3,214.02
2,37.69,245.0,290.66
2,37.68,182.2,193.14
2,37.68,156.0,205.85
2,37.67,160.0,162.75
2,37.67,143.7,216.98
2,37.66,140.0,142.75
2,37.65,220.0,266.95
2,37.64,159.5,238.46
2,37.64,157.4,196.41
2,37.64,200.0,242.95
2,37.62,136.0,174.48
2,37.61,211.6,268.25
1,37.6,140.9,144.9
1,37.6,150.0,193.09
1,37.6,158.8,223.62
2,37.59,166.8,215.04
2,37.58,156.7,210.65
2,37.57,213.0,237.68
2,37.56,179.4,248.73
2,37.56,222.8,246.05
2,37.56,191.3,221.49
2,37.54,220.7,227.95
2,37.53,155.3,224.42
2,37.51,164.7,238.7
2,37.51,161.9,179.53
1,37.5,204.6,214.29
2,37.5,158.4,174.53
2,37.48,185.0,220.07
2,37.48,203.9,227.9
2,37.47,158.1,196.73
2,37.47,191.3,218.99
2,37.44,155.3,235.82
2,37.44,196.9,249.36
2,37.42,167.5,226.51
2,37.41,168.9,170.4
1,37.4,160.2,176.83
1,37.4,244.5,275.69
2,37.4,136.7,186.4
1,37.4,3.0,8.0
2,37.39,154.6,228.6
2,37.39,162.6,214.57
2,37.39,222.1,230.35
2,37.39,203.2,211.64
2,37.38,175.0,212.95
2,37.37,165.1,234.98
2,37.36,115.0,130.75
2,37.36,202.5,272.33
2,37.36,153.2,191.71
2,37.35,153.9,249.7
2,37.34,153.9,191.65
2,37.34,193.4,243.96
2,37.34,150.0,199.66
2,37.31,70.0,95.09
2,37.31,194.1,204.29
2,37.31,155.3,197.31
1,37.3,206.0,211.0
1,37.3,150.0,160.0
1,37.3,180.0,214.69
1,37.3,199.0,212.69
2,37.28,194.8,199.1
2,37.28,215.0,262.01
2,37.28,153.9,209.91
2,37.27,173.8,213.81
2,37.27,220.0,233.44
2,37.26,194.8,239.76
2,37.26,200.0,230.01
2,37.24,159.1,186.04
2,37.22,155.3,188.74
2,37.22,153.9,189.45
2,37.21,133.9,173.28
2,37.2,153.9,176.34
2,37.2,159.8,229.07
2,37.2,150.0,199.01
1,37.2,240.3,269.55
2,37.19,120.0,128.5
2,37.18,189.2,229.44
2,37.16,70.0,94.83
2,37.16,175.9,187.09
2,37.16,156.0,236.95
2,37.16,228.4,237.65
2,37.15,153.9,185.28
2,37.14,133.2,181.25
2,37.14,157.4,209.35
2,37.12,153.2,184.58
2,37.12,260.0,293.32
1,37.1,133.9,181.34
1,37.1,150.0,191.38
1,37.1,195.5,216.69
2,37.09,136.0,162.13
2,37.09,153.2,184.83
2,37.08,244.5,246.0
2,37.07,153.9,185.28
2,37.07,70.0,82.69
2,37.05,180.0,257.1
2,37.03,152.5,258.59
2,37.01,153.2,221.5
2,37.01,135.3,191.54
1,37.0,242.4,255.65
1,37.0,152.5,200.0
1,37.0,152.5,182.51
2,36.99,180.0,226.28
2,36.99,105.0,107.75
2,36.98,190.0,216.63
2,36.97,159.1,204.6
2,36.97,157.0,213.68
2,36.97,153.2,193.58
2,36.96,196.9,246.89
2,36.96,157.7,194.95
2,36.94,152.5,204.76
2,36.93,228.4,263.97
2,36.93,153.2,203.21
2,36.92,169.0,214.43
2,36.92,151.8,217.82
1,36.9,3.0,44.48
1,36.9,153.9,189.16
2,36.9,190.6,210.79
1,36.9,215.1,230.29
2,36.89,159.1,230.03
2,36.89,153.9,183.28
2,36.89,161.2,200.65
2,36.89,152.5,224.66
2,36.88,161.2,232.25
2,36.88,153.9,241.16
2,36.87,180.0,205.07
2,36.87,125.0,127.75
2,36.86,229.8,238.05
2,36.86,152.5,187.01
2,36.86,181.5,191.19
2,36.85,153.2,224.15
2,36.85,152.5,181.88
2,36.84,174.9,199.97
2,36.84,153.2,180.7
2,36.83,175.0,191.25
2,36.83,70.0,82.69
2,36.83,148.0,170.44
2,36.83,175.0,243.91
2,36.82,224.75,304.76
2,36.82,153.9,232.82
2,36.82,182.2,240.05
2,36.82,151.8,180.55
2,36.81,151.4,190.47
2,36.8,155.3,173.43
2,36.8,151.8,216.19
1,36.8,151.8,201.18
2,36.8,157.4,206.58
1,36.8,199.7,250.89
2,36.79,151.8,221.77
2,36.78,250.0,275.07
2,36.77,136.7,150.39
2,36.76,133.2,188.72
2,36.75,178.0,239.81
2,36.75,133.2,191.58
2,36.75,220.7,275.59
2,36.75,155.3,221.42
2,36.75,153.2,200.95
2,36.74,152.5,182.88
2,36.74,100.0,101.0
2,36.73,140.0,216.73
2,36.72,153.2,182.58
2,36.72,160.0,223.1
2,36.71,153.2,230.75
2,36.71,157.7,211.71
2,36.7,151.1,186.48
2,36.7,250.0,257.94
2,36.7,216.5,277.68
1,36.7,36.5,38.0
1,36.7,140.0,168.0
1,36.7,0.0,27.38
2,36.7,138.8,143.05
2,36.68,155.3,183.55
2,36.68,168.2,181.89
2,36.67,152.8,168.3
2,36.66,156.3,191.46
2,36.66,158.8,223.97
2,36.64,242.4,253.59
2,36.62,219.3,275.71
1,36.6,152.5,189.13
1,36.6,152.5,200.01
1,36.6,250.0,273.07
2,36.6,190.6,243.05
1,36.6,199.0,216.96
2,36.59,219.3,280.1
2,36.58,166.8,222.05
2,36.58,154.0,183.38
2,36.58,138.8,174.81
2,36.56,151.8,185.68
2,36.55,151.8,208.68
2,36.55,200.0,251.28
2,36.55,70.0,82.69
2,36.53,151.1,233.63
2,36.53,153.2,221.05
2,36.51,175.0,204.38
1,36.5,153.2,195.08
1,36.5,140.2,233.95
1,36.5,120.0,147.3
2,36.48,161.9,237.14
2,36.47,214.4,262.03
2,36.47,190.6,207.73
2,36.46,152.5,197.01
2,36.45,154.6,184.61
2,36.45,190.6,221.79
2,36.45,153.2,221.15
2,36.45,137.4,154.53
2,36.44,200.0,207.75
2,36.43,131.8,195.02
2,36.42,196.2,228.89
2,36.42,70.0,82.69
2,36.42,168.9,181.65
2,36.41,253.6,323.98
2,36.41,151.4,219.74
1,36.4,131.8,160.37
1,36.4,136.0,141.0
2,36.4,187.1,243.97
1,36.4,191.3,219.74
1,36.4,150.0,152.75
1,36.4,149.0,150.0
1,36.4,154.6,200.61
2,36.39,187.1,222.29
2,36.39,151.8,212.43
2,36.39,151.1,222.91
2,36.39,150.4,223.94
2,36.38,150.4,189.91
2,36.36,150.4,225.74
2,36.35,171.0,209.26
2,36.34,155.3,230.54
2,36.34,133.2,187.25
2,36.34,151.1,182.73
2,36.33,192.0,202.19
2,36.31,157.0,234.07
1,36.3,151.1,175.17
1,36.3,150.4,180.41
2,36.3,191.3,238.31
1,36.3,191.3,228.99
2,36.29,150.4,181.78
2,36.29,171.0,226.31
2,36.29,70.0,86.69
2,36.27,200.4,246.48
2,36.27,138.1,170.47
2,36.26,131.1,150.73
2,36.26,150.4,185.96
2,36.25,138.8,161.24
2,36.25,199.0,267.78
2,36.22,185.7,206.89
2,36.22,253.6,327.7
2,36.21,231.9,305.17
2,36.2,156.0,186.38
1,36.2,152.5,208.13
1,36.2,149.7,224.06
1,36.2,247.0,264.94
1,36.2,200.0,232.01
2,36.19,151.8,179.87
2,36.19,171.7,205.08
2,36.18,156.3,227.87
2,36.17,175.0,204.44
2,36.17,192.7,196.7
2,36.17,70.0,90.96
2,36.17,236.8,296.04
2,36.16,140.9,171.84
2,36.15,156.0,188.01
2,36.15,155.6,216.8
2,36.14,149.7,190.58
2,36.11,230.5,281.7
2,36.11,234.0,237.25
2,36.11,190.6,220.79
1,36.1,152.5,202.98
1,36.1,150.4,212.83
2,36.1,152.5,214.98
2,36.1,183.6,207.67
1,36.1,163.3,209.34
1,36.1,150.4,194.91
2,36.1,175.9,186.09
2,36.08,149.7,249.79
2,36.08,166.8,197.99
2,36.08,180.0,230.76
2,36.07,220.0,248.75
2,36.06,152.5,248.29
2,36.06,154.0,181.5
2,36.06,149.0,222.11
2,36.06,149.7,218.06
2,36.06,176.6,220.82
2,36.04,130.4,155.47
2,36.04,229.8,314.84
2,36.04,187.8,233.55
2,36.04,130.4,180.89
2,36.02,151.1,246.41
2,36.02,131.1,155.17
2,36.02,70.0,155.19
2,36.02,70.0,82.69
2,36.01,185.0,252.33
1,36.0,192.7,240.39
2,36.0,131.1,135.35
1,36.0,150.4,222.41
2,36.0,149.7,180.19
1,36.0,151.1,194.48
2,36.0,188.5,203.69
1,36.0,249.0,279.26
2,35.99,133.2,155.52
2,35.98,151.4,181.78
2,35.98,184.3,234.55
2,35.98,149.7,220.7
2,35.97,150.4,240.0
2,35.96,200.4,225.09
2,35.93,149.0,216.11
2,35.92,70.0,97.13
2,35.91,136.7,161.89
2,35.91,152.5,185.07
1,35.9,203.9,271.64
2,35.9,149.7,196.08
1,35.9,148.3,178.31
2,35.9,157.0,224.06
1,35.9,129.7,167.83
1,35.9,149.0,195.26
2,35.89,200.0,248.01
2,35.89,138.8,167.87
2,35.88,151.8,184.55
2,35.87,226.3,229.55
2,35.87,192.0,249.48
2,35.86,150.0,197.26
2,35.85,149.7,188.71
2,35.83,150.0,160.0
2,35.82,150.0,179.69
2,35.81,179.4,227.16
2,35.81,130.4,174.11
2,35.81,151.1,211.11
1,35.8,150.4,228.01
1,35.8,148.3,174.43
2,35.8,163.3,209.39
2,35.8,263.4,272.84
2,35.8,154.9,186.91
2,35.76,151.1,228.23
2,35.73,230.5,236.25
2,35.73,161.9,194.67
1,35.7,216.5,230.5
2,35.7,150.4,181.41
1,35.7,70.0,94.53
2,35.7,129.0,142.25
1,35.7,193.4,203.59
1,35.7,200.0,238.25
2,35.7,128.3,175.37
1,35.7,129.0,139.19
2,35.69,203.9,273.42
2,35.68,150.0,182.01
2,35.68,148.3,214.82
2,35.67,149.3,216.02
2,35.67,210.2,284.86
2,35.67,130.4,177.89
2,35.65,184.3,196.99
2,35.64,229.8,236.55
2,35.62,184.3,242.62
2,35.62,200.0,244.2
1,35.6,129.7,152.45
2,35.6,189.2,209.39
1,35.6,156.7,278.58
1,35.6,150.4,216.46
1,35.6,204.6,260.79
2,35.59,131.8,136.05
2,35.57,138.1,177.6
2,35.55,202.5,232.69
2,35.54,165.0,166.0
2,35.53,199.0,209.94
2,35.53,115.0,135.13
2,35.53,163.3,209.39
2,35.51,149.7,200.21
2,35.5,129.7,146.05
2,35.5,149.7,202.04
1,35.5,155.3,203.58
2,35.5,150.0,207.33
1,35.5,129.7,183.92
1,35.5,140.0,152.75
2,35.49,70.0,80.94
2,35.49,128.3,175.37
2,35.46,70.0,110.44
2,35.44,159.0,226.95
2,35.44,161.2,188.77
2,35.43,129.7,146.83
2,35.43,218.6,254.54
2,35.42,149.0,179.38
2,35.42,146.5,177.06
2,35.41,149.0,173.07
2,35.4,70.0,85.69
1,35.4,187.1,218.04
2,35.4,145.1,149.1
2,35.39,180.8,239.55
2,35.39,145.0,175.26
2,35.38,160.5,221.58
2,35.37,150.0,168.18
2,35.37,70.0,100.0
2,35.37,120.0,133.25
2,35.36,230.0,314.06
2,35.36,180.0,196.38
2,35.34,222.1,271.27
2,35.32,129.0,137.25
2,35.32,250.0,311.28
2,35.32,146.2,172.08
2,35.31,128.3,138.49
1,35.3,146.9,209.91
1,35.3,162.6,210.95
2,35.29,148.3,165.93
2,35.28,150.4,200.78
2,35.27,203.2,209.7
2,35.27,251.5,294.82
2,35.26,147.6,187.98
2,35.24,140.9,205.54
2,35.24,133.9,149.09
2,35.2,173.8,230.92
1,35.2,200.0,225.75
1,35.2,211.6,232.85
2,35.19,70.0,103.13
2,35.18,149.7,184.83
2,35.15,159.1,204.35
2,35.13,115.0,140.5
2,35.13,149.0,180.01
2,35.13,70.0,97.13
2,35.12,181.9,207.77
2,35.12,125.0,151.2
2,35.11,180.8,230.04
2,35.11,147.9,179.91
1,35.1,182.9,193.09
1,35.1,216.0,256.07
2,35.1,132.5,170.63
2,35.09,179.4,224.83
2,35.09,146.9,226.03
2,35.08,145.1,174.48
2,35.07,200.4,215.09
2,35.06,129.7,159.63
2,35.06,133.9,172.92
2,35.05,151.4,232.14
2,35.03,126.2,145.83
2,35.02,127.6,141.29
2,35.02,134.6,142.78
2,35.01,235.4,290.23
2,35.0,155.6,214.05
2,34.99,180.1,190.29
2,34.97,200.0,231.38
2,34.97,131.1,169.55
2,34.97,273.0,363.91
2,34.96,142.3,223.11
2,34.94,145.1,211.43
2,34.94,125.0,160.0
2,34.94,175.2,187.14
2,34.93,147.2,157.39
2,34.92,145.5,180.01
2,34.91,141.6,173.47
1,34.9,162.3,191.99
1,34.9,136.0,158.82
1,34.9,126.2,173.18
2,34.9,170.0,245.64
1,34.9,127.6,172.54
2,34.89,194.8,227.68
2,34.86,201.1,226.29
2,34.86,164.0,182.87
2,34.85,176.6,186.79
2,34.84,182.2,219.89
2,34.83,145.5,175.88
2,34.82,189.2,250.18
2,34.82,148.3,176.55
2,34.82,125.5,144.75
2,34.82,125.5,149.96
2,34.82,175.2,201.93
2,34.81,165.0,188.07
1,34.8,125.5,140.5
1,34.8,183.6,235.54
2,34.8,144.4,210.59
1,34.8,200.0,214.38
2,34.8,127.6,170.75
2,34.8,145.5,240.67
1,34.8,144.8,227.91
1,34.8,133.2,171.8
2,34.8,131.1,137.85
2,34.79,182.2,234.33
2,34.77,243.1,261.35
2,34.76,148.3,173.87
2,34.74,234.0,235.5
2,34.74,161.9,207.36
2,34.74,146.9,197.09
2,34.72,173.8,243.41
2,34.72,228.4,254.14
2,34.72,201.8,260.04
2,34.71,219.3,275.04
1,34.7,206.7,299.95
2,34.7,130.4,143.65
1,34.7,144.8,161.43
1,34.7,126.9,137.09
2,34.68,146.9,181.41
2,34.68,195.0,253.66
2,34.68,152.5,219.08
2,34.66,182.9,237.66
2,34.64,173.1,197.54
2,34.64,207.4,259.98
2,34.62,145.5,186.88
2,34.62,190.6,196.85
2,34.62,70.0,82.69
1,34.6,148.6,193.83
1,34.6,229.1,230.6
1,34.6,210.0,212.75
1,34.6,208.8,219.55
2,34.59,126.2,214.39
2,34.59,70.0,85.75
2,34.55,121.5,179.86
2,34.55,146.9,188.46
2,34.55,127.6,133.35
2,34.55,158.4,197.88
2,34.54,200.0,239.44
2,34.52,126.2,152.39
2,34.52,165.0,193.07
2,34.51,133.2,168.77
2,34.5,159.8,204.84
2,34.49,150.0,199.13
2,34.49,190.6,201.54
2,34.49,207.4,236.97
2,34.48,128.3,180.41
2,34.48,145.5,176.82
2,34.48,136.7,175.15
2,34.47,70.0,83.44
2,34.46,97.0,125.07
2,34.46,164.7,210.72
2,34.46,176.6,233.33
2,34.45,175.2,212.89
2,34.44,210.9,229.15
2,34.44,210.0,220.44
2,34.43,175.2,195.89
2,34.42,124.1,161.23
1,34.4,210.0,253.75
1,34.4,164.0,211.08
1,34.4,161.2,214.24
2,34.4,142.3,181.31
1,34.4,146.9,174.97
2,34.38,209.5,239.07
2,34.37,238.9,283.65
2,34.36,70.0,99.23
2,34.35,211.6,224.95
2,34.34,170.0,237.91
2,34.34,70.0,73.25
2,34.33,70.0,80.94
2,34.31,200.0,249.3
1,34.3,170.0,180.75
1,34.3,124.1,185.67
1,34.3,149.0,190.45
1,34.3,220.0,224.25
2,34.29,152.8,166.24
2,34.26,200.0,230.01
2,34.26,70.0,96.23
2,34.26,122.7,191.77
2,34.25,157.7,209.52
2,34.24,141.11,172.05
2,34.23,157.7,202.32
2,34.22,200.0,207.75
2,34.22,169.6,187.73
2,34.22,159.1,171.79
2,34.22,130.4,177.93
2,34.21,70.0,85.8
2,34.21,144.8,198.05
2,34.21,125.5,163.63
1,34.2,191.3,195.3
1,34.2,147.6,175.67
1,34.2,73.5,75.0
1,34.2,127.6,205.74
1,34.2,124.1,146.92
2,34.19,156.3,167.49
2,34.19,245.0,297.5
2,34.18,171.7,200.0
2,34.15,175.9,193.03
2,34.15,217.9,257.41
2,34.14,171.7,181.39
2,34.14,199.7,216.88
2,34.13,169.6,213.67
2,34.12,124.8,171.84
2,34.1,145.5,193.57
1,34.1,70.0,84.0
1,34.1,193.4,234.77
1,34.1,62.5,64.0
2,34.08,210.9,231.65
2,34.07,217.9,221.15
2,34.05,146.9,178.84
2,34.05,211.6,232.79
2,34.05,126.2,129.45
2,34.04,171.7,188.83
2,34.04,70.0,97.13
2,34.02,167.0,187.44
2,34.01,173.8,221.04
1,34.0,136.0,141.0
1,34.0,227.5,276.3
2,34.0,150.0,180.01
2,33.99,138.8,193.24
2,33.98,160.0,190.01
2,33.98,168.2,229.3
2,33.96,187.8,252.52
2,33.96,186.4,238.01
2,33.95,122.7,159.47
2,33.94,171.7,201.89
2,33.93,161.9,177.59
2,33.93,250.0,298.07
2,33.93,70.0,87.69
2,33.93,171.0,238.27
2,33.93,124.1,134.29
2,33.92,212.3,267.84
2,33.92,136.7,184.27
2,33.92,182.2,223.39
1,33.9,160.0,194.44
1,33.9,219.3,222.55
1,33.9,142.0,190.38
2,33.9,173.1,216.28
1,33.9,141.3,182.55
1,33.9,160.0,178.13
2,33.89,150.0,151.0
2,33.88,163.0,227.58
2,33.87,199.0,230.75
2,33.85,228.4,246.65
2,33.85,190.6,204.6
2,33.84,173.8,220.79
2,33.82,161.2,188.89
1,33.8,143.4,181.78
2,33.79,171.0,220.08
2,33.78,154.9,172.03
2,33.78,166.8,180.17
2,33.78,245.0,287.75
2,33.78,70.0,87.88
2,33.77,70.0,75.75
2,33.76,207.4,235.34
2,33.76,150.0,200.07
2,33.75,146.5,171.57
2,33.74,227.0,243.38
2,33.74,143.4,146.15
2,33.74,172.4,221.76
2,33.73,122.7,175.27
2,33.73,70.0,97.13
2,33.72,154.9,204.96
2,33.7,130.0,191.66
1,33.7,173.8,221.69
1,33.7,70.0,109.59
1,33.7,140.0,163.07
2,33.7,136.0,199.8
2,33.69,196.9,214.08
2,33.69,169.6,214.8
2,33.67,200.0,201.0
2,33.67,141.6,184.87
2,33.67,150.0,244.97
2,33.65,212.3,230.55
2,33.63,137.0,190.98
2,33.62,173.1,193.29
2,33.61,280.0,319.19
2,33.61,147.9,183.09
2,33.6,220.0,243.75
1,33.6,58.5,60.0
2,33.6,159.8,165.55
2,33.58,142.0,182.93
2,33.57,70.0,97.44
2,33.56,226.0,260.69
2,33.56,124.8,149.45
2,33.54,210.9,220.15
2,33.54,148.3,152.05
2,33.54,180.1,204.29
2,33.53,157.0,167.19
2,33.53,201.8,214.66
2,33.52,148.6,179.61
2,33.52,215.1,219.35
2,33.5,212.3,216.55
1,33.5,118.0,145.44
1,33.5,121.3,139.55
1,33.5,192.0,245.37
2,33.47,122.7,186.32
2,33.47,122.7,170.77
2,33.47,138.1,180.05
2,33.46,143.4,188.41
2,33.46,150.7,194.27
2,33.45,163.0,215.42
2,33.45,204.6,289.65
2,33.44,120.6,171.85
2,33.43,153.5,205.08
2,33.43,217.9,241.15
2,33.43,160.0,162.76
2,33.42,122.0,137.88
2,33.42,124.8,167.64
1,33.4,192.7,228.45
1,33.4,123.4,141.78
1,33.4,123.4,160.29
1,33.4,69.0,70.0
1,33.4,75.5,77.0
1,33.4,51.5,53.0
1,33.4,150.0,157.94
2,33.4,150.0,179.69
2,33.4,192.0,196.25
2,33.38,176.6,188.53
2,33.38,225.0,259.38
2,33.38,150.0,172.0
2,33.36,100.0,101.0
2,33.36,139.9,201.21
2,33.36,110.0,164.29
2,33.35,158.0,219.33
2,33.35,133.9,174.91
2,33.34,200.0,221.32
2,33.33,200.0,216.38
2,33.31,187.8,239.99
1,33.3,70.0,99.19
1,33.3,151.8,221.96
2,33.3,150.0,165.5
1,33.3,51.5,53.0
1,33.3,196.2,204.45
1,33.3,70.0,73.25
1,33.3,142.0,206.47
1,33.3,147.2,192.44
2,33.29,40.8,71.09
2,33.28,128.3,178.37
2,33.27,70.0,101.17
2,33.26,210.9,256.98
2,33.25,147.6,199.02
2,33.25,274.0,362.71
2,33.25,170.3,184.49
2,33.24,123.4,175.69
2,33.24,257.0,276.88
2,33.24,250.0,302.95
2,33.23,125.5,224.88
2,33.22,160.0,210.25
2,33.22,141.3,173.07
2,33.22,199.0,273.33
1,33.2,127.6,131.61
2,33.19,167.5,180.19
2,33.19,144.1,191.93
2,33.18,171.0,248.21
2,33.17,133.2,144.14
2,33.17,131.8,170.04
2,33.16,70.0,96.46
2,33.16,152.8,163.74
2,33.14,138.5,192.98
2,33.14,142.0,189.57
2,33.13,178.0,192.69
2,33.13,70.0,80.94
2,33.12,125.5,146.75
2,33.11,167.0,187.5
2,33.11,70.0,82.69
2,33.11,140.0,158.13
1,33.1,131.1,172.54
1,33.1,138.5,168.13
1,33.1,40.5,42.0
2,33.1,210.9,257.83
1,33.1,141.3,157.93
2,33.1,208.1,245.17
2,33.1,120.0,151.25
2,33.1,70.0,117.33
1,33.1,168.9,214.89
2,33.1,120.0,134.0
2,33.09,127.6,143.48
2,33.09,70.0,86.44
2,33.08,122.7,160.39
2,33.07,212.3,216.55
2,33.07,122.0,134.69
2,33.06,184.3,249.99
2,33.06,152.1,188.29
2,33.06,168.2,214.92
2,33.05,186.4,232.4
2,33.04,70.0,82.69
2,33.04,168.0,189.19
2,33.04,192.7,222.77
2,33.02,224.2,264.95
2,33.02,139.9,168.34
2,33.02,120.0,121.0
2,33.01,150.0,153.5
2,33.01,140.6,201.65
2,33.0,167.0,235.31
1,33.0,224.0,270.0
2,32.99,208.1,212.35
2,32.98,139.9,177.34
2,32.98,142.0,186.07
2,32.96,120.6,155.47
2,32.96,151.4,197.76
2,32.96,70.0,85.94
2,32.96,194.1,229.29
2,32.96,150.0,188.95
2,32.96,189.9,232.63
2,32.96,139.2,188.77
2,32.95,190.0,212.75
2,32.93,187.1,201.1
2,32.92,70.0,101.18
2,32.92,120.6,130.79
2,32.91,167.5,212.88
2,32.9,189.2,200.14
1,32.9,70.0,80.94
1,32.9,150.7,161.89
2,32.9,70.0,83.51
2,32.88,118.5,155.28
2,32.88,182.9,206.9
2,32.88,212.3,272.04
2,32.87,139.2,171.14
2,32.84,171.7,211.33
2,32.84,118.5,177.93
2,32.84,250.0,301.2
2,32.84,150.4,173.47
2,32.83,174.5,179.5
2,32.82,151.8,221.96
2,32.82,178.0,231.46
2,32.82,138.5,210.71
2,32.81,228.5,274.24
2,32.81,143.4,189.97
1,32.8,182.9,224.55
1,32.8,200.0,216.38
1,32.8,189.2,245.24
1,32.8,70.0,90.94
2,32.79,208.1,212.35
2,32.79,200.0,257.28
2,32.79,163.3,225.69
2,32.79,123.4,169.18
2,32.78,137.8,214.74
2,32.76,128.0,151.07
2,32.76,138.5,176.57
2,32.76,70.0,82.69
2,32.75,138.1,194.6
2,32.74,200.0,249.69
2,32.72,129.7,152.39
1,32.7,180.0,204.0
1,32.7,0.0,23.07
1,32.7,70.0,86.82
2,32.69,225.0,247.69
2,32.69,129.0,133.0
2,32.68,134.6,157.67
2,32.68,210.9,216.65
2,32.67,165.4,178.09
2,32.67,145.5,164.43
2,32.67,70.0,94.25
2,32.67,70.0,103.13
2,32.66,205.3,207.8
2,32.65,138.5,177.27
2,32.64,128.3,155.91
2,32.64,70.0,101.17
2,32.64,144.1,210.56
2,32.64,70.0,98.59
2,32.63,119.2,129.39
2,32.63,109.0,121.19
2,32.61,70.0,80.94
2,32.61,119.2,141.89
1,32.6,192.7,241.1
2,32.6,156.3,180.74
1,32.6,70.0,150.69
1,32.6,180.0,220.07
2,32.6,70.0,96.07
1,32.6,141.6,151.79
1,32.6,70.0,74.0
2,32.59,133.2,158.14
2,32.59,70.0,80.19
2,32.58,201.8,240.37
2,32.58,170.0,173.5
2,32.57,163.3,207.84
2,32.56,185.0,251.44
2,32.56,137.1,170.55
2,32.55,142.3,182.64
2,32.54,192.0,195.25
2,32.54,180.8,204.05
2,32.53,177.3,214.24
2,32.53,187.8,227.05
2,32.53,137.1,177.17
2,32.53,127.6,159.61
2,32.52,141.3,189.22
2,32.51,70.0,97.13
2,32.5,147.2,190.07
2,32.5,150.0,176.19
2,32.5,228.4,231.65
2,32.5,122.7,133.45
1,32.5,151.4,172.59
1,32.5,125.0,175.09
1,32.5,142.0,187.07
2,32.5,141.3,219.44
1,32.5,70.0,82.69
1,32.5,150.0,181.2
2,32.48,187.1,191.1
2,32.48,167.5,180.19
2,32.47,220.0,227.75
2,32.47,190.0,197.75
2,32.47,135.0,179.26
2,32.47,70.0,97.13
2,32.46,122.0,133.19
2,32.45,208.8,280.29
2,32.43,117.1,166.25
2,32.43,196.2,225.27
2,32.42,116.4,176.36
2,32.41,160.0,176.38
2,32.41,70.0,74.0
1,32.4,70.0,82.69
2,32.4,225.6,250.35
1,32.4,62.5,64.0
1,32.4,186.4,195.65
1,32.4,120.0,131.0
2,32.4,142.7,177.08
2,32.39,143.0,175.76
2,32.39,124.8,134.99
2,32.38,162.6,183.79
2,32.38,152.8,182.99
2,32.38,201.8,275.49
2,32.37,146.9,189.97
2,32.36,70.0,105.23
2,32.36,201.1,244.13
2,32.35,136.4,220.38
2,32.35,129.0,182.13
2,32.35,115.7,150.14
2,32.35,159.8,202.49
2,32.35,142.3,168.49
2,32.35,131.8,162.81
2,32.34,140.6,185.22
2,32.34,129.7,139.89
2,32.33,135.7,170.14
2,32.32,127.6,179.7
2,32.31,117.1,127.29
2,32.31,173.1,213.72
2,32.31,70.0,98.88
2,32.31,180.0,201.82
2,32.3,135.7,168.77
1,32.3,118.5,154.35
1,32.3,194.1,242.8
1,32.3,196.2,205.45
1,32.3,165.0,213.32
2,32.28,187.8,193.55
2,32.28,147.9,159.09
2,32.27,149.7,217.44
2,32.27,150.0,215.07
2,32.27,150.7,193.92
2,32.26,200.4,203.65
2,32.26,95.5,117.94
2,32.25,200.4,245.23
2,32.25,145.8,156.99
2,32.25,153.9,181.47
2,32.24,159.1,171.79
2,32.24,122.7,162.12
2,32.22,170.3,194.99
2,32.21,137.1,175.17
2,32.21,163.3,188.49
2,32.21,143.7,204.97
1,32.2,181.5,199.75
1,32.2,155.3,208.98
1,32.2,19.5,27.94
2,32.2,127.6,150.67
1,32.2,70.0,100.94
1,32.2,117.1,151.6
1,32.2,203.9,208.15
1,32.2,135.7,153.08
1,32.2,139.2,210.14
2,32.19,142.7,165.98
2,32.19,196.2,274.17
2,32.18,201.1,212.29
2,32.17,173.8,189.49
2,32.17,223.5,285.46
2,32.16,138.5,199.88
2,32.14,135.0,165.57
2,32.14,70.0,98.88
2,32.14,182.9,236.76
2,32.13,70.0,86.49
2,32.13,187.8,196.05
2,32.13,175.2,213.79
2,32.12,172.4,191.65
2,32.11,146.0,202.53
2,32.11,138.5,168.57
2,32.11,132.5,138.25
1,32.1,70.0,85.75
1,32.1,136.4,184.19
1,32.1,163.0,207.19
1,32.1,115.0,140.07
1,32.1,160.5,180.69
2,32.1,161.2,218.2
1,32.1,146.9,186.47
2,32.1,160.0,227.66
2,32.09,135.0,172.44
2,32.09,192.7,266.97
2,32.08,142.3,183.84
2,32.08,137.8,165.87
2,32.07,162.6,172.79
2,32.07,137.4,176.76
2,32.07,122.0,170.07
2,32.05,156.3,192.36
2,32.02,125.0,173.07
2,32.01,142.0,199.38
2,32.01,192.0,211.25
1,32.0,120.6,131.54
1,32.0,67.5,75.94
1,32.0,80.5,87.2
2,32.0,185.7,188.95
1,32.0,142.7,198.92
1,32.0,76.5,78.0
1,32.0,118.5,136.63
1,32.0,70.0,79.0
2,32.0,170.0,206.95
2,31.99,141.3,200.55
2,31.99,222.8,247.87
2,31.99,135.3,141.05
2,31.99,184.3,226.26
2,31.99,70.0,80.19
2,31.98,117.1,144.04
2,31.96,130.0,199.65
2,31.96,147.9,159.09
2,31.96,155.6,198.6
2,31.95,117.8,130.49
2,31.95,2221.3,2225.3
2,31.95,115.0,126.19
2,31.94,134.3,163.74
2,31.94,221.4,237.78
2,31.92,139.5,164.57
2,31.92,119.2,171.57
2,31.91,136.4,171.84
2,31.91,194.1,267.45
2,31.9,115.7,151.92
1,31.9,55.5,57.0
2,31.9,126.9,180.81
1,31.9,70.0,99.19
2,31.89,157.7,172.89
2,31.89,122.0,150.3
2,31.88,133.6,203.7
2,31.88,136.4,150.78
2,31.87,194.1,239.82
2,31.86,134.3,168.37
2,31.85,157.0,186.38
2,31.85,203.2,282.57
2,31.85,141.6,175.71
2,31.84,190.0,262.98
2,31.83,137.8,168.55
2,31.83,160.0,181.13
2,31.82,119.2,130.39
2,31.82,172.4,184.34
2,31.81,70.0,82.69
2,31.81,135.7,214.77
2,31.81,124.1,153.36
1,31.8,140.9,153.84
1,31.8,140.6,173.17
1,31.8,119.9,133.15
1,31.8,117.8,121.05
2,31.8,141.3,170.05
1,31.8,70.0,130.94
1,31.8,139.2,177.27
1,31.8,106.0,138.79
1,31.8,186.4,192.15
1,31.8,135.7,186.67
1,31.8,225.0,266.75
1,31.8,210.9,221.09
2,31.79,199.0,213.88
2,31.79,121.3,147.43
2,31.79,118.5,134.64
2,31.79,70.0,99.23
2,31.79,118.5,124.25
2,31.78,136.4,164.47
2,31.77,152.8,161.24
2,31.76,190.0,218.07
2,31.75,119.9,179.64
2,31.74,144.4,157.09
2,31.74,135.7,169.02
2,31.74,70.0,102.92
2,31.73,129.7,140.64
2,31.73,70.0,97.13
2,31.71,161.2,175.63
2,31.7,70.0,83.69
2,31.7,117.1,183.35
2,31.7,180.0,207.69
2,31.7,152.8,196.44
2,31.69,227.0,273.13
2,31.69,119.2,159.47
2,31.69,130.4,213.0
2,31.69,117.8,176.71
2,31.68,165.4,177.34
2,31.68,145.5,161.0
2,31.67,117.8,146.16
2,31.66,146.5,171.69
2,31.65,70.0,92.69
2,31.65,178.7,195.64
2,31.64,153.5,164.69
2,31.64,198.0,221.39
2,31.62,196.2,200.45
2,31.62,202.5,231.25
1,31.6,55.5,57.0
1,31.6,120.6,131.79
1,31.6,115.0,137.5
1,31.6,68.5,76.94
2,31.59,145.0,177.69
2,31.59,114.3,152.04
2,31.58,199.0,242.35
2,31.58,70.0,80.94
2,31.57,175.9,202.09
2,31.56,70.0,97.13
2,31.56,200.4,231.15
2,31.56,138.5,172.57
2,31.55,203.2,227.27
2,31.54,119.2,146.59
2,31.54,150.0,164.69
2,31.53,70.0,80.94
2,31.53,189.2,219.27
2,31.53,160.0,221.73
2,31.53,117.1,145.32
2,31.52,118.5,165.76
2,31.52,190.6,246.06
2,31.51,70.0,100.94
1,31.5,149.7,190.2
1,31.5,31.5,33.0
1,31.5,132.9,207.47
1,31.5,141.0,192.0
1,31.5,57.5,59.0
2,31.5,156.3,173.99
1,31.5,171.0,219.05
2,31.5,70.0,99.23
1,31.5,115.0,175.81
2,31.49,193.4,227.52
2,31.48,201.1,220.35
2,31.48,157.7,193.89
2,31.47,70.0,98.88
2,31.47,190.6,263.7
2,31.47,134.3,186.17
2,31.46,122.7,133.45
2,31.46,70.0,98.88
2,31.45,133.9,142.15
2,31.45,70.0,97.13
2,31.45,70.0,98.88
2,31.45,172.4,236.96
2,31.44,250.0,268.13
2,31.43,141.6,151.79
2,31.43,135.7,151.2
2,31.43,173.8,213.31
2,31.42,150.0,202.44
2,31.42,141.3,225.09
2,31.41,156.3,205.44
2,31.41,118.5,151.07
2,31.4,143.0,175.15
1,31.4,198.3,201.55
1,31.4,70.0,99.19
2,31.39,176.6,216.67
2,31.39,188.5,235.57
2,31.39,140.9,182.16
2,31.38,139.2,157.45
2,31.38,113.6,130.79
2,31.37,206.0,253.75
2,31.37,134.3,163.74
2,31.36,70.0,80.94
2,31.36,70.0,92.19
2,31.35,70.0,97.13
2,31.35,154.2,166.13
2,31.35,124.8,175.34
2,31.35,114.3,147.91
2,31.34,117.1,155.4
2,31.34,70.0,98.88
2,31.34,133.9,149.09
2,31.34,140.9,159.09
2,31.34,157.0,202.97
2,31.34,136.4,140.15
2,31.33,145.1,155.29
2,31.32,136.4,151.15
2,31.31,154.9,166.83
2,31.31,115.0,148.75
1,31.3,120.0,153.49
1,31.3,112.9,146.4
2,31.3,143.7,174.27
1,31.3,68.5,70.0
2,31.3,70.0,97.13
1,31.3,130.4,155.97
1,31.3,168.2,206.6
2,31.29,117.1,146.29
2,31.28,114.3,125.49
2,31.28,150.0,193.43
2,31.28,138.5,174.88
2,31.27,152.8,173.99
2,31.27,116.4,120.65
2,31.27,115.0,140.44
2,31.27,130.0,153.07
2,31.26,154.2,188.71
2,31.26,124.8,134.05
2,31.24,156.3,205.04
2,31.24,70.0,71.5
2,31.24,196.2,248.52
2,31.23,70.0,97.13
2,31.23,114.3,144.37
2,31.22,114.3,127.99
2,31.22,150.7,194.27
2,31.21,135.3,201.55
2,31.21,148.6,223.95
2,31.21,143.4,193.49
2,31.2,147.2,167.39
1,31.2,168.2,221.24
1,31.2,140.0,176.25
2,31.19,140.2,189.65
2,31.19,144.8,206.49
2,31.17,132.9,210.11
2,31.17,124.0,127.5
2,31.17,110.0,124.38
2,31.17,70.0,98.88
2,31.16,70.0,93.97
2,31.15,159.1,205.8
2,31.14,147.9,189.36
2,31.13,140.9,151.09
2,31.13,114.3,144.91
2,31.12,70.0,82.69
2,31.12,116.4,133.53
2,31.12,174.5,207.13
2,31.11,131.8,175.24
2,31.11,180.0,199.69
2,31.11,148.6,190.2
2,31.1,114.3,123.74
2,31.1,114.3,126.99
1,31.1,174.5,197.75
1,31.1,135.0,159.69
1,31.1,0.0,1.0
1,31.1,70.0,103.09
1,31.1,171.7,224.24
1,31.1,120.0,121.0
2,31.09,173.1,216.34
2,31.09,140.0,157.75
2,31.08,70.0,82.69
2,31.08,131.1,139.54
2,31.07,137.8,186.01
2,31.07,70.0,105.23
2,31.05,154.2,179.39
2,31.05,151.4,174.47
2,31.05,192.0,206.25
2,31.04,70.0,98.88
2,31.04,118.5,131.19
2,31.04,174.5,179.75
2,31.04,127.6,165.0
2,31.03,119.2,171.89
2,31.03,70.0,92.69
2,31.03,173.1,225.0
2,31.02,115.0,153.55
2,31.02,142.0,173.94
2,31.01,111.5,120.75
2,31.01,70.0,80.94
2,31.01,70.0,94.88
1,31.0,67.5,69.0
1,31.0,192.7,196.95
1,31.0,120.0,142.65
1,31.0,156.3,199.74
1,31.0,157.7,177.6
2,31.0,121.3,160.79
2,30.99,70.0,97.13
2,30.98,196.9,215.15
2,30.98,70.0,92.69
2,30.98,112.2,147.72
2,30.98,120.0,137.69
2,30.98,70.0,97.13
2,30.97,206.0,250.75
2,30.96,151.4,196.56
2,30.95,132.2,172.95
2,30.95,70.0,98.88
2,30.95,112.2,123.39
2,30.95,213.7,282.7
2,30.94,174.5,196.63
2,30.94,121.3,150.36
2,30.94,113.6,134.92
2,30.93,111.5,115.75
2,30.93,129.0,160.44
2,30.93,70.0,103.13
2,30.93,143.0,184.68
2,30.92,111.5,146.88
2,30.92,173.1,208.29
2,30.92,130.4,158.53
2,30.91,151.4,173.59
2,30.91,136.4,209.61
2,30.91,70.0,75.85
2,30.9,147.9,173.34
1,30.9,199.0,230.19
1,30.9,70.0,98.75
1,30.9,182.2,229.75
1,30.9,112.9,162.82
1,30.9,180.8,234.98
2,30.89,112.9,132.59
2,30.88,111.5,161.6
2,30.88,135.7,160.02
2,30.87,180.0,204.44
2,30.87,135.3,160.04
2,30.87,70.0,98.88
2,30.87,164.7,169.7
2,30.87,147.2,158.39
2,30.87,124.1,153.72
2,30.86,70.0,98.88
2,30.85,135.3,154.3
2,30.85,140.2,172.25
2,30.85,162.6,203.74
2,30.85,115.0,154.13
2,30.85,112.0,131.63
2,30.85,180.0,245.48
2,30.83,58.3,93.84
2,30.83,143.7,154.89
2,30.82,95.0,107.19
2,30.81,185.0,207.19
2,30.81,189.2,262.77
2,30.81,167.5,206.57
1,30.8,140.2,152.89
1,30.8,70.0,80.94
1,30.8,110.8,135.74
1,30.8,113.6,143.2
1,30.8,135.7,160.45
2,30.8,70.0,101.17
1,30.8,210.0,285.31
2,30.8,177.3,226.37
1,30.8,70.0,99.23
1,30.8,131.5,161.57
1,30.8,129.0,184.19
1,30.8,70.0,90.94
2,30.8,70.0,103.68
2,30.8,141.3,150.99
2,30.8,133.6,179.11
2,30.78,70.0,101.17
2,30.77,173.8,194.55
2,30.76,115.0,131.11
2,30.75,150.0,207.23
2,30.75,167.0,190.07
2,30.75,187.8,217.87
2,30.75,120.0,123.5
2,30.73,128.3,139.49
2,30.73,158.4,168.59
2,30.73,180.0,200.5
2,30.72,135.0,156.5
2,30.71,70.0,90.69
2,30.71,180.0,199.69
2,30.71,168.9,171.4
2,30.7,150.0,176.68
1,30.7,39.5,41.0
2,30.7,117.8,159.82
2,30.7,111.5,115.75
2,30.7,111.5,131.13
2,30.69,154.9,194.4
2,30.69,122.0,166.17
2,30.68,70.0,100.13
2,30.68,168.2,231.05
2,30.67,150.0,192.53
2,30.67,70.0,98.88
2,30.67,70.0,85.94
2,30.67,276.0,290.38
2,30.67,70.0,80.94
2,30.66,70.0,97.13
2,30.66,147.2,188.87
2,30.65,144.8,169.87
2,30.65,211.6,224.29
2,30.65,70.0,74.0
2,30.65,70.0,97.13
2,30.64,70.0,103.13
2,30.63,147.2,156.64
2,30.63,140.0,179.06
2,30.63,119.2,128.45
2,30.63,145.8,188.39
2,30.62,70.0,101.17
2,30.62,110.8,136.43
2,30.62,140.0,142.75
2,30.62,148.6,169.79
2,30.62,159.8,178.05
2,30.6,157.0,184.57
2,30.6,152.1,194.4
1,30.6,153.5,178.86
2,30.6,124.8,135.99
1,30.6,138.1,168.29
2,30.6,116.4,162.34
1,30.6,180.8,219.05
1,30.6,122.7,134.64
1,30.6,191.3,206.49
2,30.59,148.6,161.29
2,30.59,172.4,199.9
2,30.59,70.0,97.57
2,30.58,143.7,178.13
2,30.58,153.9,170.28
2,30.57,171.7,223.92
2,30.56,70.0,88.8
2,30.56,70.0,97.13
2,30.56,70.0,105.22
2,30.55,135.3,155.49
2,30.55,114.3,173.9
2,30.54,70.0,99.23
2,30.53,167.0,193.44
2,30.53,70.0,97.94
2,30.53,147.9,190.56
2,30.53,70.0,98.88
2,30.52,115.0,127.69
2,30.52,70.0,82.69
2,30.51,70.0,105.23
2,30.51,135.0,156.13
1,30.5,135.0,159.69
2,30.5,145.1,168.54
2,30.5,138.1,167.52
2,30.5,142.3,155.74
1,30.5,189.9,191.4
1,30.5,70.0,102.94
1,30.5,163.0,199.69
1,30.5,176.6,185.85
1,30.5,136.0,157.19
2,30.49,131.8,174.83
2,30.49,147.9,187.34
2,30.49,135.0,159.25
2,30.48,173.8,221.24
2,30.48,122.0,139.13
2,30.47,132.2,186.58
2,30.47,136.0,172.75
2,30.47,117.8,153.24
2,30.46,115.0,144.55
2,30.46,147.2,196.3
2,30.45,70.0,98.88
2,30.42,70.0,97.13
2,30.42,153.5,181.16
2,30.42,131.1,142.04
2,30.42,149.3,185.49
2,30.41,70.0,98.88
2,30.41,70.0,98.88
1,30.4,130.0,174.59
1,30.4,137.4,178.29
1,30.4,117.8,121.8
1,30.4,79.5,81.0
1,30.4,113.6,138.17
2,30.39,135.7,151.2
2,30.39,70.0,90.94
2,30.38,70.0,95.88
2,30.38,186.0,245.32
2,30.38,180.1,184.35
2,30.37,70.0,87.69
2,30.37,111.5,140.21
2,30.37,110.1,124.35
2,30.35,110.8,123.49
2,30.35,70.0,101.18
2,30.35,117.8,123.55
2,30.35,70.0,82.69
2,30.35,70.0,82.69
2,30.35,121.3,124.55
2,30.35,70.0,98.88
2,30.34,200.0,201.0
2,30.34,70.0,82.69
2,30.34,129.7,174.42
2,30.33,111.5,127.69
2,30.32,175.9,220.63
2,30.31,85.0,90.25
2,30.31,70.0,99.23
2,30.3,70.0,82.69
1,30.3,70.0,92.69
1,30.3,58.5,60.0
1,30.3,70.0,82.69
1,30.3,70.0,103.34
1,30.3,70.0,80.94
1,30.3,209.5,215.25
2,30.29,122.0,173.18
2,30.29,191.3,234.66
2,30.29,70.0,90.75
2,30.29,119.9,150.78
2,30.28,131.5,188.7
2,30.28,119.9,128.15
2,30.28,146.5,171.69
2,30.27,152.1,194.4
2,30.27,70.0,101.18
2,30.27,117.1,122.1
2,30.27,110.8,146.04
2,30.27,139.5,173.57
2,30.26,147.9,161.09
2,30.26,200.4,270.89
2,30.26,154.9,181.09
2,30.25,133.6,177.58
2,30.25,70.0,90.96
2,30.25,115.7,125.89
2,30.24,110.8,155.04
2,30.24,154.9,193.34
2,30.23,200.0,216.38
2,30.23,147.2,159.89
2,30.23,164.7,207.19
2,30.23,70.0,80.19
2,30.23,112.2,143.88
2,30.22,70.0,95.94
2,30.22,163.3,223.01
2,30.21,70.0,101.17
2,30.21,70.0,97.13
2,30.21,70.0,104.88
2,30.21,114.3,125.24
2,30.2,119.2,124.2
2,30.2,70.0,88.8
2,30.2,70.0,85.94
2,30.2,110.8,141.18
1,30.2,150.0,193.39
1,30.2,110.8,139.85
2,30.2,154.9,215.61
1,30.2,147.2,173.39
2,30.2,70.0,97.13
1,30.2,109.4,128.65
1,30.2,118.5,134.64
1,30.2,121.3,131.66
2,30.19,70.0,97.13
2,30.19,70.0,85.94
2,30.19,70.0,102.92
2,30.18,70.0,98.88
2,30.18,206.0,266.86
2,30.17,70.0,96.55
2,30.17,180.8,217.93
2,30.17,110.1,145.2
2,30.17,70.0,97.13
2,30.16,110.8,137.71
2,30.15,140.0,156.0
2,30.15,110.1,123.54
2,30.15,70.0,75.75
2,30.15,70.0,99.23
2,30.15,138.8,159.55
2,30.14,128.7,192.57
2,30.14,160.0,190.07
2,30.13,169.6,173.85
2,30.13,164.0,194.19
2,30.12,113.6,117.85
2,30.12,116.4,139.09
2,30.12,70.0,87.9
2,30.11,70.0,87.69
2,30.11,135.3,184.12
2,30.1,70.0,98.88
2,30.1,177.3,185.55
2,30.1,109.4,154.94
2,30.1,170.0,233.73
1,30.1,70.0,80.94
1,30.1,135.0,158.0
1,30.1,108.7,110.2
2,30.1,145.1,170.29
2,30.1,112.2,139.44
1,30.1,150.0,224.55
1,30.1,70.0,97.09
2,30.1,170.3,214.26
1,30.1,108.7,133.27
2,30.1,169.6,222.6
2,30.09,132.2,199.94
2,30.09,164.7,169.7
2,30.08,70.0,97.13
2,30.06,70.0,99.23
2,30.06,132.2,185.43
2,30.06,70.0,80.94
2,30.06,70.0,98.88
2,30.05,70.0,98.88
2,30.05,202.0,226.88
2,30.05,70.0,82.69
2,30.05,96.0,99.5
2,30.05,137.4,180.96
2,30.04,147.2,223.43
2,30.03,169.6,216.87
2,30.03,167.5,175.75
2,30.03,129.4,161.52
2,30.03,160.0,203.32
2,30.03,70.0,102.92
2,30.03,151.8,180.12
2,30.03,70.0,97.13
2,30.03,70.0,92.69
2,30.02,119.2,131.89
2,30.02,70.0,98.88
2,30.02,70.0,97.13
2,30.02,117.8,121.05
2,30.02,185.7,201.45
2,30.02,142.3,185.64
2,30.02,70.0,98.88
2,30.02,70.0,85.94
2,30.01,170.0,232.98
2,30.01,124.8,157.87
2,30.01,70.0,97.13
1,30.0,66.5,74.94
1,30.0,143.0,169.93
1,30.0,70.0,90.94
1,30.0,160.0,190.69
2,30.0,119.2,149.59
1,30.0,126.2,134.45
1,30.0,126.9,165.39
1,30.0,110.1,136.9
1,30.0,63.5,65.0
1,30.0,70.0,99.24
1,30.0,175.2,252.99
1,30.0,70.0,97.69
1,30.0,175.0,229.63
1,30.0,72.5,80.94
1,30.0,125.0,141.13
1,30.0,146.5,156.69
2,29.99,112.2,156.05
2,29.99,70.0,99.63
2,29.99,70.0,98.88
2,29.99,70.0,82.69
2,29.98,70.0,90.0
2,29.98,70.0,97.69
2,29.98,110.1,148.55
2,29.97,70.0,75.75
2,29.97,70.0,91.69
2,29.96,111.5,126.88
2,29.96,132.2,147.58
2,29.96,70.0,98.88
2,29.96,109.4,150.3
2,29.96,150.0,188.62
2,29.95,187.8,231.91
2,29.95,146.5,156.69
2,29.95,108.7,125.08
2,29.94,70.0,102.92
2,29.94,70.0,87.69
2,29.94,70.0,85.94
2,29.93,109.4,145.61
2,29.93,70.0,97.13
2,29.93,70.0,97.13
2,29.93,203.2,261.19
2,29.93,140.9,184.31
2,29.93,70.0,98.88
2,29.93,70.0,97.13
2,29.93,134.3,195.69
2,29.93,118.5,162.57
2,29.93,155.3,158.05
2,29.93,70.0,97.13
2,29.92,103.76,126.31
2,29.92,70.0,123.25
2,29.92,70.0,99.23
2,29.92,70.0,73.25
2,29.92,147.2,191.52
2,29.91,70.0,97.13
2,29.91,70.0,103.36
2,29.91,70.0,100.69
2,29.91,173.1,200.54
2,29.91,70.0,82.75
2,29.91,180.8,215.87
2,29.91,129.7,141.89
1,29.9,70.0,99.19
1,29.9,0.0,21.32
1,29.9,118.5,170.48
1,29.9,70.0,85.94
1,29.9,70.0,80.94
1,29.9,155.6,200.75
1,29.9,70.0,88.94
2,29.89,70.0,92.69
2,29.89,70.0,87.69
2,29.89,162.6,170.85
2,29.89,108.7,126.83
2,29.88,70.0,101.18
2,29.88,70.0,85.94
2,29.88,186.4,247.32
2,29.88,70.0,97.13
2,29.87,146.5,164.19
2,29.87,70.0,104.88
2,29.87,159.8,164.05
2,29.87,70.0,85.94
2,29.86,166.1,220.2
2,29.86,70.0,91.69
2,29.86,70.0,90.94
2,29.86,130.4,161.59
2,29.85,174.0,213.0
2,29.85,70.0,98.88
2,29.85,115.7,144.7
2,29.85,70.0,90.9
2,29.85,70.0,101.18
2,29.85,119.2,131.89
2,29.85,70.0,99.23
2,29.84,70.0,98.88
2,29.84,70.0,98.88
2,29.84,70.0,88.48
2,29.84,108.7,145.32
2,29.83,109.4,146.63
2,29.83,166.8,204.06
2,29.83,140.2,188.8
2,29.83,70.0,97.13
2,29.83,119.9,142.59
2,29.83,122.7,130.95
2,29.82,175.0,199.44
2,29.82,140.0,143.25
2,29.82,204.6,265.18
2,29.82,70.0,87.69
2,29.82,70.0,97.13
2,29.81,149.3,159.49
2,29.81,70.0,80.94
2,29.81,111.5,159.85
2,29.8,117.8,168.81
1,29.8,70.0,106.44
1,29.8,80.5,82.0
1,29.8,70.0,103.09
1,29.8,135.3,137.8
1,29.8,44.5,46.0
1,29.8,67.5,75.94
1,29.8,107.3,118.49
2,29.8,70.0,99.23
1,29.8,108.0,150.79
1,29.8,70.0,97.09
1,29.8,70.0,101.19
1,29.8,149.0,212.47
1,29.8,128.7,191.42
1,29.8,108.0,142.99
1,29.8,87.0,89.75
2,29.79,130.8,153.05
2,29.79,70.0,97.13
2,29.78,140.9,180.41
2,29.77,131.1,180.8
2,29.77,70.0,98.88
2,29.77,70.0,99.23
2,29.76,116.4,119.65
2,29.76,70.0,90.69
2,29.75,134.3,159.37
2,29.75,70.0,97.13
2,29.74,70.0,80.19
2,29.74,108.7,125.83
2,29.74,189.2,243.25
2,29.74,70.0,90.9
2,29.73,70.0,90.55
2,29.73,70.0,103.13
2,29.72,110.8,151.86
2,29.72,188.5,201.75
2,29.72,119.9,146.09
2,29.71,70.0,90.19
2,29.71,70.0,99.23
2,29.71,70.0,90.69
2,29.71,171.0,213.82
2,29.71,110.8,136.51
2,29.71,111.5,129.63
2,29.71,125.5,138.94
2,29.71,119.9,167.74
1,29.7,156.3,161.3
2,29.7,78.0,102.7
2,29.7,70.0,103.13
2,29.7,70.0,97.13
2,29.7,108.0,151.71
1,29.7,117.8,148.25
2,29.7,70.0,78.44
2,29.7,121.3,133.99
1,29.7,130.1,161.86
1,29.7,109.4,119.65
1,29.7,0.0,1.5
1,29.7,55.5,57.0
2,29.7,70.0,80.94
2,29.69,160.5,163.76
2,29.69,70.0,82.69
2,29.68,70.0,88.8
2,29.68,139.5,180.48
2,29.68,166.1,203.22
2,29.68,70.0,82.69
2,29.68,206.0,285.6
2,29.67,70.0,95.09
2,29.67,70.0,97.13
2,29.67,70.0,98.69
2,29.66,70.0,92.69
2,29.66,107.3,159.09
2,29.66,111.5,147.44
2,29.65,70.0,97.44
2,29.65,108.7,122.39
2,29.65,70.0,90.55
2,29.64,110.8,134.74
2,29.64,172.4,209.14
2,29.64,132.5,170.88
2,29.63,70.0,82.69
2,29.63,143.0,183.48
2,29.63,70.0,97.13
2,29.63,70.0,98.88
2,29.62,151.4,180.65
2,29.62,70.0,92.69
2,29.61,70.0,82.69
2,29.61,115.0,126.19
1,29.6,106.6,117.79
1,29.6,70.0,90.94
1,29.6,70.0,80.94
2,29.6,170.3,179.55
1,29.6,47.5,49.0
1,29.6,192.0,217.75
1,29.6,70.0,103.09
1,29.6,126.6,154.67
1,29.6,67.5,75.94
1,29.6,70.0,92.69
2,29.6,70.0,103.13
1,29.6,70.0,99.19
1,29.6,166.1,184.35
1,29.6,70.0,99.19
1,29.6,170.0,172.75
1,29.6,164.0,171.94
1,29.6,70.0,92.5
2,29.59,70.0,103.13
2,29.59,70.0,91.44
2,29.59,70.0,99.23
2,29.59,136.0,170.95
2,29.59,108.0,119.94
2,29.59,70.0,84.69
2,29.59,167.5,195.75
2,29.59,70.0,99.23
2,29.59,108.0,143.03
2,29.58,108.0,114.75
2,29.58,154.2,158.2
2,29.58,70.0,99.23
2,29.58,70.0,94.69
2,29.57,108.0,136.15
2,29.57,70.0,80.75
2,29.57,70.0,99.23
2,29.57,135.0,188.07
2,29.56,70.0,90.94
2,29.56,70.0,74.0
2,29.56,200.0,257.26
2,29.56,107.3,120.99
2,29.55,108.0,142.73
2,29.55,110.8,117.98
2,29.55,170.3,213.91
2,29.55,145.0,154.69
2,29.55,200.0,242.95
2,29.55,108.0,133.19
2,29.55,70.0,85.75
2,29.55,110.8,121.99
2,29.55,70.0,103.13
2,29.54,140.2,152.89
2,29.54,70.0,82.69
2,29.54,70.0,97.13
2,29.54,108.7,125.83
2,29.54,70.0,87.69
2,29.54,148.6,175.35
2,29.54,107.3,157.29
2,29.53,70.0,78.44
2,29.53,120.6,167.98
2,29.53,126.9,147.09
2,29.53,70.0,110.94
2,29.53,70.0,106.13
2,29.53,109.4,122.09
2,29.53,70.0,97.13
2,29.52,70.0,87.69
2,29.52,70.0,95.94
2,29.52,70.0,92.69
2,29.52,70.0,99.23
2,29.52,70.0,112.74
2,29.51,131.1,149.04
2,29.51,70.0,98.88
2,29.51,70.0,92.69
2,29.51,160.5,210.48
2,29.51,70.0,90.94
1,29.5,124.1,132.54
1,29.5,70.0,90.94
1,29.5,70.0,87.69
1,29.5,70.0,82.69
1,29.5,70.0,99.19
2,29.5,70.0,103.36
1,29.5,3.0,7.25
1,29.5,70.0,84.94
2,29.5,139.5,180.48
1,29.5,70.5,78.94
2,29.5,169.6,177.85
1,29.5,112.2,137.39
1,29.5,0.01,23.08
1,29.5,182.2,185.45
2,29.49,70.0,84.69
2,29.49,183.6,187.85
2,29.49,129.0,157.57
2,29.49,152.8,192.91
2,29.49,109.4,153.66
2,29.49,70.0,98.88
2,29.48,137.4,153.14
2,29.48,107.3,155.99
2,29.48,129.7,177.19
2,29.48,108.7,142.14
2,29.48,110.1,121.29
2,29.47,110.8,134.49
2,29.47,70.0,99.23
2,29.47,70.0,104.88
2,29.47,106.6,132.79
2,29.47,70.0,92.69
2,29.47,220.0,241.38
2,29.47,70.0,82.69
2,29.47,70.0,99.23
2,29.46,165.4,196.15
2,29.46,70.0,98.88
2,29.46,70.0,103.36
2,29.46,112.2,116.45
2,29.46,109.4,140.41
2,29.46,70.0,98.88
2,29.45,199.7,225.45
2,29.45,120.6,144.67
2,29.45,110.8,147.84
2,29.44,105.9,134.83
2,29.44,70.0,92.69
2,29.44,130.4,160.59
2,29.44,108.0,147.48
2,29.44,70.0,98.88
2,29.43,175.9,219.7
2,29.43,70.0,88.8
2,29.43,139.5,197.48
2,29.42,70.0,97.13
2,29.42,70.0,94.69
2,29.41,143.7,196.9
2,29.41,162.6,165.85
2,29.41,203.9,248.58
2,29.41,199.0,279.91
2,29.41,70.0,98.88
2,29.41,146.5,181.34
2,29.41,70.0,102.92
1,29.4,187.8,190.45
1,29.4,70.0,94.69
2,29.4,133.6,185.82
1,29.4,105.9,110.9
1,29.4,70.0,88.8
2,29.4,70.0,99.23
1,29.4,105.9,107.4
2,29.4,70.0,102.92
1,29.4,185.7,198.95
2,29.4,70.0,97.13
2,29.4,189.0,196.75
1,29.4,176.6,231.05
1,29.4,60.5,68.94
1,29.4,140.0,142.75
2,29.4,70.0,85.94
1,29.4,70.0,90.9
1,29.4,51.5,59.94
2,29.39,70.0,75.75
2,29.39,70.0,102.69
2,29.39,70.0,102.92
2,29.38,70.0,98.88
2,29.38,70.0,97.94
2,29.38,139.5,195.93
2,29.37,80.0,100.2
2,29.37,70.0,99.23
2,29.36,70.0,87.69
2,29.36,70.0,99.23
2,29.36,70.0,82.69
2,29.36,108.0,114.75
2,29.36,70.0,90.69
2,29.35,70.0,82.69
2,29.35,70.0,83.44
2,29.35,70.0,105.23
2,29.35,119.2,129.39
2,29.34,70.0,95.94
2,29.33,70.0,102.69
2,29.33,247.0,263.13
2,29.33,107.3,118.49
2,29.33,70.0,80.94
2,29.33,181.5,184.75
2,29.33,70.0,93.44
2,29.33,141.6,191.47
2,29.32,112.2,124.89
2,29.32,109.4,135.18
2,29.32,70.0,87.69
2,29.32,126.9,137.09
2,29.32,70.0,87.69
2,29.32,70.0,97.13
2,29.32,70.0,92.69
2,29.31,70.0,101.18
2,29.31,114.3,128.55
2,29.31,70.0,104.88
2,29.31,70.0,99.23
2,29.31,108.0,145.73
2,29.31,150.0,188.75
1,29.3,140.2,171.39
1,29.3,70.0,97.09
1,29.3,53.5,55.0
1,29.3,70.0,99.24
2,29.3,106.6,117.79
2,29.3,108.0,121.44
1,29.3,70.0,107.49
1,29.3,130.0,167.59
1,29.3,188.0,199.0
2,29.3,118.5,142.38
1,29.3,109.4,146.53
1,29.3,70.0,96.69
2,29.3,145.1,175.29
2,29.3,126.6,186.46
1,29.3,70.0,82.69
1,29.3,115.7,148.7
2,29.29,70.0,102.92
2,29.29,175.0,211.2
2,29.28,110.1,135.97
2,29.28,110.8,159.48
2,29.28,112.9,114.4
2,29.28,173.8,221.11
2,29.28,135.3,140.3
2,29.27,70.0,97.13
2,29.27,70.0,99.63
2,29.27,70.0,98.88
2,29.27,168.2,181.45
2,29.27,145.8,203.49
2,29.26,175.0,176.0
2,29.26,128.3,152.37
2,29.26,185.0,197.69
2,29.26,70.0,98.88
2,29.26,70.0,98.88
2,29.26,108.0,136.15
2,29.25,107.3,118.49
2,29.25,70.0,84.69
2,29.25,108.0,123.47
2,29.25,70.0,98.88
2,29.25,70.0,90.69
2,29.25,115.0,125.94
2,29.25,117.8,128.56
2,29.25,70.0,97.13
2,29.24,109.4,122.09
2,29.24,70.0,82.69
2,29.24,118.5,121.75
2,29.24,150.0,207.33
2,29.24,111.5,139.94
2,29.24,70.0,97.13
2,29.23,70.0,90.78
2,29.22,70.0,100.84
2,29.22,70.0,98.88
2,29.22,105.9,127.09
2,29.22,70.0,103.13
2,29.22,70.0,98.88
2,29.22,170.3,178.55
2,29.22,70.0,97.13
2,29.22,70.0,97.13
2,29.21,70.0,90.69
2,29.21,70.0,90.96
2,29.21,108.0,133.5
2,29.21,70.0,85.75
1,29.2,70.0,96.19
2,29.2,70.0,75.75
1,29.2,115.0,126.94
1,29.2,107.3,125.43
2,29.2,180.8,190.99
2,29.2,112.2,143.14
1,29.2,127.3,196.67
2,29.2,70.0,99.23
2,29.2,70.0,99.23
1,29.2,42.5,50.94
2,29.2,70.0,90.21
2,29.2,200.0,224.44
1,29.2,129.4,171.53
1,29.2,127.3,161.99
2,29.19,127.3,172.13
2,29.19,70.0,97.13
2,29.19,70.0,98.88
2,29.19,157.7,164.2
2,29.19,70.0,82.69
2,29.19,70.0,99.23
2,29.18,70.0,90.94
2,29.18,70.0,102.92
2,29.18,70.0,99.23
2,29.17,106.6,130.67
2,29.17,70.0,96.69
2,29.17,107.3,141.89
2,29.17,70.0,99.23
2,29.17,70.0,84.94
2,29.16,116.4,155.81
2,29.16,138.8,190.12
2,29.16,143.7,168.77
2,29.16,70.0,98.88
2,29.15,70.0,87.69
2,29.15,70.0,82.69
2,29.15,110.1,120.1
2,29.14,105.9,143.16
2,29.14,70.0,98.88
2,29.14,108.0,151.44
2,29.14,70.0,88.8
2,29.14,70.0,98.88
2,29.14,70.0,97.13
2,29.13,70.0,92.69
2,29.13,70.0,84.69
2,29.13,70.0,82.69
2,29.13,70.0,103.36
2,29.12,70.0,99.23
2,29.12,180.0,233.26
2,29.12,150.0,168.28
2,29.12,140.6,237.56
2,29.11,110.8,120.05
2,29.1,70.0,102.92
2,29.1,164.0,179.19
1,29.1,70.0,99.19
2,29.1,105.2,116.39
1,29.1,67.5,75.94
1,29.1,222.22,274.66
2,29.1,143.7,176.39
2,29.1,108.7,142.32
2,29.1,157.7,171.95
2,29.1,108.0,126.25
1,29.1,70.0,105.19
2,29.1,140.0,183.3
1,29.1,181.5,197.69
1,29.1,70.0,103.34
1,29.1,161.9,214.89
2,29.1,106.6,110.85
1,29.1,108.7,138.5
2,29.1,70.0,75.75
2,29.1,70.0,97.13
2,29.1,70.0,99.23
2,29.09,127.6,165.0
2,29.09,160.5,179.44
2,29.09,130.0,133.5
2,29.09,110.1,119.35
2,29.09,136.0,175.08
2,29.09,70.0,104.88
2,29.08,122.7,156.79
2,29.08,104.5,130.15
2,29.08,70.0,87.69
2,29.08,120.0,127.75
2,29.08,164.7,172.95
2,29.07,161.2,211.92
2,29.07,70.0,104.88
2,29.07,70.0,88.8
2,29.07,70.0,82.69
2,29.06,108.7,133.39
2,29.06,70.0,93.69
2,29.06,168.0,196.07
2,29.06,97.5,111.75
2,29.06,70.0,99.23
2,29.06,108.0,120.69
2,29.06,70.0,91.13
2,29.05,70.0,102.69
2,29.05,70.0,97.69
2,29.05,70.0,92.69
2,29.05,70.0,98.88
2,29.04,70.0,105.23
2,29.04,70.0,99.23
2,29.04,70.0,99.23
2,29.04,70.0,97.13
2,29.04,70.0,98.88
2,29.04,140.0,169.2
2,29.04,70.0,92.69
2,29.03,110.8,119.24
2,29.03,70.0,102.92
2,29.03,105.2,123.33
2,29.03,111.5,144.19
2,29.03,108.7,148.18
2,29.03,105.9,115.34
2,29.03,133.9,145.09
2,29.03,111.5,114.75
2,29.02,110.1,116.85
2,29.02,70.0,95.09
2,29.02,111.5,141.82
2,29.02,70.0,94.69
2,29.02,70.0,92.69
2,29.01,70.0,82.69
2,29.01,109.4,113.15
2,29.01,115.0,152.32
2,29.01,157.0,193.5
2,29.01,70.0,95.94
2,29.01,136.0,179.28
2,29.01,70.0,106.97
1,29.0,217.0,224.94
1,29.0,145.8,159.24
1,29.0,121.3,134.23
1,29.0,70.0,90.94
2,29.0,70.0,98.88
1,29.0,70.0,99.19
2,28.99,70.0,87.11
2,28.99,70.0,87.69
2,28.99,70.0,101.69
2,28.99,108.0,134.35
2,28.99,108.0,125.13
2,28.99,105.9,111.65
2,28.98,70.0,92.69
2,28.98,106.6,141.35
2,28.98,107.3,121.55
2,28.98,104.5,141.75
2,28.97,118.5,162.41
2,28.97,70.0,82.69
2,28.97,128.0,153.07
2,28.97,70.0,86.63
2,28.97,141.6,216.73
2,28.97,70.0,98.88
2,28.97,109.4,116.15
2,28.97,70.0,102.92
2,28.97,129.0,170.94
2,28.97,70.0,90.69
2,28.97,183.6,233.56
2,28.97,70.0,98.88
2,28.96,70.0,80.94
2,28.96,70.0,82.75
2,28.96,70.0,102.92
2,28.96,140.2,157.89
2,28.96,70.0,87.69
2,28.96,104.5,119.69
2,28.96,70.0,80.75
2,28.95,104.5,108.75
2,28.95,70.0,98.88
2,28.95,70.0,101.18
2,28.95,70.0,104.88
2,28.95,70.0,103.13
2,28.94,70.0,101.17
2,28.94,70.0,104.88
2,28.94,70.0,111.72
2,28.94,70.0,82.69
2,28.94,70.0,98.88
2,28.93,108.0,111.25
2,28.93,70.0,95.09
2,28.93,70.0,80.94
2,28.93,70.0,82.69
2,28.92,107.3,135.49
2,28.92,70.0,82.69
2,28.92,107.3,132.66
2,28.92,70.0,90.9
2,28.91,70.0,98.88
2,28.91,70.0,96.2
2,28.91,70.0,99.23
2,28.91,70.0,80.75
2,28.91,70.0,103.36
2,28.91,106.6,140.79
2,28.91,107.3,108.8
1,28.9,70.0,99.23
2,28.9,70.0,98.88
1,28.9,182.9,224.55
1,28.9,70.0,82.69
1,28.9,115.0,150.24
2,28.9,70.0,103.36
1,28.9,70.0,99.19
2,28.9,70.0,82.69
1,28.9,70.0,99.19
1,28.9,130.8,155.49
1,28.9,189.2,207.08
1,28.9,54.5,56.0
1,28.9,70.0,99.19
2,28.89,166.1,175.35
2,28.89,108.0,147.35
2,28.89,107.3,135.31
2,28.89,70.0,82.69
2,28.89,70.0,98.88
2,28.89,109.4,126.53
2,28.88,105.9,134.03
2,28.88,70.0,103.13
2,28.88,70.0,98.88
2,28.88,70.0,102.92
2,28.87,70.0,91.8
2,28.87,105.2,133.99
2,28.87,70.0,90.69
2,28.87,70.0,82.69
2,28.87,70.0,89.03
2,28.87,105.9,138.96
2,28.87,164.0,172.25
2,28.87,169.6,198.17
2,28.87,70.0,97.13
2,28.86,70.0,91.69
2,28.86,159.1,211.2
2,28.86,70.0,102.92
2,28.85,134.0,185.63
2,28.85,70.0,82.69
2,28.85,112.9,155.14
2,28.84,70.0,83.44
2,28.84,70.0,102.92
2,28.84,70.0,98.88
2,28.84,70.0,99.23
2,28.84,107.3,140.64
2,28.84,104.5,138.57
2,28.84,70.0,92.69
2,28.83,70.0,87.69
2,28.83,70.0,98.88
2,28.83,159.8,230.21
2,28.83,130.8,159.5
2,28.83,70.0,82.69
2,28.83,70.0,84.69
2,28.83,123.8,189.33
2,28.83,105.9,131.83
2,28.83,137.4,160.47
2,28.82,70.0,98.88
2,28.82,70.0,82.69
2,28.82,117.1,131.35
2,28.81,70.0,99.23
2,28.81,70.0,80.94
2,28.81,100.0,103.58
2,28.81,105.2,141.76
2,28.81,70.0,98.88
2,28.81,105.9,131.83
2,28.81,70.0,102.92
2,28.81,70.0,103.36
2,28.81,110.1,136.02
2,28.81,113.6,169.65
2,28.8,124.1,150.79
2,28.8,104.5,107.75
2,28.8,70.0,87.69
1,28.8,70.0,84.99
1,28.8,70.0,80.94
1,28.8,70.0,97.09
1,28.8,70.0,82.69
2,28.8,70.0,90.94
1,28.8,70.0,97.69
1,28.8,195.0,251.88
2,28.8,70.0,85.94
1,28.8,175.9,222.15
1,28.8,70.0,90.69
1,28.8,121.3,142.49
1,28.8,70.0,90.69
1,28.8,70.0,98.0
1,28.8,70.0,80.94
2,28.8,70.0,97.13
2,28.8,175.0,212.95
2,28.79,70.0,97.13
2,28.79,70.0,102.92
2,28.79,125.9,168.34
2,28.79,112.2,129.33
2,28.79,70.0,98.88
2,28.79,105.9,129.59
2,28.78,70.0,83.44
2,28.78,70.0,87.69
2,28.78,70.0,84.84
2,28.78,183.6,187.85
2,28.78,158.4,199.63
2,28.78,103.8,129.99
2,28.78,104.5,140.63
2,28.77,160.5,172.44
2,28.77,141.0,163.44
2,28.77,107.3,125.43
2,28.77,70.0,82.69
2,28.76,70.0,97.13
2,28.76,108.7,133.99
2,28.76,105.2,133.14
2,28.76,106.6,124.73
2,28.75,70.0,92.69
2,28.75,70.0,99.23
2,28.75,103.8,120.93
2,28.75,70.0,98.88
2,28.74,70.0,97.13
2,28.74,170.0,206.95
2,28.74,128.3,144.53
2,28.74,170.0,195.07
2,28.74,70.0,98.88
2,28.73,70.0,98.88
2,28.73,70.0,98.88
2,28.73,70.0,82.69
2,28.73,70.0,102.13
2,28.73,167.5,210.0
2,28.73,70.0,98.88
2,28.73,70.0,85.69
2,28.72,70.0,96.39
2,28.72,70.0,104.88
2,28.72,117.8,154.44
2,28.72,70.0,87.69
2,28.72,106.6,132.67
2,28.72,70.0,98.88
2,28.72,70.0,105.69
2,28.72,125.2,155.74
2,28.71,137.4,152.59
2,28.71,70.0,98.88
2,28.71,70.0,98.88
2,28.71,70.0,98.88
2,28.71,70.0,98.88
2,28.71,186.4,199.65
2,28.71,70.0,98.88
2,28.71,173.1,212.82
2,28.71,70.0,87.11
2,28.71,110.1,120.29
2,28.71,70.0,107.5
2,28.71,105.2,133.33
1,28.7,70.0,91.69
1,28.7,55.5,57.0
1,28.7,109.4,160.04
2,28.7,70.0,92.69
1,28.7,70.0,82.69
1,28.7,108.7,124.45
2,28.7,70.0,90.96
1,28.7,170.0,197.75
1,28.7,70.0,99.19
1,28.7,70.0,105.24
1,28.7,117.1,134.48
2,28.7,152.1,172.1
1,28.7,59.5,67.94
2,28.7,70.0,101.17
2,28.7,107.3,114.05
1,28.7,161.9,207.09
2,28.7,70.0,90.55
2,28.7,164.7,167.95
2,28.7,70.0,105.23
2,28.7,70.0,99.23
1,28.7,70.0,97.69
1,28.7,70.0,97.09
1,28.7,68.5,70.0
2,28.69,165.4,169.4
2,28.69,221.4,227.9
2,28.69,70.0,98.88
2,28.69,70.0,92.69
2,28.69,70.0,92.69
2,28.69,103.1,109.85
2,28.68,130.4,186.86
2,28.68,70.0,98.88
2,28.68,70.0,82.69
2,28.68,70.0,99.23
2,28.68,235.0,291.3
2,28.68,70.0,90.94
2,28.68,106.6,116.79
2,28.68,70.0,97.13
2,28.67,70.0,97.13
2,28.67,70.0,86.69
2,28.67,70.0,98.88
2,28.67,128.3,155.05
2,28.67,193.4,250.54
2,28.67,70.0,90.94
2,28.66,105.2,118.89
2,28.66,70.0,104.88
2,28.66,70.0,82.69
2,28.66,70.0,98.88
2,28.66,105.9,110.15
2,28.66,70.0,87.69
2,28.66,70.0,98.88
2,28.66,107.3,152.9
2,28.65,105.9,116.09
2,28.65,200.0,241.2
2,28.65,103.8,116.49
2,28.65,70.0,87.69
2,28.65,108.0,133.15
2,28.65,70.0,90.55
2,28.65,70.0,74.0
2,28.64,70.0,97.69
2,28.64,165.4,208.03
2,28.64,70.0,104.88
2,28.64,166.1,194.67
2,28.64,131.5,175.06
2,28.64,70.0,87.69
2,28.64,70.0,90.94
2,28.64,70.0,87.69
2,28.64,70.0,98.88
2,28.64,140.0,172.2
2,28.63,70.0,97.13
2,28.63,152.0,180.26
2,28.63,70.0,98.88
2,28.63,70.0,112.69
2,28.63,128.0,143.75
2,28.63,70.0,87.69
2,28.63,70.0,95.88
2,28.63,105.2,141.12
2,28.62,108.0,143.02
2,28.62,70.0,104.88
2,28.62,130.1,147.35
2,28.62,70.0,102.92
2,28.62,70.0,106.97
2,28.62,70.0,103.36
2,28.62,70.0,87.69
2,28.62,70.0,90.69
2,28.61,70.0,94.25
2,28.61,110.1,136.87
2,28.61,105.9,124.03
2,28.61,104.5,109.5
2,28.61,70.0,101.17
1,28.6,123.1,174.4
1,28.6,103.8,143.99
2,28.6,70.0,82.69
1,28.6,70.0,80.94
1,28.6,70.0,82.69
1,28.6,70.0,92.69
2,28.6,110.1,150.62
1,28.6,70.0,97.14
1,28.6,70.0,80.94
2,28.6,154.2,205.92
1,28.6,76.5,78.0
2,28.6,150.0,192.53
1,28.6,70.0,80.94
1,28.6,70.0,89.94
1,28.6,70.0,88.94
1,28.6,48.5,56.94
2,28.6,104.5,130.15
2,28.59,70.0,88.94
2,28.59,96.8,126.29
2,28.59,185.0,206.19
2,28.59,125.2,170.02
2,28.59,70.0,97.69
2,28.59,70.0,99.23
2,28.59,70.0,98.88
2,28.59,70.0,90.69
2,28.59,70.0,105.94
2,28.58,112.2,146.52
2,28.58,125.0,166.5
2,28.58,70.0,95.88
2,28.58,108.7,151.3
2,28.58,70.0,97.69
2,28.58,70.0,87.69
2,28.58,134.6,174.95
2,28.57,70.0,98.88
2,28.57,70.0,80.94
2,28.57,70.0,98.88
2,28.57,70.0,80.75
2,28.57,70.0,82.69
2,28.57,70.0,103.13
2,28.56,70.0,98.88
2,28.56,106.6,150.35
2,28.56,70.0,105.23
2,28.56,70.0,83.44
2,28.56,141.6,180.67
2,28.56,105.2,115.39
2,28.55,115.0,147.69
2,28.55,70.0,98.88
2,28.55,70.0,90.94
2,28.55,70.0,104.88
2,28.55,138.1,151.54
2,28.55,110.8,139.51
2,28.55,70.0,99.23
2,28.55,70.0,93.08
2,28.55,70.0,87.69
2,28.54,70.0,98.88
2,28.54,104.5,148.61
2,28.54,70.0,91.69
2,28.54,70.0,90.55
2,28.54,109.4,134.83
2,28.53,70.0,90.9
2,28.53,103.8,108.05
2,28.53,152.1,166.35
2,28.53,70.0,97.13
2,28.53,154.2,195.79
2,28.53,70.0,103.36
2,28.53,104.5,116.44
2,28.53,70.0,82.69
2,28.53,106.6,111.6
2,28.53,110.1,121.29
2,28.52,70.0,87.69
2,28.52,70.0,98.88
2,28.52,70.0,97.13
2,28.52,110.1,125.1
2,28.52,105.2,141.12
2,28.52,118.5,158.0
2,28.52,103.8,133.43
2,28.51,138.1,189.28
2,28.51,70.0,82.69
2,28.51,70.0,109.17
2,28.51,143.7,156.39
2,28.51,105.9,124.34
2,28.51,118.5,128.69
2,28.51,70.0,98.88
2,28.51,70.0,80.75
2,28.51,70.0,100.13
2,28.51,70.0,105.23
1,28.5,70.0,90.69
2,28.5,70.0,82.69
1,28.5,85.5,87.0
2,28.5,180.1,245.1
1,28.5,70.0,98.69
1,28.5,70.0,99.19
1,28.5,70.0,90.19
1,28.5,3.0,8.0
2,28.5,70.0,92.69
1,28.5,128.0,170.1
2,28.5,70.0,97.13
2,28.5,70.0,97.13
1,28.5,70.0,85.94
2,28.5,133.2,144.39
2,28.5,70.0,97.13
1,28.5,70.0,86.94
1,28.5,70.0,103.34
2,28.5,70.0,90.55
2,28.5,0.0,-5.75
2,28.5,0.0,5.75
1,28.5,180.0,227.59
1,28.5,70.0,99.19
2,28.5,104.5,117.19
2,28.5,108.7,133.99
1,28.5,70.0,97.69
1,28.5,105.9,130.95
2,28.5,70.0,80.94
1,28.5,117.1,128.29
2,28.5,70.0,98.88
1,28.5,70.0,103.09
1,28.5,111.5,148.14
2,28.5,133.2,159.89
2,28.5,105.2,109.45
1,28.5,70.0,97.09
2,28.49,164.7,180.45
2,28.49,133.9,179.68
2,28.49,70.0,98.88
2,28.49,194.1,199.85
2,28.48,108.0,162.32
2,28.48,70.0,87.69
2,28.48,70.0,102.92
2,28.48,70.0,99.23
2,28.48,70.0,87.69
2,28.48,70.0,98.88
2,28.47,70.0,84.69
2,28.47,70.0,82.69
2,28.47,70.0,92.22
2,28.47,104.5,118.75
2,28.47,70.0,98.88
2,28.47,113.6,116.85
2,28.47,182.0,235.68
2,28.47,70.0,105.23
2,28.46,70.0,90.96
2,28.46,164.0,223.03
2,28.46,70.0,92.69
2,28.46,70.0,92.69
2,28.46,105.9,123.03
2,28.46,208.8,260.3
2,28.46,70.0,104.88
2,28.46,70.0,98.88
2,28.46,108.7,112.95
2,28.45,107.3,125.55
2,28.45,70.0,97.8
2,28.45,107.3,111.55
2,28.45,70.0,88.44
2,28.45,70.0,93.69
2,28.45,105.2,139.37
2,28.45,157.7,173.89
2,28.45,103.8,134.62
2,28.45,70.0,92.69
2,28.44,105.2,109.45
2,28.44,70.0,98.88
2,28.44,70.0,90.69
2,28.44,104.5,107.75
2,28.44,166.1,208.87
2,28.44,70.0,105.23
2,28.44,70.0,102.92
2,28.44,103.8,129.31
2,28.44,70.0,103.36
2,28.43,70.0,80.94
2,28.43,108.0,120.69
2,28.43,104.5,128.95
2,28.43,115.0,144.55
2,28.43,127.3,179.1
2,28.43,105.9,133.63
2,28.43,70.0,102.92
2,28.43,70.0,100.94
2,28.43,70.0,102.92
2,28.43,70.0,99.23
2,28.43,70.0,98.88
2,28.42,70.0,82.69
2,28.42,105.9,116.09
2,28.42,152.1,153.6
2,28.42,105.9,143.16
2,28.42,70.0,92.69
2,28.42,70.0,98.88
2,28.42,70.0,97.13
2,28.42,70.0,82.69
2,28.41,70.0,85.94
2,28.41,112.2,141.19
2,28.41,70.0,90.69
2,28.4,70.0,92.94
2,28.4,70.0,98.88
1,28.4,70.0,97.14
2,28.4,70.0,82.69
1,28.4,153.5,189.25
1,28.4,50.5,52.0
1,28.4,70.0,99.19
2,28.4,70.0,82.69
1,28.4,104.5,130.5
2,28.4,70.0,82.69
2,28.4,103.8,132.31
2,28.4,136.7,160.77
2,28.4,106.6,134.47
1,28.4,70.0,90.69
1,28.4,70.0,80.94
2,28.4,104.5,138.48
2,28.4,70.0,102.92
1,28.4,147.9,167.15
1,28.4,103.8,131.45
1,28.4,70.0,109.59
1,28.4,70.0,99.19
1,28.4,159.1,177.35
1,28.4,70.0,99.19
2,28.4,110.8,159.48
1,28.4,103.1,114.29
1,28.4,104.5,124.38
2,28.39,70.0,96.75
2,28.39,103.8,130.56
2,28.39,102.4,116.09
2,28.39,103.1,145.13
2,28.39,105.9,147.29
2,28.39,153.5,187.75
2,28.39,70.0,101.17
2,28.39,123.8,133.49
2,28.39,109.4,134.83
2,28.39,114.3,141.06
2,28.39,70.0,91.57
2,28.39,103.8,129.31
2,28.38,70.0,98.88
2,28.38,70.0,104.88
2,28.38,103.1,145.13
2,28.38,70.0,103.36
2,28.38,70.0,99.23
2,28.38,70.0,97.13
2,28.38,128.3,158.76
2,28.38,70.0,97.13
2,28.38,70.0,104.88
2,28.38,70.0,94.25
2,28.38,104.5,107.75
2,28.38,103.1,120.29
2,28.38,133.2,144.39
2,28.38,70.0,99.23
2,28.38,138.8,179.64
2,28.38,106.6,120.35
2,28.38,103.8,137.64
2,28.37,70.0,98.88
2,28.37,103.8,142.44
2,28.37,70.0,95.09
2,28.37,102.4,135.96
2,28.37,106.6,131.47
2,28.37,123.1,167.38
2,28.37,136.7,147.64
2,28.37,180.0,243.33
2,28.37,70.0,103.36
2,28.37,123.4,133.59
2,28.37,70.0,99.23
2,28.37,70.0,109.17
2,28.37,70.0,87.69
2,28.36,70.0,89.69
2,28.36,178.0,217.15
2,28.36,109.4,151.49
2,28.36,70.0,98.88
2,28.35,110.0,144.53
2,28.35,183.6,241.84
2,28.35,123.8,157.05
2,28.35,70.0,98.88
2,28.35,70.0,103.13
2,28.34,70.0,103.36
2,28.34,122.0,142.69
2,28.34,70.0,92.69
2,28.34,106.6,149.68
2,28.34,70.0,92.69
2,28.33,129.0,178.35
2,28.33,70.0,104.88
2,28.33,70.0,99.69
2,28.33,70.0,105.23
2,28.33,70.0,104.88
2,28.33,70.0,98.88
2,28.33,70.0,103.13
2,28.33,70.0,94.8
2,28.32,102.4,143.09
2,28.32,70.0,99.23
2,28.32,70.0,82.69
2,28.32,133.2,183.17
2,28.32,70.0,96.23
2,28.31,80.0,104.95
2,28.31,105.9,130.63
2,28.31,70.0,98.88
2,28.31,70.0,82.69
2,28.31,70.0,90.69
2,28.31,103.1,130.23
2,28.31,70.0,83.33
2,28.31,70.0,98.88
2,28.31,70.0,106.97
2,28.3,70.0,88.8
1,28.3,63.5,65.0
2,28.3,70.0,97.13
1,28.3,103.1,118.29
2,28.3,70.0,98.88
1,28.3,103.1,150.28
1,28.3,70.0,82.69
1,28.3,76.5,78.0
2,28.3,70.0,102.92
1,28.3,70.0,95.94
1,28.3,70.0,90.69
1,28.3,86.5,94.94
2,28.3,182.25,230.93
1,28.3,70.0,85.94
1,28.3,70.0,88.8
2,28.3,70.0,105.22
2,28.3,70.0,98.88
1,28.3,70.0,99.19
1,28.3,103.8,135.65
2,28.3,70.0,95.88
1,28.3,122.7,166.7
2,28.29,103.8,134.62
2,28.29,104.5,157.36
2,28.29,106.6,123.73
2,28.29,70.0,82.69
2,28.29,119.2,163.6
2,28.29,70.0,97.13
2,28.28,115.7,130.89
2,28.28,70.0,97.13
2,28.28,70.0,83.25
2,28.28,70.0,86.69
2,28.28,70.0,104.88
2,28.28,70.0,80.94
2,28.28,108.7,140.75
2,28.28,103.8,120.55
2,28.28,105.2,125.87
2,28.28,70.0,99.23
2,28.28,102.4,122.65
2,28.28,70.0,82.69
2,28.28,70.0,99.23
2,28.27,70.0,98.88
2,28.27,83.0,113.88
2,28.27,70.0,97.13
2,28.27,141.6,161.04
2,28.27,148.6,208.7
2,28.27,70.0,98.88
2,28.27,70.0,98.88
2,28.27,70.0,97.13
2,28.27,70.0,98.88
2,28.27,102.4,127.63
2,28.27,70.0,98.88
2,28.27,156.3,159.55
2,28.26,113.6,152.88
2,28.26,70.0,82.69
2,28.26,70.0,104.88
2,28.26,70.0,98.88
2,28.26,70.0,95.09
2,28.26,70.0,98.88
2,28.26,164.0,188.25
2,28.26,70.0,98.88
2,28.26,109.4,115.15
2,28.26,104.5,128.95
2,28.25,175.9,201.09
2,28.25,70.0,80.75
2,28.25,70.0,80.94
2,28.25,70.0,97.13
2,28.25,70.0,97.69
2,28.25,103.1,108.85
2,28.25,150.0,174.69
2,28.25,70.0,103.13
2,28.25,70.0,98.88
2,28.24,70.0,98.88
2,28.24,107.3,132.31
2,28.24,125.0,163.13
2,28.24,70.0,107.42
2,28.24,150.0,196.19
2,28.23,70.0,87.11
2,28.23,106.6,118.54
2,28.23,70.0,97.13
2,28.23,70.0,97.13
2,28.23,143.0,148.75
2,28.23,70.0,100.94
2,28.23,70.0,99.23
2,28.23,150.0,159.69
2,28.23,133.9,173.76
2,28.23,70.0,98.88
2,28.22,70.0,82.69
2,28.22,189.9,244.38
2,28.22,70.0,99.23
2,28.22,123.8,175.22
2,28.22,70.0,84.94
2,28.22,70.0,98.88
2,28.22,125.5,179.13
2,28.22,106.6,116.79
2,28.22,101.7,138.12
2,28.22,70.0,107.21
2,28.22,70.0,111.72
2,28.22,70.0,101.18
2,28.21,70.0,99.23
2,28.21,104.5,141.48
2,28.21,70.0,98.88
2,28.21,103.1,114.29
2,28.21,103.1,115.79
2,28.21,70.0,102.92
2,28.21,156.3,222.41
2,28.21,103.1,119.35
2,28.21,153.5,191.19
1,28.2,70.0,103.09
2,28.2,107.3,118.49
1,28.2,70.0,80.94
1,28.2,70.0,92.5
1,28.2,76.5,84.94
1,28.2,70.0,99.19
1,28.2,70.0,99.24
1,28.2,129.7,142.39
2,28.2,101.7,109.95
1,28.2,116.0,140.44
1,28.2,70.0,99.19
1,28.2,124.1,144.29
2,28.2,70.0,92.69
1,28.2,70.0,97.09
1,28.2,103.8,129.65
1,28.2,52.5,54.0
2,28.2,70.0,99.23
1,28.2,148.6,159.54
2,28.2,109.4,134.28
2,28.2,70.0,100.84
1,28.2,102.4,106.65
1,28.2,161.9,199.05
1,28.2,70.0,93.08
2,28.2,104.5,138.53
2,28.2,70.0,97.13
2,28.19,70.0,104.88
2,28.19,70.0,99.23
2,28.19,102.4,127.63
2,28.19,70.0,105.0
2,28.19,70.0,97.13
2,28.19,134.6,180.17
2,28.19,70.0,94.69
2,28.19,148.6,190.87
2,28.19,147.2,170.27
2,28.19,70.0,99.8
2,28.19,103.8,114.99
2,28.19,131.1,190.05
2,28.19,70.0,80.94
2,28.18,106.6,142.74
2,28.18,103.8,134.62
2,28.18,103.8,129.31
2,28.18,70.0,120.94
2,28.18,70.0,82.69
2,28.18,102.4,125.65
2,28.18,70.0,100.87
2,28.17,70.0,98.88
2,28.17,70.0,104.88
2,28.16,70.0,102.92
2,28.16,70.0,97.13
2,28.16,70.0,80.94
2,28.16,70.0,83.44
2,28.16,70.0,90.94
2,28.16,103.8,107.05
2,28.16,70.0,99.23
2,28.16,70.0,98.88
2,28.16,70.0,98.88
2,28.16,101.7,126.79
2,28.15,70.0,97.13
2,28.15,70.0,80.19
2,28.15,169.6,177.85
2,28.15,70.0,82.69
2,28.15,70.0,98.88
2,28.15,70.0,98.88
2,28.15,159.1,171.35
2,28.15,70.0,98.88
2,28.15,70.0,98.88
2,28.15,70.0,98.88
2,28.14,110.8,119.24
2,28.14,126.9,158.28
2,28.14,70.0,87.94
2,28.14,70.0,98.88
2,28.13,70.0,80.94
2,28.13,70.0,92.69
2,28.13,150.0,197.26
2,28.13,70.0,94.13
2,28.13,70.0,82.69
2,28.13,70.0,90.96
2,28.13,107.3,130.55
2,28.13,136.0,147.19
2,28.13,104.5,108.75
2,28.13,112.2,141.54
2,28.13,70.0,98.88
2,28.12,80.0,106.02
2,28.12,107.3,125.2
2,28.12,108.7,157.55
2,28.12,70.0,80.94
2,28.12,70.0,94.99
2,28.12,70.0,88.94
2,28.12,103.8,129.31
2,28.12,70.0,80.94
2,28.12,70.0,99.23
2,28.12,131.1,146.1
2,28.11,177.3,216.31
2,28.11,70.0,82.69
2,28.11,104.5,129.63
2,28.11,70.0,98.88
2,28.11,102.4,127.63
1,28.1,70.0,99.19
1,28.1,110.8,240.12
2,28.1,136.7,146.89
1,28.1,112.2,126.2
2,28.1,145.1,186.0
1,28.1,159.8,168.05
2,28.1,106.6,146.15
1,28.1,70.0,88.94
1,28.1,70.0,103.14
2,28.1,70.0,99.23
1,28.1,70.0,94.94
2,28.1,70.0,97.13
1,28.1,70.0,99.24
1,28.1,70.0,80.94
1,28.1,70.0,101.14
1,28.1,70.0,97.14
1,28.1,70.0,89.03
2,28.1,101.7,126.79
1,28.1,162.6,187.35
2,28.1,70.0,98.88
2,28.1,166.1,192.93
1,28.1,125.0,144.0
1,28.1,70.0,110.75
2,28.09,103.8,145.97
2,28.09,70.0,98.88
2,28.09,70.0,82.69
2,28.09,70.0,84.99
2,28.09,70.0,99.23
2,28.09,70.0,97.13
2,28.09,103.8,108.05
2,28.09,70.0,98.88
2,28.09,103.8,129.66
2,28.09,70.0,100.13
2,28.09,70.0,87.69
2,28.09,70.0,82.69
2,28.08,70.0,97.13
2,28.08,104.5,128.88
2,28.08,70.0,90.96
2,28.08,70.0,98.88
2,28.08,175.0,218.95
2,28.08,70.0,80.94
2,28.08,70.0,99.23
2,28.08,144.4,164.59
2,28.08,70.0,114.0
2,28.08,102.4,138.96
2,28.08,103.1,128.47
2,28.08,106.6,134.82
2,28.08,70.0,87.69
2,28.08,70.0,103.13
2,28.08,70.0,85.94
2,28.08,70.0,103.13
2,28.07,105.9,130.63
2,28.07,70.0,98.88
2,28.07,107.3,133.51
2,28.07,70.0,88.21
2,28.07,70.0,80.94
2,28.07,103.1,129.85
2,28.07,70.0,97.13
2,28.07,70.0,98.88
2,28.07,70.0,98.88
2,28.07,70.0,100.13
2,28.06,103.1,128.47
2,28.06,70.0,98.88
2,28.06,70.0,97.13
2,28.06,70.0,96.55
2,28.06,108.0,116.25
2,28.06,129.7,183.32
2,28.06,70.0,103.13
2,28.06,70.0,103.13
2,28.05,70.0,82.69
2,28.05,103.8,121.93
2,28.05,70.0,82.69
2,28.05,101.7,138.93
2,28.05,70.0,84.69
2,28.05,106.6,121.98
2,28.05,109.4,112.65
2,28.05,103.1,109.35
2,28.05,70.0,90.94
2,28.05,103.8,108.05
2,28.05,70.0,88.8
2,28.05,106.6,112.35
2,28.04,102.4,127.63
2,28.04,101.7,109.95
2,28.04,102.4,136.31
2,28.04,106.6,113.35
2,28.04,70.0,99.23
2,28.04,136.7,157.89
2,28.04,178.7,189.89
2,28.03,70.0,80.94
2,28.03,70.0,80.94
2,28.03,103.1,107.35
2,28.03,103.8,107.05
2,28.03,70.0,92.69
2,28.03,70.0,97.13
2,28.03,70.0,87.69
2,28.02,70.0,85.75
2,28.02,70.0,98.88
2,28.02,70.0,98.88
2,28.02,104.5,130.15
2,28.02,70.0,105.22
2,28.02,116.4,171.91
2,28.02,105.9,130.98
2,28.02,105.9,121.65
2,28.01,70.0,100.13
2,28.01,70.0,97.13
2,28.01,70.0,80.94
2,28.01,70.0,90.9
2,28.01,103.1,106.35
2,28.01,70.0,103.36
2,28.01,70.0,102.92
2,28.01,70.0,90.96
2,28.01,70.0,92.69
2,28.01,122.4,163.78
2,28.01,70.0,105.22
2,28.01,103.1,130.27
1,28.0,70.0,105.24
1,28.0,70.0,92.69
2,28.0,70.0,85.94
2,28.0,70.0,97.13
1,28.0,70.0,99.24
1,28.0,33.5,35.0
1,28.0,154.9,181.09
2,28.0,70.0,89.69
2,28.0,114.3,149.39
1,28.0,167.5,225.2
1,28.0,138.8,168.99
2,28.0,70.0,98.88
2,28.0,133.2,143.39
2,28.0,70.0,102.92
1,28.0,156.5,174.69
1,28.0,123.1,147.35
2,28.0,127.6,142.79
1,28.0,183.6,187.6
1,28.0,60.5,62.0
2,28.0,130.4,151.59
1,28.0,148.6,159.54
1,28.0,101.0,137.8
1,28.0,70.0,99.19
1,28.0,73.5,88.88
1,28.0,148.6,174.79
1,28.0,70.0,99.24
1,28.0,70.0,86.94
2,28.0,102.4,139.56
1,28.0,67.5,75.94
1,28.0,132.5,167.69
1,28.0,117.8,128.99
1,28.0,154.9,165.65
2,28.0,70.0,98.88
1,28.0,70.0,92.69
2,28.0,70.0,80.94
2,27.99,70.0,98.88
2,27.99,70.0,105.63
2,27.99,70.0,88.8
2,27.99,102.4,113.59
2,27.98,70.0,91.25
2,27.98,70.0,99.23
2,27.98,70.0,80.94
2,27.98,70.0,94.69
2,27.98,123.4,191.51
2,27.98,102.4,106.65
2,27.98,103.8,108.05
2,27.98,108.7,121.39
2,27.98,70.0,98.88
2,27.98,70.0,98.88
2,27.98,70.0,101.17
2,27.98,129.7,133.7
2,27.97,140.2,157.89
2,27.97,85.0,114.53
2,27.97,70.0,98.88
2,27.97,70.0,97.13
2,27.97,174.5,177.75
2,27.97,170.0,188.44
2,27.97,123.4,137.64
2,27.97,70.0,97.13
2,27.96,101.7,137.27
2,27.96,171.7,201.89
2,27.96,70.0,87.69
2,27.96,152.8,159.3
2,27.96,102.4,126.43
2,27.96,70.0,97.13
2,27.96,70.0,90.19
2,27.95,135.3,175.49
2,27.95,70.0,87.69
2,27.95,200.0,235.07
2,27.95,110.1,127.23
2,27.95,70.0,98.88
2,27.95,194.8,268.27
2,27.95,70.0,98.88
2,27.95,108.7,133.99
2,27.95,70.0,90.0
2,27.95,70.0,98.88
2,27.94,101.7,128.59
2,27.94,101.7,138.17
2,27.94,115.0,146.57
2,27.94,70.0,97.13
2,27.93,70.0,104.88
2,27.93,109.4,146.83
2,27.93,152.1,203.4
2,27.93,101.7,121.84
2,27.93,70.0,97.13
2,27.93,105.2,139.32
2,27.93,70.0,97.13
2,27.93,70.0,99.23
2,27.93,121.7,169.3
2,27.93,103.8,134.62
2,27.92,115.0,191.24
2,27.92,102.4,127.63
2,27.92,70.0,97.13
2,27.92,70.0,97.13
2,27.92,70.0,74.0
2,27.92,150.0,209.73
2,27.92,70.0,99.23
2,27.92,70.0,82.69
2,27.92,102.4,139.31
2,27.92,100.0,124.2
2,27.91,101.7,127.14
2,27.91,103.1,114.29
2,27.91,101.7,116.55
2,27.91,70.0,97.57
2,27.91,70.0,104.88
2,27.91,70.0,102.92
2,27.91,104.5,131.95
2,27.91,136.0,206.45
2,27.91,128.7,160.08
2,27.91,70.0,80.94
2,27.91,124.8,149.99
2,27.91,131.1,170.4
2,27.91,124.8,154.99
2,27.91,127.3,182.84
1,27.9,101.0,122.5
2,27.9,124.5,160.25
2,27.9,106.6,140.0
2,27.9,70.0,98.88
2,27.9,122.4,178.54
1,27.9,103.1,120.23
2,27.9,70.0,80.94
2,27.9,70.0,87.69
1,27.9,102.4,117.32
1,27.9,106.6,119.29
2,27.9,103.8,114.74
1,27.9,121.7,150.08
2,27.9,101.7,135.12
1,27.9,70.0,85.94
2,27.9,168.9,206.58
2,27.9,70.0,98.88
1,27.9,136.0,183.64
2,27.9,70.0,82.69
1,27.9,70.0,90.94
1,27.9,70.0,90.94
1,27.9,70.0,99.24
2,27.9,106.6,117.79
2,27.9,102.4,113.34
2,27.9,70.0,98.88
2,27.9,103.1,114.29
1,27.9,101.0,124.2
2,27.9,70.0,103.36
1,27.9,70.0,94.69
1,27.9,58.5,60.0
2,27.9,70.0,97.13
2,27.9,70.0,85.94
2,27.9,102.4,127.63
2,27.89,70.0,85.94
2,27.89,70.0,99.23
2,27.89,101.0,111.19
2,27.89,70.0,102.92
2,27.89,99.6,108.85
2,27.89,70.0,82.69
2,27.89,70.0,83.69
2,27.89,70.0,107.42
2,27.88,103.8,112.05
2,27.88,109.4,130.0
2,27.88,70.0,82.69
2,27.88,70.0,98.88
2,27.88,70.0,101.17
2,27.88,70.0,83.44
2,27.88,109.4,141.55
2,27.88,105.9,133.63
2,27.87,70.0,92.69
2,27.87,115.7,123.95
2,27.87,70.0,93.08
2,27.87,107.3,138.31
2,27.87,111.5,140.7
2,27.87,70.0,104.88
2,27.87,104.5,138.53
2,27.87,105.9,109.15
2,27.86,102.4,127.98
2,27.86,101.0,136.08
2,27.86,70.0,90.69
2,27.86,102.4,126.43
2,27.86,168.9,177.15
2,27.86,101.0,115.25
2,27.86,102.4,113.59
2,27.86,101.0,128.95
2,27.86,115.0,148.88
2,27.85,70.0,82.69
2,27.85,101.7,127.14
2,27.85,70.0,99.23
2,27.85,70.0,94.88
2,27.85,105.0,145.53
2,27.85,70.0,99.23
2,27.85,103.8,129.31
2,27.85,101.7,134.83
2,27.85,70.0,80.94
2,27.84,70.0,82.69
2,27.84,101.0,134.28
2,27.84,70.0,97.13
2,27.84,70.0,99.23
2,27.84,117.1,135.35
2,27.84,105.9,133.63
2,27.84,70.0,98.88
2,27.84,101.7,126.79
2,27.84,70.0,95.09
2,27.83,70.0,92.22
2,27.83,70.0,94.63
2,27.83,70.0,103.13
2,27.83,108.7,111.95
2,27.83,101.0,136.43
2,27.82,152.1,156.35
2,27.82,101.7,125.59
2,27.82,1.5,4.75
2,27.82,101.0,119.13
2,27.82,101.7,126.79
2,27.82,70.0,104.88
2,27.81,70.0,91.69
2,27.81,102.4,129.78
2,27.81,70.0,98.63
2,27.81,70.0,83.44
2,27.81,102.4,119.18
2,27.81,70.0,85.94
2,27.81,124.5,135.19
2,27.81,159.8,201.31
2,27.81,70.0,97.13
2,27.81,108.7,118.89
2,27.81,124.8,147.87
1,27.8,38.5,40.0
2,27.8,70.0,98.88
2,27.8,101.7,114.39
1,27.8,70.0,101.14
1,27.8,149.3,167.55
1,27.8,101.0,142.0
1,27.8,105.2,130.1
1,27.8,70.0,99.19
1,27.8,70.0,101.14
1,27.8,55.5,57.0
2,27.8,103.1,105.6
1,27.8,54.5,56.0
1,27.8,70.0,105.19
1,27.8,103.1,127.62
2,27.8,106.6,128.54
1,27.8,70.0,84.69
1,27.8,70.0,97.13
1,27.8,70.0,103.34
1,27.8,70.0,90.94
1,27.8,56.5,58.0
1,27.8,70.0,90.94
2,27.79,70.0,98.88
2,27.79,111.5,119.75
2,27.79,102.4,131.09
2,27.79,101.0,125.95
2,27.79,101.7,126.79
2,27.79,120.0,134.38
2,27.79,101.0,125.95
2,27.79,150.0,189.55
2,27.79,99.6,112.22
2,27.79,70.0,80.94
2,27.79,102.4,106.65
2,27.79,108.0,143.0
2,27.78,103.1,132.5
2,27.78,135.3,136.8
2,27.78,70.0,94.94
2,27.78,105.9,118.59
2,27.78,70.0,80.94
2,27.78,70.0,100.09
2,27.78,104.5,138.53
2,27.78,90.0,112.2
2,27.78,70.0,100.94
2,27.78,101.0,105.25
2,27.78,147.2,162.89
2,27.77,70.0,103.13
2,27.77,101.7,116.89
2,27.77,70.0,102.92
2,27.77,110.1,145.2
2,27.77,100.3,138.24
2,27.77,122.0,204.18
2,27.77,70.0,102.92
2,27.77,103.8,109.55
2,27.77,70.0,98.88
2,27.77,105.2,107.7
2,27.77,120.0,155.28
2,27.76,104.5,128.95
2,27.76,190.0,254.93
2,27.76,101.7,117.64
2,27.76,103.8,122.84
2,27.76,70.0,104.88
2,27.76,119.9,155.76
2,27.76,70.0,99.23
2,27.76,101.7,112.89
2,27.76,70.0,98.88
2,27.76,101.0,125.1
2,27.75,70.0,82.69
2,27.75,100.3,113.99
2,27.75,102.4,127.63
2,27.75,103.8,123.11
2,27.75,70.0,86.69
2,27.75,129.7,185.37
2,27.75,168.9,209.23
2,27.75,70.0,97.13
2,27.75,101.0,127.19
2,27.75,126.2,168.29
2,27.74,153.5,202.08
2,27.74,100.3,104.55
2,27.74,70.0,97.13
2,27.74,122.0,125.25
2,27.74,120.3,163.37
2,27.74,150.0,171.32
2,27.74,105.2,108.45
2,27.74,85.0,95.44
2,27.73,70.0,98.88
2,27.73,130.4,150.59
2,27.73,105.2,109.45
2,27.73,70.0,98.88
2,27.73,103.1,131.23
2,27.73,102.4,126.43
2,27.73,108.7,156.83
2,27.73,105.9,137.72
2,27.73,70.0,92.05
2,27.73,150.0,184.2
2,27.73,70.0,95.88
2,27.73,129.0,145.19
2,27.72,172.4,244.39
2,27.72,70.0,82.69
2,27.72,100.3,132.59
2,27.72,108.0,133.94
2,27.72,70.0,98.88
2,27.72,100.0,117.75
2,27.72,70.0,92.69
2,27.72,129.7,162.39
2,27.72,70.0,98.88
2,27.72,171.0,175.25
2,27.71,70.0,97.13
2,27.71,133.9,172.56
2,27.71,101.7,126.79
2,27.71,70.0,98.88
2,27.71,150.7,158.95
2,27.71,144.4,168.65
2,27.71,102.4,106.65
2,27.71,104.5,119.75
2,27.71,131.0,192.15
2,27.71,107.3,132.31
1,27.7,136.0,148.69
1,27.7,100.3,139.24
1,27.7,70.0,99.24
1,27.7,70.0,82.69
1,27.7,63.5,71.94
1,27.7,58.5,60.0
2,27.7,157.0,189.6
2,27.7,70.0,98.88
1,27.7,64.5,66.0
1,27.7,100.3,117.43
2,27.7,103.1,128.82
1,27.7,70.0,97.09
1,27.7,54.5,56.0
1,27.7,65.5,73.94
1,27.7,70.0,99.24
2,27.7,97.2,146.38
2,27.7,149.3,197.04
2,27.7,104.5,108.75
1,27.7,111.5,132.25
2,27.7,101.7,126.79
2,27.7,150.7,208.17
1,27.7,70.0,103.14
1,27.7,101.7,142.94
1,27.7,70.0,89.69
2,27.69,70.0,98.88
2,27.69,70.0,92.69
2,27.69,103.1,127.27
2,27.69,101.7,115.39
2,27.69,70.0,98.88
2,27.69,95.0,105.44
2,27.69,101.0,127.75
2,27.68,175.2,185.95
2,27.68,70.0,85.19
2,27.68,101.7,107.45
2,27.68,70.0,93.94
2,27.68,70.0,83.94
2,27.67,104.5,137.28
2,27.67,70.0,97.13
2,27.67,70.0,110.94
2,27.66,111.5,149.92
2,27.66,70.0,101.17
2,27.66,130.0,133.0
2,27.66,70.0,97.13
2,27.65,70.0,99.23
2,27.65,105.2,132.79
2,27.65,70.0,98.88
2,27.65,100.3,104.55
2,27.65,101.0,125.95
2,27.65,101.0,142.61
2,27.65,70.0,82.69
2,27.65,70.0,95.63
2,27.65,103.8,125.93
2,27.64,70.0,99.23
2,27.64,103.1,125.52
2,27.64,139.0,162.32
2,27.64,70.0,107.69
2,27.64,105.9,124.15
2,27.64,105.9,139.15
2,27.64,132.5,180.25
2,27.63,101.7,112.89
2,27.63,196.0,228.44
2,27.63,154.9,164.15
2,27.63,113.6,151.2
2,27.63,70.0,95.94
2,27.63,173.1,199.29
2,27.63,70.0,82.69
2,27.63,101.0,125.95
2,27.63,70.0,97.13
2,27.63,104.5,153.32
2,27.62,105.9,131.65
2,27.62,70.0,80.19
2,27.62,124.1,160.8
2,27.62,103.1,120.23
2,27.62,70.0,92.69
2,27.62,101.7,132.44
2,27.62,115.0,125.94
2,27.62,150.0,203.38
2,27.62,182.2,187.95
2,27.62,70.0,97.13
2,27.62,140.0,165.07
2,27.62,70.0,103.13
2,27.61,70.0,98.88
2,27.61,70.0,99.63
2,27.61,120.3,142.68
2,27.61,70.0,75.75
2,27.61,150.0,189.53
2,27.61,136.4,202.41
2,27.61,70.0,82.69
2,27.61,70.0,98.88
1,27.6,115.0,162.84
1,27.6,86.55,87.55
1,27.6,70.0,80.94
1,27.6,114.3,121.05
1,27.6,77.5,88.54
1,27.6,70.0,90.94
2,27.6,133.2,158.27
1,27.6,70.0,80.94
1,27.6,37.5,39.0
1,27.6,70.0,87.19
2,27.6,170.0,178.44
1,27.6,70.0,99.24
2,27.6,101.7,125.59
1,27.6,103.8,127.55
1,27.6,70.0,82.69
2,27.6,105.9,122.04
1,27.6,70.0,103.34
2,27.6,190.6,259.92
1,27.6,130.4,169.89
2,27.6,101.0,126.3
1,27.6,70.0,105.19
2,27.6,70.0,92.69
1,27.6,75.5,83.94
2,27.59,70.0,82.69
2,27.59,117.1,153.6
2,27.59,99.6,132.54
2,27.59,105.2,141.12
2,27.59,101.7,105.95
2,27.59,116.4,148.45
2,27.59,125.9,177.11
2,27.59,100.3,135.24
2,27.59,101.0,111.75
2,27.58,101.7,128.59
2,27.58,70.0,89.69
2,27.58,70.0,92.69
2,27.58,103.8,119.55
2,27.58,102.4,127.98
2,27.58,235.0,237.75
2,27.58,70.0,98.88
2,27.58,101.7,125.94
2,27.58,70.0,101.17
2,27.58,101.7,107.45
2,27.58,70.0,106.97
2,27.58,70.0,94.62
2,27.57,70.0,99.23
2,27.57,101.0,131.13
2,27.57,100.3,138.11
2,27.57,128.3,152.37
2,27.57,70.0,97.13
2,27.57,101.0,116.25
2,27.56,104.5,126.75
2,27.56,70.0,101.17
2,27.56,70.0,106.61
2,27.56,128.3,139.49
2,27.56,70.0,97.13
2,27.56,99.6,118.85
2,27.56,70.0,97.13
2,27.55,70.0,90.94
2,27.55,70.0,98.88
2,27.55,101.7,125.59
2,27.55,113.6,149.45
2,27.55,100.3,130.69
2,27.55,103.1,132.5
2,27.55,105.9,123.03
2,27.55,70.0,102.92
2,27.54,105.9,125.26
2,27.54,102.4,126.43
2,27.54,100.3,120.93
2,27.54,101.0,124.75
2,27.54,158.4,196.59
2,27.54,70.0,98.88
2,27.54,101.7,128.94
2,27.54,102.4,108.15
2,27.54,103.8,137.64
2,27.54,100.3,126.91
2,27.54,145.1,178.87
2,27.54,100.3,125.11
2,27.54,70.0,98.88
2,27.54,128.3,149.43
2,27.54,70.0,98.88
2,27.53,70.0,97.13
2,27.53,103.1,144.3
2,27.53,158.4,166.65
2,27.53,102.4,109.15
2,27.53,101.7,105.95
2,27.52,101.0,125.95
2,27.52,102.4,126.43
2,27.52,99.6,135.6
2,27.52,104.5,128.95
2,27.52,124.5,138.88
2,27.52,112.9,123.09
2,27.51,157.7,165.95
2,27.51,70.0,98.83
2,27.51,98.9,123.43
2,27.51,101.7,126.79
1,27.5,110.1,130.85
1,27.5,75.5,77.0
2,27.5,102.4,105.65
1,27.5,70.0,80.94
2,27.5,104.5,137.37
1,27.5,151.4,202.3
1,27.5,70.0,87.69
1,27.5,70.0,87.69
2,27.5,70.0,99.23
1,27.5,117.1,159.94
1,27.5,70.0,105.19
1,27.5,100.3,127.25
1,27.5,99.6,112.29
1,27.5,76.5,87.54
1,27.5,100.3,139.04
1,27.5,181.5,189.75
1,27.5,106.6,116.79
2,27.5,101.0,110.25
2,27.5,70.0,97.13
2,27.5,70.0,100.94
1,27.5,103.1,138.25
1,27.5,160.5,198.75
1,27.5,102.4,127.95
1,27.5,70.0,82.69
2,27.5,70.0,97.13
2,27.5,103.8,109.55
2,27.5,103.1,104.6
2,27.5,104.5,137.28
2,27.5,106.6,134.47
1,27.5,127.6,137.79
1,27.5,63.5,65.0
2,27.49,103.8,137.54
2,27.49,70.0,98.88
2,27.49,70.0,105.23
2,27.49,100.3,114.55
2,27.49,101.7,114.39
2,27.49,105.9,111.65
2,27.49,100.3,129.0
2,27.49,101.7,130.75
2,27.49,70.0,95.88
2,27.49,70.0,98.88
2,27.48,101.7,111.89
2,27.48,148.6,188.22
2,27.48,107.3,123.55
2,27.48,105.9,160.78
2,27.48,129.0,150.19
2,27.48,112.9,148.56
2,27.47,70.0,132.3
2,27.47,103.8,128.11
2,27.47,101.0,112.19
2,27.47,102.4,126.43
2,27.47,102.4,127.63
2,27.47,109.4,112.65
2,27.47,70.0,98.88
2,27.47,100.3,125.11
2,27.46,100.3,125.46
2,27.46,97.5,120.9
2,27.46,70.0,97.13
2,27.46,70.0,97.13
2,27.46,168.9,182.15
2,27.46,70.0,85.94
2,27.46,70.0,90.69
2,27.46,112.2,131.83
2,27.45,100.3,107.55
2,27.45,101.0,124.75
2,27.45,104.5,138.63
2,27.45,70.0,82.69
2,27.45,100.3,127.99
2,27.45,104.5,131.95
2,27.45,70.0,98.88
2,27.45,101.0,111.99
2,27.45,105.9,130.63
2,27.45,70.0,92.69
2,27.44,160.5,182.75
2,27.44,104.5,123.69
2,27.44,70.0,97.13
2,27.44,110.1,135.67
2,27.44,115.7,174.18
2,27.44,70.0,80.94
2,27.44,169.0,193.69
2,27.44,151.4,154.65
2,27.44,70.0,82.69
2,27.44,122.0,134.69
2,27.44,70.0,80.94
2,27.44,101.7,112.89
2,27.43,70.0,80.94
2,27.43,70.0,97.13
2,27.43,70.0,85.94
2,27.43,100.3,121.05
2,27.43,101.0,116.25
2,27.43,70.0,97.69
2,27.43,101.7,104.95
2,27.43,70.0,97.13
2,27.43,105.2,124.72
2,27.43,99.6,121.85
2,27.43,105.9,138.63
2,27.42,105.9,109.15
2,27.42,107.3,132.31
2,27.42,103.8,136.44
2,27.42,101.0,104.25
2,27.42,124.8,157.81
2,27.42,70.0,89.03
2,27.42,70.0,90.55
2,27.42,70.0,102.92
2,27.42,70.0,98.88
2,27.42,70.0,97.13
2,27.42,101.7,122.45
2,27.42,135.0,144.69
2,27.42,139.5,162.19
2,27.42,162.0,170.5
2,27.42,70.0,90.19
2,27.41,99.6,114.23
2,27.41,101.0,110.25
2,27.41,70.0,102.92
2,27.41,101.0,131.13
2,27.41,70.0,80.19
2,27.41,105.9,130.63
2,27.41,122.4,177.86
2,27.41,101.0,125.95
2,27.41,102.4,132.88
2,27.41,70.0,82.69
2,27.41,129.0,144.19
2,27.41,70.0,97.13
1,27.4,70.0,99.24
2,27.4,70.0,80.94
2,27.4,115.0,151.08
2,27.4,108.0,144.48
1,27.4,70.0,80.94
1,27.4,70.0,99.19
2,27.4,70.0,82.69
2,27.4,121.3,158.64
2,27.4,70.0,95.88
2,27.4,101.7,129.79
1,27.4,70.0,80.94
2,27.4,104.5,110.25
1,27.4,70.0,101.14
2,27.4,100.3,104.55
1,27.4,70.0,80.94
1,27.4,99.6,107.85
1,27.4,70.0,99.19
1,27.4,70.0,82.69
1,27.4,70.0,99.19
1,27.4,99.6,115.85
1,27.4,101.0,102.5
1,27.4,37.5,39.0
1,27.4,126.9,174.44
1,27.4,70.0,105.24
1,27.4,70.0,99.24
1,27.4,70.0,103.34
2,27.4,188.0,206.13
2,27.39,99.6,124.27
2,27.39,129.0,137.44
2,27.39,102.4,108.9
2,27.39,102.4,105.65
2,27.39,70.0,98.88
2,27.39,100.3,125.11
2,27.39,103.8,107.05
2,27.39,70.0,80.94
2,27.38,168.75,190.07
2,27.38,99.6,124.27
2,27.38,100.3,140.8
2,27.38,100.3,123.91
2,27.38,152.8,194.99
2,27.38,101.7,112.45
2,27.38,70.0,102.92
2,27.38,70.0,97.13
2,27.38,101.0,125.95
2,27.38,100.3,130.25
2,27.38,101.0,126.19
2,27.38,101.0,125.95
2,27.38,70.0,80.94
2,27.37,70.0,99.23
2,27.37,103.1,128.47
2,27.37,150.0,168.75
2,27.37,103.1,127.27
2,27.37,101.0,105.25
2,27.37,70.0,90.55
2,27.36,70.0,99.23
2,27.36,106.6,110.85
2,27.36,100.3,103.55
2,27.36,153.5,196.75
2,27.36,103.1,127.27
2,27.36,103.1,119.85
2,27.36,102.4,126.43
2,27.36,70.0,107.42
2,27.36,70.0,105.22
2,27.36,101.7,121.89
2,27.36,100.3,128.11
2,27.36,70.0,97.13
2,27.36,131.1,142.29
2,27.36,101.0,124.75
2,27.36,70.0,97.13
2,27.35,113.6,151.2
2,27.35,99.6,125.35
2,27.35,114.3,155.31
2,27.35,100.3,125.11
2,27.35,70.0,81.09
2,27.35,103.8,112.05
2,27.35,70.0,98.88
2,27.34,99.6,102.85
2,27.34,101.0,125.95
2,27.34,149.3,157.55
2,27.34,106.6,129.72
2,27.34,112.9,131.15
2,27.34,82.0,98.32
2,27.33,108.0,121.25
2,27.33,103.8,132.31
2,27.33,70.0,98.88
2,27.33,99.6,131.4
2,27.33,99.6,112.85
2,27.32,70.0,82.69
2,27.32,99.6,124.62
2,27.32,99.6,124.27
2,27.32,70.0,98.88
2,27.31,98.2,106.45
2,27.31,107.3,123.49
2,27.31,154.9,158.15
2,27.31,98.9,123.43
2,27.31,105.9,137.35
2,27.31,101.7,142.61
2,27.31,101.7,133.88
2,27.31,123.4,164.16
2,27.31,70.0,87.69
2,27.31,103.8,116.49
2,27.31,100.3,125.46
2,27.31,98.9,128.94
2,27.31,152.8,177.05
1,27.3,99.6,119.85
2,27.3,104.5,128.95
1,27.3,100.3,132.55
1,27.3,70.0,94.0
1,27.3,134.6,166.73
1,27.3,70.0,109.59
1,27.3,76.5,78.0
1,27.3,114.3,118.3
1,27.3,70.0,95.69
1,27.3,150.0,151.0
1,27.3,103.1,145.23
2,27.3,101.0,126.3
1,27.3,110.1,120.29
2,27.3,103.8,133.37
2,27.3,101.7,104.95
1,27.3,70.0,87.69
2,27.3,126.2,151.39
1,27.3,64.5,79.88
1,27.3,124.5,166.68
1,27.3,122.0,145.12
1,27.3,70.0,99.24
1,27.3,98.9,111.59
2,27.3,98.9,123.43
2,27.3,70.0,87.69
1,27.3,70.0,80.19
2,27.3,70.0,97.13
1,27.3,126.9,157.09
1,27.3,145.8,181.99
1,27.3,169.6,190.35
1,27.3,70.0,80.94
1,27.3,82.5,90.94
2,27.29,70.0,99.23
2,27.29,129.7,167.52
2,27.29,100.3,104.56
2,27.29,99.6,126.07
2,27.29,104.5,128.95
2,27.29,70.0,98.88
2,27.29,101.7,104.95
2,27.29,103.8,131.11
2,27.29,128.0,137.69
2,27.29,130.4,141.59
2,27.29,102.4,107.4
2,27.29,100.3,125.11
2,27.29,70.0,97.69
2,27.28,103.1,106.35
2,27.28,101.0,112.69
2,27.28,70.0,85.0
2,27.28,99.6,103.85
2,27.28,134.3,172.44
2,27.28,100.3,124.55
2,27.28,136.0,176.44
2,27.28,102.4,112.64
2,27.28,104.5,138.53
2,27.28,100.3,104.55
2,27.28,103.8,131.11
2,27.28,70.0,87.94
2,27.27,110.8,122.05
2,27.27,98.2,122.59
2,27.27,101.7,130.75
2,27.27,99.6,103.6
2,27.27,100.3,123.91
2,27.27,70.0,97.13
2,27.27,98.9,122.58
2,27.27,70.0,80.94
2,27.27,99.6,113.85
2,27.26,70.0,86.69
2,27.26,70.0,85.94
2,27.26,99.6,124.27
2,27.26,70.0,82.69
2,27.26,101.0,127.75
2,27.26,103.1,133.85
2,27.26,70.0,82.69
2,27.25,99.6,132.95
2,27.25,70.0,92.69
2,27.25,110.0,133.07
2,27.25,70.0,99.23
2,27.25,70.0,75.75
2,27.25,99.6,123.07
2,27.25,150.0,152.75
2,27.24,105.2,129.79
2,27.24,102.4,134.75
2,27.24,173.1,178.35
2,27.24,101.7,111.89
2,27.24,101.7,107.45
2,27.24,99.6,113.85
2,27.24,70.0,90.96
2,27.23,100.3,123.43
2,27.23,100.3,125.11
2,27.23,70.0,92.69
2,27.23,99.6,124.62
2,27.23,70.0,82.69
2,27.23,100.3,125.11
2,27.23,99.6,103.85
2,27.23,104.5,114.69
2,27.23,70.0,80.94
2,27.22,98.9,123.78
2,27.22,98.9,123.43
2,27.22,105.2,135.79
2,27.22,98.9,113.15
2,27.22,100.3,138.92
2,27.22,100.3,124.26
2,27.22,103.1,120.79
2,27.21,101.7,106.03
2,27.21,98.9,121.68
2,27.21,157.0,194.95
2,27.21,99.6,129.81
2,27.21,70.0,82.69
2,27.21,102.4,106.65
2,27.21,70.0,97.13
2,27.21,103.1,144.28
2,27.21,104.5,131.95
2,27.21,70.0,97.13
2,27.21,98.9,123.43
2,27.21,70.0,100.13
2,27.21,98.9,122.23
2,27.21,100.3,119.08
2,27.21,159.1,162.35
1,27.2,123.1,146.1
1,27.2,70.0,97.09
1,27.2,99.6,101.1
2,27.2,70.0,96.69
1,27.2,70.0,99.19
1,27.2,47.5,49.0
2,27.2,101.7,105.95
2,27.2,141.0,177.32
1,27.2,103.1,115.79
1,27.2,70.0,97.14
2,27.2,99.6,131.25
1,27.2,172.4,175.65
1,27.2,102.4,120.53
1,27.2,98.9,123.8
1,27.2,69.5,71.0
1,27.2,98.2,99.7
1,27.2,70.0,99.24
2,27.2,159.1,199.54
2,27.2,104.5,128.95
2,27.2,101.0,111.94
2,27.2,100.3,125.11
2,27.2,87.0,94.94
2,27.19,102.4,121.5
2,27.19,70.0,97.13
2,27.19,106.6,112.35
2,27.19,115.0,147.38
2,27.19,103.1,121.35
2,27.19,101.0,106.75
2,27.18,101.0,144.55
2,27.18,120.6,148.29
2,27.18,152.1,162.85
2,27.18,70.0,99.23
2,27.18,182.5,230.28
2,27.18,70.0,120.19
2,27.18,105.9,112.65
2,27.18,99.6,105.35
2,27.18,70.0,89.03
2,27.17,100.3,125.46
2,27.17,108.0,136.64
2,27.17,102.4,126.43
2,27.17,105.2,118.45
2,27.17,70.0,92.69
2,27.17,167.5,207.55
2,27.17,70.0,98.88
2,27.17,98.9,124.65
2,27.17,98.2,111.45
2,27.17,99.6,120.35
2,27.16,101.0,110.25
2,27.16,70.0,95.88
2,27.16,101.7,114.95
2,27.16,70.0,105.23
2,27.16,99.6,103.85
2,27.16,99.6,124.27
2,27.16,70.0,99.23
2,27.16,100.3,130.25
2,27.16,169.6,172.85
2,27.16,133.0,147.88
2,27.16,70.0,92.69
2,27.16,98.9,141.89
2,27.16,100.3,129.44
2,27.16,99.6,124.27
2,27.16,99.6,126.07
2,27.16,70.0,80.94
2,27.15,98.2,139.25
2,27.15,70.0,85.94
2,27.15,100.3,113.55
2,27.15,99.6,124.27
2,27.15,180.0,243.33
2,27.15,99.6,113.85
2,27.14,101.7,143.45
2,27.14,101.7,114.95
2,27.14,70.0,88.44
2,27.14,99.6,103.85
2,27.14,99.6,123.42
2,27.14,70.0,97.13
2,27.14,101.0,114.25
2,27.14,98.9,127.69
2,27.14,101.0,116.75
2,27.14,98.9,118.62
2,27.14,103.8,137.69
2,27.14,99.6,103.85
2,27.13,104.5,132.3
2,27.13,98.2,122.59
2,27.13,70.0,95.09
2,27.13,103.8,107.05
2,27.13,98.2,130.92
2,27.13,103.1,106.35
2,27.13,100.3,103.55
2,27.13,111.5,117.25
2,27.13,101.7,125.94
2,27.13,98.9,112.15
2,27.13,98.9,118.15
2,27.13,171.0,187.36
2,27.13,70.0,100.13
2,27.12,99.6,126.07
2,27.12,98.2,132.66
2,27.12,98.2,125.59
2,27.12,103.1,104.6
2,27.12,70.0,99.23
2,27.12,129.0,167.88
2,27.12,99.6,142.2
2,27.12,103.1,106.35
2,27.11,99.6,109.79
2,27.11,101.0,125.95
2,27.11,98.9,103.15
2,27.11,104.5,117.75
2,27.11,125.0,135.44
2,27.11,101.0,125.1
2,27.11,98.2,121.39
2,27.11,98.9,123.43
2,27.11,150.9,206.99
2,27.1,90.5,119.93
2,27.1,109.4,115.15
1,27.1,152.1,186.35
1,27.1,149.3,157.55
1,27.1,70.0,85.94
1,27.1,40.5,42.0
1,27.1,70.0,99.24
2,27.1,99.6,113.85
1,27.1,60.5,62.0
1,27.1,70.0,82.69
1,27.1,101.7,104.95
1,27.1,70.0,99.19
2,27.1,103.8,131.46
1,27.1,103.8,139.74
1,27.1,125.5,160.69
2,27.1,70.0,99.23
1,27.1,100.3,123.55
1,27.1,70.0,92.5
1,27.1,70.0,103.34
1,27.1,100.3,127.25
1,27.1,99.6,113.85
1,27.1,70.0,99.24
2,27.1,102.4,110.65
2,27.1,98.9,123.78
1,27.1,100.3,123.35
1,27.1,98.9,118.9
1,27.1,70.0,97.09
2,27.1,101.0,110.25
2,27.1,103.8,131.11
1,27.1,76.5,78.0
1,27.1,70.0,101.19
1,27.1,101.7,142.59
2,27.09,99.6,124.27
2,27.09,98.9,123.78
2,27.09,105.2,128.89
2,27.09,99.6,114.79
2,27.09,100.3,129.44
2,27.09,101.7,125.59
2,27.09,150.0,197.28
2,27.08,98.2,127.63
2,27.08,102.4,130.98
2,27.08,128.3,184.55
2,27.08,98.2,103.95
2,27.08,98.9,102.15
2,27.08,98.9,113.15
2,27.08,70.0,93.94
2,27.08,138.8,176.22
2,27.08,100.3,129.44
2,27.08,154.2,191.94
2,27.08,102.4,128.15
2,27.08,98.9,123.78
2,27.07,70.0,82.69
2,27.07,98.9,114.65
2,27.07,101.0,142.61
2,27.07,70.0,98.88
2,27.07,98.9,122.58
2,27.07,99.6,102.1
2,27.07,98.9,123.72
2,27.06,98.9,121.72
2,27.06,134.3,164.37
2,27.06,101.7,125.59
2,27.06,70.0,84.38
2,27.06,105.2,129.15
2,27.06,98.2,124.39
2,27.06,70.0,92.69
2,27.05,103.8,129.66
2,27.05,98.9,104.65
2,27.05,179.4,218.83
2,27.05,70.0,83.75
2,27.05,99.6,135.6
2,27.05,95.0,120.8
2,27.05,70.0,100.24
2,27.05,98.9,123.43
2,27.05,70.0,80.19
2,27.05,129.7,156.2
2,27.05,104.5,130.15
2,27.05,122.4,188.61
2,27.05,100.3,111.49
2,27.05,104.5,145.61
2,27.04,99.6,103.85
2,27.04,97.5,118.25
2,27.04,101.0,111.19
2,27.04,98.2,109.39
2,27.03,98.9,125.23
2,27.03,70.0,94.69
2,27.03,98.9,122.23
2,27.03,70.0,106.97
2,27.03,98.2,102.45
2,27.03,99.6,123.42
2,27.03,98.9,140.44
2,27.03,70.0,90.55
2,27.03,97.5,107.75
2,27.02,143.0,169.25
2,27.02,110.1,135.67
2,27.02,70.0,102.92
2,27.02,98.2,116.89
2,27.02,101.7,125.04
2,27.02,98.9,119.65
2,27.02,98.9,110.09
2,27.02,98.2,122.59
2,27.02,103.1,107.35
2,27.02,100.3,123.91
2,27.02,101.0,130.31
2,27.02,70.0,87.69
2,27.02,99.6,110.79
2,27.01,97.5,122.1
2,27.01,106.6,109.85
2,27.01,70.0,83.19
2,27.01,138.5,163.69
2,27.01,70.0,140.94
2,27.01,122.7,132.89
1,27.0,120.3,156.05
1,27.0,70.0,85.94
1,27.0,70.0,97.09
1,27.0,134.5,157.57
2,27.0,99.6,123.07
1,27.0,127.6,166.54
1,27.0,133.2,172.04
1,27.0,69.5,77.94
2,27.0,101.0,117.19
1,27.0,70.0,80.94
1,27.0,160.0,201.25
1,27.0,100.3,125.45
1,27.0,70.0,103.34
1,27.0,185.0,200.75
2,27.0,100.3,117.8
1,27.0,102.4,138.22
2,27.0,100.3,113.74
2,27.0,149.3,189.16
1,27.0,101.7,134.3
1,27.0,98.9,121.7
1,27.0,98.2,115.7
1,27.0,98.2,115.7
1,27.0,53.5,61.94
1,27.0,70.0,97.09
1,27.0,101.7,124.95
1,27.0,168.0,187.0
1,27.0,98.9,122.55
1,27.0,100.3,125.45
1,27.0,101.7,122.95
1,27.0,125.2,162.96
2,26.99,99.6,129.81
2,26.99,98.2,122.59
2,26.99,99.6,136.8
2,26.99,101.0,124.75
2,26.99,103.1,116.35
2,26.99,99.6,118.85
2,26.99,101.7,105.95
2,26.99,97.5,101.75
2,26.99,100.3,106.55
2,26.98,105.9,109.15
2,26.98,100.3,123.91
2,26.98,99.6,109.79
2,26.98,102.4,118.15
2,26.98,104.5,120.25
2,26.97,70.0,92.69
2,26.97,98.2,130.07
2,26.97,97.5,108.69
2,26.97,100.3,103.8
2,26.97,100.3,109.55
2,26.97,124.1,162.0
2,26.97,98.2,110.45
2,26.96,70.0,103.13
2,26.96,98.9,128.23
2,26.96,100.3,103.55
2,26.96,101.7,119.95
2,26.96,107.3,139.44
2,26.96,110.1,133.92
2,26.95,70.0,73.25
2,26.95,98.2,122.94
2,26.95,110.0,145.2
2,26.95,97.5,119.25
2,26.95,99.6,118.85
2,26.95,102.4,116.65
2,26.95,77.0,80.5
2,26.95,103.8,128.11
2,26.95,99.6,110.79
2,26.95,98.2,112.45
2,26.95,105.9,130.98
2,26.95,100.3,123.91
2,26.94,98.2,127.63
2,26.94,99.6,126.07
2,26.94,98.2,125.59
2,26.94,100.3,113.74
2,26.94,101.7,114.95
2,26.94,98.2,131.27
2,26.94,102.4,117.59
2,26.94,70.0,97.13
2,26.94,98.2,127.63
2,26.94,101.0,116.75
2,26.94,70.0,83.19
2,26.94,98.2,122.94
2,26.94,103.1,142.41
2,26.94,102.4,126.43
2,26.94,98.9,112.15
2,26.94,70.0,78.44
2,26.94,101.7,125.94
2,26.93,172.4,213.43
2,26.93,101.0,128.95
2,26.93,102.4,126.78
2,26.93,97.5,120.55
2,26.93,98.9,103.15
2,26.93,70.0,98.88
2,26.93,103.8,131.11
2,26.93,70.0,80.19
2,26.93,99.6,117.85
2,26.92,70.0,101.17
2,26.92,98.9,123.43
2,26.92,98.2,103.2
2,26.92,98.2,117.45
2,26.92,98.2,124.39
2,26.92,96.8,120.91
2,26.92,136.0,153.75
2,26.91,98.9,113.15
2,26.91,70.0,86.82
2,26.91,99.6,109.79
2,26.91,101.0,113.69
2,26.91,121.7,138.08
2,26.91,98.2,122.94
2,26.91,101.0,104.25
2,26.9,154.2,177.45
1,26.9,98.2,120.33
1,26.9,70.0,97.09
1,26.9,98.9,122.55
1,26.9,61.5,76.88
1,26.9,101.7,142.58
1,26.9,160.5,183.75
1,26.9,70.0,82.69
1,26.9,98.2,122.9
2,26.9,117.1,153.67
2,26.9,99.6,124.27
1,26.9,100.3,106.05
1,26.9,70.0,84.84
1,26.9,97.5,134.2
2,26.9,101.0,122.25
1,26.9,90.0,91.0
1,26.9,98.2,121.7
1,26.9,108.7,112.95
2,26.9,157.7,209.77
1,26.9,43.0,44.0
1,26.9,97.5,122.1
1,26.9,70.0,75.75
1,26.9,70.0,101.19
2,26.89,99.6,123.07
2,26.89,99.6,123.42
2,26.89,97.5,120.9
2,26.89,70.0,95.0
2,26.89,70.0,105.22
2,26.89,100.3,125.46
2,26.89,108.7,134.34
2,26.89,97.5,103.25
2,26.89,98.2,101.45
2,26.89,138.8,172.56
2,26.89,70.0,82.69
2,26.88,97.5,123.55
2,26.88,103.8,131.11
2,26.88,100.3,124.26
2,26.88,98.9,123.43
2,26.88,98.2,106.45
2,26.88,98.2,130.91
2,26.88,200.0,223.85
2,26.88,96.8,120.91
2,26.88,105.2,108.45
2,26.88,98.9,123.43
2,26.88,135.0,191.73
2,26.87,101.0,118.13
2,26.87,122.0,134.69
2,26.87,101.7,104.95
2,26.87,126.2,136.39
2,26.87,99.6,123.07
2,26.87,70.0,103.13
2,26.87,108.0,113.0
2,26.87,70.0,95.09
2,26.87,98.2,102.45
2,26.87,140.0,185.86
2,26.87,98.9,103.15
2,26.87,98.2,124.74
2,26.87,98.9,122.23
2,26.86,107.3,141.89
2,26.86,70.0,82.69
2,26.86,98.2,117.82
2,26.86,98.2,102.45
2,26.86,98.9,110.09
2,26.86,99.6,113.13
2,26.86,97.5,112.69
2,26.86,70.0,105.22
2,26.86,98.2,127.63
2,26.86,180.0,243.33
2,26.85,98.2,112.45
2,26.85,98.9,119.15
2,26.85,101.7,123.84
2,26.85,97.5,122.1
2,26.85,97.5,113.75
2,26.85,97.5,111.75
2,26.85,116.8,124.74
2,26.85,100.3,122.55
2,26.85,98.2,127.63
2,26.85,98.9,122.23
2,26.85,96.8,120.06
2,26.85,98.9,113.15
2,26.85,105.2,131.04
2,26.85,96.8,121.26
2,26.85,103.1,139.85
2,26.84,100.3,112.99
2,26.84,97.5,121.75
2,26.84,70.0,97.13
2,26.84,101.7,145.7
2,26.84,98.9,125.23
2,26.84,70.0,104.28
2,26.84,98.2,112.45
2,26.84,98.9,125.09
2,26.84,101.7,125.94
2,26.84,102.4,126.78
2,26.84,70.0,95.94
2,26.84,105.2,115.39
2,26.83,98.2,126.33
2,26.83,108.7,119.89
2,26.83,97.5,117.01
2,26.83,98.9,122.58
2,26.83,70.0,98.88
2,26.83,101.0,132.5
2,26.83,98.9,103.15
2,26.83,98.9,125.23
2,26.83,136.0,163.69
2,26.83,99.6,117.85
2,26.83,70.0,97.13
2,26.83,101.0,106.75
2,26.83,100.3,103.55
2,26.83,122.0,158.28
2,26.82,168.75,205.45
2,26.82,98.2,124.74
2,26.82,70.0,98.88
2,26.82,98.9,109.84
2,26.82,108.7,110.2
2,26.82,96.8,118.55
2,26.82,151.4,185.23
2,26.82,70.0,77.7
2,26.82,101.0,125.1
2,26.82,70.0,107.21
2,26.82,98.2,104.05
2,26.82,103.8,115.74
2,26.82,97.5,122.1
2,26.81,101.7,119.95
2,26.81,170.0,191.32
2,26.81,70.0,84.69
2,26.81,120.6,132.54
2,26.81,100.3,124.26
2,26.81,97.5,102.75
2,26.81,97.5,121.75
1,26.8,98.9,130.8
2,26.8,70.0,98.88
1,26.8,70.0,85.19
1,26.8,116.8,216.68
1,26.8,70.0,82.69
2,26.8,105.9,116.09
2,26.8,119.2,136.33
2,26.8,96.8,101.05
1,26.8,148.6,196.54
1,26.8,70.0,99.19
1,26.8,49.5,51.0
1,26.8,97.5,110.87
1,26.8,70.0,97.09
1,26.8,124.1,133.54
1,26.8,110.8,127.93
1,26.8,70.0,99.24
1,26.8,70.0,99.24
1,26.8,97.5,122.1
1,26.8,131.1,141.3
1,26.8,70.0,90.94
2,26.8,108.0,136.15
1,26.8,73.5,75.0
1,26.8,70.0,103.14
1,26.8,79.3,83.3
2,26.8,97.5,121.75
1,26.8,70.0,97.69
2,26.8,96.8,121.26
1,26.8,70.0,102.24
1,26.8,96.8,106.99
1,26.8,96.8,101.05
1,26.8,97.5,121.75
1,26.8,98.2,102.45
1,26.8,161.9,172.4
1,26.8,150.0,200.75
1,26.8,124.8,163.19
1,26.8,101.7,116.89
1,26.8,117.8,135.49
2,26.79,99.6,131.4
2,26.79,70.0,90.55
2,26.79,98.2,122.59
2,26.79,96.8,123.93
2,26.79,70.0,95.09
2,26.79,97.5,106.75
2,26.79,70.0,85.94
2,26.79,120.3,187.43
2,26.79,70.0,101.18
2,26.79,102.4,119.53
2,26.79,98.9,123.43
2,26.79,98.2,104.45
2,26.79,97.5,130.13
2,26.79,100.3,106.05
2,26.79,96.8,126.31
2,26.79,97.5,108.69
2,26.78,100.3,113.55
2,26.78,99.6,113.85
2,26.78,99.6,128.12
2,26.78,131.1,168.94
2,26.78,165.4,231.81
2,26.78,98.2,116.45
2,26.78,70.0,98.88
2,26.78,100.3,126.91
2,26.78,96.8,131.04
2,26.78,98.2,121.39
2,26.78,101.7,126.79
2,26.78,96.8,112.05
2,26.78,100.3,126.91
2,26.78,122.7,143.89
2,26.78,131.8,136.8
2,26.77,105.2,130.95
2,26.77,98.2,101.45
2,26.77,98.9,123.43
2,26.77,99.6,102.85
2,26.77,101.0,109.37
2,26.77,70.0,99.23
2,26.77,99.6,123.07
2,26.77,96.8,120.91
2,26.77,70.0,90.9
2,26.77,98.2,121.39
2,26.77,70.0,98.88
2,26.77,70.0,82.69
2,26.77,70.0,97.13
2,26.77,98.2,112.45
2,26.77,98.9,103.15
2,26.77,102.4,126.43
2,26.76,103.8,161.84
2,26.76,97.5,113.25
2,26.76,127.6,152.79
2,26.76,98.9,109.65
2,26.76,70.0,97.69
2,26.76,100.3,103.55
2,26.76,119.2,163.69
2,26.76,103.8,109.55
2,26.76,102.4,108.15
2,26.76,96.8,107.99
2,26.76,97.5,130.43
2,26.76,96.8,123.91
2,26.76,98.9,122.58
2,26.76,97.5,130.0
2,26.76,70.0,103.13
2,26.76,100.3,132.12
2,26.76,104.5,132.3
2,26.75,96.8,121.26
2,26.75,70.0,90.9
2,26.75,98.2,122.94
2,26.75,116.8,132.18
2,26.75,98.9,100.4
2,26.75,98.9,122.58
2,26.75,102.4,127.63
2,26.75,70.0,102.92
2,26.75,70.0,82.69
2,26.75,70.0,82.69
2,26.75,70.0,90.55
2,26.75,97.5,122.1
2,26.75,100.3,123.91
2,26.75,100.3,132.24
2,26.75,96.8,107.05
2,26.74,121.0,183.93
2,26.74,103.8,105.3
2,26.74,96.8,120.91
2,26.74,168.2,182.45
2,26.74,70.0,96.69
2,26.74,70.0,82.69
2,26.74,98.2,121.39
2,26.74,80.0,91.0
2,26.74,96.8,111.05
2,26.74,101.0,124.75
2,26.74,100.3,134.69
2,26.73,96.1,125.0
2,26.73,70.0,74.0
2,26.73,107.3,128.99
2,26.73,70.0,87.69
2,26.73,70.0,97.69
2,26.73,100.3,139.05
2,26.73,98.9,123.43
2,26.73,171.7,177.45
2,26.73,96.8,99.3
2,26.73,100.3,125.11
2,26.73,101.0,147.27
2,26.73,97.5,121.75
2,26.73,99.6,109.79
2,26.73,101.0,133.44
2,26.72,99.6,124.27
2,26.72,98.9,116.03
2,26.72,98.2,109.39
2,26.72,98.2,121.39
2,26.72,97.5,127.19
2,26.72,97.5,107.69
2,26.72,171.7,181.14
2,26.72,101.0,130.63
2,26.72,98.2,121.39
2,26.72,98.2,124.39
2,26.72,96.8,125.87
2,26.72,145.1,193.55
2,26.72,97.5,120.55
2,26.72,105.2,147.12
2,26.71,97.5,100.75
2,26.71,144.4,179.03
2,26.71,70.0,102.92
2,26.71,125.5,137.44
2,26.71,97.5,110.75
2,26.71,70.0,89.39
2,26.71,70.0,98.88
2,26.71,100.3,111.55
2,26.71,99.6,118.85
1,26.7,70.0,105.19
1,26.7,97.5,122.1
1,26.7,98.9,114.84
1,26.7,124.1,141.23
1,26.7,96.8,112.55
1,26.7,70.0,96.94
2,26.7,171.0,227.19
1,26.7,97.5,135.24
1,26.7,97.5,136.68
1,26.7,96.8,121.25
1,26.7,171.0,184.61
1,26.7,96.8,121.25
1,26.7,88.5,90.0
2,26.7,100.3,125.14
1,26.7,40.5,42.0
1,26.7,70.0,90.69
1,26.7,99.6,122.29
2,26.7,160.5,163.75
1,26.7,70.0,103.34
2,26.7,112.2,143.88
1,26.7,150.0,191.64
2,26.7,70.0,90.55
2,26.7,98.9,150.31
1,26.7,62.5,64.0
1,26.7,53.5,55.0
1,26.7,131.8,179.39
1,26.7,96.8,121.05
1,26.7,101.7,113.89
1,26.7,98.9,116.03
2,26.7,96.8,116.21
1,26.7,97.5,122.1
2,26.7,96.8,116.05
2,26.7,99.6,129.42
1,26.7,98.2,101.45
1,26.7,102.4,129.75
1,26.7,97.5,122.1
1,26.7,102.4,129.75
1,26.7,99.6,108.85
2,26.69,70.0,97.13
2,26.69,99.6,126.07
2,26.69,99.6,122.52
2,26.69,97.5,125.5
2,26.69,97.5,116.75
2,26.69,98.9,110.09
2,26.69,101.0,127.75
2,26.69,96.8,115.05
2,26.69,96.8,116.05
2,26.69,101.7,121.84
2,26.69,97.5,126.75
2,26.69,98.2,122.59
2,26.69,105.9,114.15
2,26.68,96.8,113.93
2,26.68,147.9,156.15
2,26.68,96.1,118.87
2,26.68,96.1,120.07
2,26.68,97.5,101.75
2,26.68,99.6,112.85
2,26.68,99.6,123.07
2,26.68,136.0,157.32
2,26.68,98.9,122.23
2,26.68,121.7,146.77
2,26.68,96.8,101.05
2,26.68,97.5,121.75
2,26.68,99.6,112.85
2,26.68,98.2,110.89
2,26.68,101.7,133.92
2,26.68,96.1,100.35
2,26.67,102.4,127.63
2,26.67,96.8,120.91
2,26.67,98.2,109.45
2,26.67,98.2,117.45
2,26.67,98.2,104.95
2,26.67,175.2,223.06
2,26.67,98.2,122.59
2,26.67,116.8,159.82
2,26.67,96.8,106.05
2,26.67,98.9,123.43
2,26.67,97.5,100.75
2,26.67,97.5,101.75
2,26.67,96.8,120.91
2,26.67,109.4,134.83
2,26.67,98.9,126.43
2,26.66,98.2,124.39
2,26.66,98.2,122.59
2,26.66,110.8,125.66
2,26.66,96.8,125.87
2,26.66,97.5,120.55
2,26.66,99.6,103.85
2,26.66,103.1,116.35
2,26.66,100.3,126.91
2,26.66,96.8,121.26
2,26.66,101.7,123.83
2,26.66,101.0,104.25
2,26.66,70.0,97.13
2,26.66,106.6,141.0
2,26.65,101.7,135.12
2,26.65,97.5,126.75
2,26.65,101.7,105.95
2,26.65,96.8,121.26
2,26.65,98.9,122.23
2,26.65,96.8,120.91
2,26.65,98.9,122.23
2,26.65,70.0,80.19
2,26.65,97.5,123.55
2,26.65,145.0,202.66
2,26.65,70.0,82.69
2,26.65,101.7,115.14
2,26.64,98.2,124.39
2,26.64,101.7,111.25
2,26.64,97.5,106.75
2,26.64,100.3,111.49
2,26.64,100.3,132.59
2,26.64,97.5,100.75
2,26.64,148.6,156.85
2,26.64,97.5,111.75
2,26.64,98.2,122.59
2,26.64,100.3,123.91
2,26.64,97.5,120.55
2,26.64,70.0,90.19
2,26.64,96.8,121.26
2,26.64,96.1,120.07
2,26.63,101.7,128.94
2,26.63,101.7,131.19
2,26.63,99.6,124.27
2,26.63,96.1,120.07
2,26.63,176.25,188.94
2,26.63,101.7,125.94
2,26.63,70.0,102.92
2,26.63,140.0,187.66
2,26.62,106.6,117.79
2,26.62,97.5,121.75
2,26.62,98.2,121.39
2,26.62,70.0,90.55
2,26.62,108.7,118.89
2,26.62,98.2,111.45
2,26.62,113.6,164.85
2,26.62,119.9,132.59
2,26.62,96.8,120.91
2,26.62,167.5,170.75
2,26.62,144.4,198.43
2,26.62,96.8,120.91
2,26.62,70.0,80.19
2,26.62,98.2,121.39
2,26.62,118.2,142.58
2,26.62,117.8,123.55
2,26.61,96.8,121.26
2,26.61,98.9,122.58
2,26.61,150.0,196.5
2,26.61,70.0,94.94
2,26.61,100.3,130.69
2,26.61,96.8,109.05
2,26.61,99.6,129.07
2,26.61,70.0,95.09
2,26.61,97.5,121.75
2,26.61,140.0,190.65
2,26.61,98.2,102.45
2,26.61,96.8,111.05
2,26.61,96.8,120.06
2,26.61,97.5,121.75
2,26.61,98.2,122.59
2,26.61,70.0,95.94
2,26.61,105.2,108.45
2,26.61,70.0,104.21
2,26.61,70.0,98.88
1,26.6,122.0,132.19
1,26.6,96.1,120.4
1,26.6,97.5,123.9
2,26.6,107.3,119.99
2,26.6,140.9,181.63
1,26.6,70.0,180.94
2,26.6,97.5,125.63
2,26.6,101.7,120.69
2,26.6,96.8,113.05
2,26.6,97.5,113.75
1,26.6,153.5,192.78
1,26.6,98.2,120.33
1,26.6,97.5,120.9
2,26.6,96.8,120.91
2,26.6,97.5,116.75
1,26.6,103.1,107.6
1,26.6,55.5,57.0
1,26.6,160.0,228.04
1,26.6,96.1,100.35
1,26.6,20.0,27.94
1,26.6,70.0,90.9
1,26.6,96.8,123.05
1,26.6,108.0,118.19
1,26.6,70.0,103.34
2,26.6,101.7,136.43
2,26.6,98.2,122.59
1,26.6,138.8,153.05
2,26.6,98.2,124.39
2,26.6,97.5,110.83
1,26.6,96.8,129.59
1,26.6,98.9,125.55
1,26.6,131.1,163.79
1,26.6,70.0,97.69
2,26.6,70.0,102.92
2,26.59,70.0,90.55
2,26.59,96.8,121.99
2,26.59,96.8,114.93
2,26.59,70.0,82.69
2,26.59,98.9,103.15
2,26.59,101.0,142.75
2,26.58,98.2,102.45
2,26.58,80.0,92.19
2,26.58,96.8,131.85
2,26.58,101.0,114.25
2,26.58,96.8,122.71
2,26.58,70.0,100.94
2,26.58,98.9,125.23
2,26.58,70.0,98.88
2,26.58,101.7,120.89
2,26.58,96.8,121.26
2,26.58,96.8,121.26
2,26.57,133.9,149.65
2,26.57,103.8,128.11
2,26.57,98.2,121.74
2,26.57,97.5,121.75
2,26.57,97.5,116.75
2,26.57,98.2,122.59
2,26.57,97.5,106.75
2,26.57,96.8,102.55
2,26.57,96.1,120.07
2,26.56,118.9,157.47
2,26.56,96.1,120.07
2,26.56,145.8,150.05
2,26.56,110.1,147.0
2,26.56,97.5,123.55
2,26.56,98.2,127.63
2,26.56,101.7,104.95
2,26.56,96.8,121.26
2,26.56,96.8,121.26
2,26.56,97.5,130.08
2,26.56,102.4,113.59
2,26.56,70.0,82.69
2,26.56,98.2,121.39
2,26.56,98.2,120.45
2,26.56,100.3,129.44
2,26.56,96.8,112.55
2,26.56,96.1,118.32
2,26.56,99.6,115.35
2,26.55,99.6,102.85
2,26.55,70.0,97.13
2,26.55,97.5,103.25
2,26.55,70.0,98.88
2,26.55,98.9,122.23
2,26.55,70.0,98.88
2,26.55,98.9,130.09
2,26.55,97.5,118.8
2,26.55,105.9,116.09
2,26.55,70.0,104.88
2,26.54,98.2,99.7
2,26.54,96.8,120.06
2,26.54,97.5,100.75
2,26.54,96.1,120.07
2,26.54,110.0,123.75
2,26.54,96.1,110.35
2,26.54,154.0,193.32
2,26.54,70.0,98.88
2,26.54,96.8,121.26
2,26.54,70.0,95.09
2,26.54,70.0,97.69
2,26.54,98.2,112.45
2,26.54,103.1,127.27
2,26.54,96.1,115.35
2,26.54,96.1,100.35
2,26.54,103.1,113.29
2,26.53,124.8,161.99
2,26.53,98.9,123.43
2,26.53,96.8,120.91
2,26.53,96.8,120.91
2,26.53,97.5,115.75
2,26.53,70.0,98.88
2,26.53,99.6,131.25
2,26.53,96.1,100.35
2,26.53,98.9,123.48
2,26.53,96.1,100.35
2,26.53,96.1,110.35
2,26.53,97.5,121.75
2,26.53,120.0,143.07
2,26.53,96.8,117.99
2,26.52,128.3,143.49
2,26.52,97.5,120.07
2,26.52,96.8,100.05
2,26.52,96.8,113.93
2,26.52,96.8,129.59
2,26.52,96.1,107.29
2,26.52,97.5,100.0
2,26.52,96.1,120.42
2,26.51,96.1,110.35
2,26.51,101.0,138.13
2,26.51,99.6,102.85
2,26.51,102.4,126.43
2,26.51,97.5,120.9
2,26.51,97.5,120.63
2,26.51,96.8,120.91
2,26.51,70.0,90.69
2,26.51,138.1,173.47
2,26.51,103.8,131.11
2,26.51,99.6,123.07
2,26.51,98.2,122.59
2,26.51,171.7,215.14
2,26.51,70.0,98.88
2,26.5,96.8,116.99
1,26.5,96.8,119.05
1,26.5,96.1,120.4
1,26.5,70.0,97.09
1,26.5,108.0,145.13
1,26.5,125.0,127.75
2,26.5,102.4,129.43
2,26.5,98.9,123.43
2,26.5,95.4,119.58
2,26.5,100.0,158.86
1,26.5,70.0,101.99
2,26.5,96.8,101.05
2,26.5,96.8,107.55
1,26.5,96.1,119.2
1,26.5,70.0,103.14
2,26.5,103.8,114.99
1,26.5,96.8,118.05
2,26.5,137.4,192.21
1,26.5,97.5,112.0
1,26.5,101.0,113.75
1,26.5,96.8,116.99
1,26.5,70.0,90.94
1,26.5,99.6,123.4
2,26.5,96.1,110.35
1,26.5,105.2,110.95
2,26.5,138.8,180.89
1,26.5,96.1,111.35
1,26.5,145.1,194.81
1,26.5,96.8,120.05
2,26.5,97.5,113.25
2,26.5,117.8,172.42
2,26.5,96.1,109.35
1,26.5,97.5,101.75
2,26.49,100.3,133.79
2,26.49,98.9,125.58
2,26.49,70.0,103.36
2,26.49,102.4,126.43
2,26.49,96.1,106.29
2,26.49,121.3,163.43
2,26.49,96.1,110.35
2,26.49,105.9,132.18
2,26.49,96.8,122.71
2,26.49,101.7,107.5
2,26.49,96.8,121.26
2,26.49,96.1,123.25
2,26.48,96.8,101.05
2,26.48,98.2,134.27
2,26.48,70.0,73.25
2,26.48,98.9,130.69
2,26.48,97.5,118.25
2,26.48,97.5,107.69
2,26.48,70.0,109.17
2,26.48,117.1,161.93
2,26.48,95.4,119.23
2,26.48,97.5,110.19
2,26.48,70.0,99.23
2,26.48,183.6,189.35
2,26.48,96.8,129.01
2,26.47,96.8,120.91
2,26.47,101.7,125.59
2,26.47,96.1,121.87
2,26.47,70.0,103.36
2,26.47,70.0,97.13
2,26.47,96.1,130.2
2,26.47,175.9,190.28
2,26.47,70.0,98.88
2,26.47,97.5,107.69
2,26.46,96.8,120.91
2,26.46,98.2,130.92
2,26.46,150.0,197.37
2,26.46,96.8,121.49
2,26.46,99.6,124.27
2,26.46,96.8,121.26
2,26.46,96.1,120.35
2,26.46,96.8,114.93
2,26.46,97.5,123.55
2,26.45,98.2,121.39
2,26.45,96.1,100.35
2,26.45,97.5,108.69
2,26.45,98.9,122.23
2,26.45,96.8,147.09
2,26.45,70.0,80.19
2,26.45,110.8,133.87
2,26.45,96.8,133.3
2,26.44,96.8,112.67
2,26.44,96.8,98.3
2,26.44,98.2,111.45
2,26.44,150.0,159.25
2,26.44,96.8,123.06
2,26.44,98.2,122.59
2,26.44,70.0,98.88
2,26.44,96.8,117.96
2,26.44,154.9,190.65
2,26.44,102.4,123.3
2,26.44,171.0,195.25
2,26.43,119.6,183.43
2,26.43,70.0,82.69
2,26.43,98.2,124.39
2,26.43,96.8,116.05
2,26.43,96.1,126.87
2,26.43,70.0,82.69
2,26.43,122.0,159.53
2,26.43,96.8,111.15
2,26.43,96.1,107.29
2,26.43,136.7,174.83
2,26.43,70.0,90.69
2,26.43,98.2,103.95
2,26.43,98.0,99.0
2,26.43,106.6,131.47
2,26.42,98.9,122.23
2,26.42,98.9,123.43
2,26.42,70.0,97.69
2,26.42,70.0,97.69
2,26.42,96.8,115.05
2,26.42,101.0,111.19
2,26.42,98.9,112.15
2,26.42,165.4,178.09
2,26.42,97.5,120.9
2,26.42,95.4,101.15
2,26.41,116.1,175.7
2,26.41,96.8,120.91
2,26.41,95.4,124.61
2,26.41,96.8,123.06
2,26.41,96.1,100.35
2,26.41,70.0,87.69
2,26.41,97.5,107.69
2,26.41,96.1,120.07
2,26.41,70.0,80.94
2,26.41,159.8,199.51
2,26.41,150.0,181.68
2,26.41,96.1,116.85
2,26.41,70.0,98.88
2,26.41,96.8,120.91
2,26.41,96.8,113.05
2,26.41,99.6,142.18
2,26.41,70.0,98.88
2,26.41,143.0,190.68
1,26.4,101.0,124.2
1,26.4,98.9,141.03
1,26.4,70.0,100.84
2,26.4,95.4,119.58
1,26.4,96.8,123.05
1,26.4,96.1,107.29
1,26.4,98.9,122.55
1,26.4,98.9,102.15
1,26.4,157.7,202.1
1,26.4,96.1,100.35
1,26.4,96.1,119.2
1,26.4,101.0,106.75
1,26.4,99.6,123.17
1,26.4,98.9,125.6
1,26.4,98.9,102.15
1,26.4,70.0,82.71
1,26.4,96.1,104.6
1,26.4,50.5,52.0
2,26.4,96.8,123.06
1,26.4,75.5,83.94
2,26.4,99.6,124.62
1,26.4,58.5,60.0
1,26.4,163.0,172.69
2,26.4,70.0,100.13
1,26.4,96.8,107.99
1,26.4,70.0,83.94
1,26.4,96.8,119.05
1,26.4,56.5,64.94
1,26.4,145.8,180.95
2,26.4,96.8,116.05
1,26.4,145.1,200.34
1,26.4,70.0,99.24
2,26.4,117.1,154.5
1,26.4,96.8,121.25
2,26.39,97.5,120.55
2,26.39,98.2,121.39
2,26.39,98.2,119.95
2,26.39,96.1,110.29
2,26.39,97.5,123.55
2,26.39,70.0,98.88
2,26.39,102.4,113.34
2,26.39,110.1,122.79
2,26.39,80.0,102.19
2,26.39,100.3,108.55
2,26.39,98.2,121.39
2,26.38,104.5,110.25
2,26.38,70.0,98.88
2,26.38,123.4,177.81
2,26.38,96.1,121.87
2,26.38,98.9,128.23
2,26.38,70.0,98.88
2,26.38,110.0,114.64
2,26.38,70.0,83.25
2,26.38,96.8,122.71
2,26.38,96.1,123.75
2,26.38,130.0,183.68
2,26.37,104.5,115.25
2,26.37,96.1,123.07
2,26.37,98.2,99.7
2,26.37,70.0,86.94
2,26.37,70.0,98.88
2,26.37,96.1,120.07
2,26.37,70.0,89.94
2,26.37,70.0,102.92
2,26.37,189.0,256.53
2,26.37,98.9,122.23
2,26.37,112.9,139.09
2,26.37,70.0,90.05
2,26.37,95.4,111.15
2,26.36,96.1,110.35
2,26.36,98.2,100.7
2,26.36,70.0,102.92
2,26.36,96.8,120.91
2,26.36,96.1,100.35
2,26.36,122.0,140.94
2,26.36,98.9,100.4
2,26.36,70.0,98.88
2,26.36,98.2,101.45
2,26.36,96.1,120.07
2,26.36,135.0,191.73
2,26.35,95.4,119.23
2,26.35,145.8,154.24
2,26.35,99.6,102.85
2,26.35,96.1,100.35
2,26.35,97.5,101.5
2,26.35,100.3,126.91
2,26.35,110.1,147.0
2,26.35,96.8,111.05
2,26.35,96.8,111.05
2,26.35,70.0,98.88
2,26.35,170.0,197.94
2,26.35,70.0,97.13
2,26.35,95.4,122.38
2,26.35,134.6,167.52
2,26.35,97.5,121.75
2,26.35,70.0,95.09
2,26.35,105.9,126.65
2,26.35,96.8,120.91
2,26.35,70.0,95.88
2,26.35,82.0,112.68
2,26.34,124.8,147.24
2,26.34,70.0,90.19
2,26.34,99.6,122.68
2,26.34,98.9,120.35
2,26.34,70.0,98.88
2,26.34,98.9,122.59
2,26.34,95.4,119.23
2,26.34,99.6,105.35
2,26.34,96.1,118.35
2,26.33,96.1,122.22
2,26.33,102.4,126.78
2,26.33,93.0,114.9
2,26.33,105.2,132.79
2,26.33,96.1,121.87
2,26.33,95.4,118.03
2,26.33,107.3,156.76
2,26.33,100.3,132.24
2,26.33,97.5,101.75
2,26.33,96.8,173.05
2,26.33,96.1,119.22
2,26.32,96.1,125.0
2,26.32,115.7,180.36
2,26.32,164.0,178.25
2,26.32,98.2,102.45
2,26.32,96.1,121.87
2,26.32,97.5,120.55
2,26.32,96.1,120.07
2,26.32,97.5,120.9
2,26.32,96.8,119.71
2,26.32,97.5,101.5
2,26.32,96.1,118.87
2,26.32,150.0,186.63
2,26.31,98.2,108.39
2,26.31,110.0,141.88
2,26.31,95.4,118.03
2,26.31,99.6,123.07
2,26.31,96.1,120.07
2,26.31,96.8,106.05
2,26.31,70.0,97.13
2,26.31,70.0,82.69
2,26.31,96.1,113.13
2,26.31,95.4,135.89
2,26.31,97.5,123.9
1,26.3,125.2,189.8
2,26.3,108.7,135.24
1,26.3,60.5,62.0
1,26.3,98.2,121.75
1,26.3,97.5,122.1
2,26.3,96.8,105.05
1,26.3,96.1,100.35
1,26.3,96.1,122.2
1,26.3,140.9,157.09
1,26.3,70.0,99.24
1,26.3,96.1,120.4
1,26.3,70.5,72.0
1,26.3,96.1,115.35
1,26.3,95.4,119.55
1,26.3,98.9,122.55
2,26.3,96.1,118.32
1,26.3,107.3,118.24
2,26.3,70.0,90.96
1,26.3,70.0,107.49
2,26.3,97.5,125.5
2,26.3,96.1,118.87
2,26.3,96.1,125.0
2,26.3,94.7,98.95
2,26.3,99.6,102.85
2,26.3,165.4,201.78
1,26.3,200.0,202.75
2,26.3,96.1,101.85
1,26.3,78.5,92.14
1,26.3,70.0,99.19
1,26.3,95.4,118.38
2,26.3,96.8,119.93
2,26.3,98.2,124.83
2,26.3,103.8,136.44
2,26.29,99.6,112.85
2,26.29,101.0,146.82
2,26.29,99.6,105.35
2,26.29,96.1,126.87
2,26.29,95.4,101.15
2,26.29,96.8,102.55
2,26.29,95.4,119.23
2,26.29,96.8,120.91
2,26.29,131.8,135.8
2,26.29,96.8,113.91
2,26.29,174.5,200.25
2,26.29,98.9,116.03
2,26.29,70.0,82.69
2,26.29,120.6,156.6
2,26.29,82.0,94.19
2,26.29,140.0,147.94
2,26.28,131.8,170.99
2,26.28,140.9,149.15
2,26.28,97.5,122.1
2,26.28,124.8,141.74
2,26.28,70.0,83.44
2,26.28,141.6,167.54
2,26.28,95.4,119.23
2,26.28,161.9,167.65
2,26.28,95.4,129.02
2,26.28,106.6,131.47
2,26.28,115.0,140.19
2,26.28,96.8,109.21
2,26.28,95.4,129.02
2,26.27,118.5,133.19
2,26.27,101.7,106.05
2,26.27,95.4,119.23
2,26.27,101.0,135.53
2,26.27,97.5,122.1
2,26.27,97.5,117.13
2,26.27,70.0,87.69
2,26.27,94.7,123.25
2,26.27,100.3,105.3
2,26.27,95.4,129.36
2,26.26,104.5,134.64
2,26.26,99.6,111.1
2,26.26,95.4,126.36
2,26.26,96.1,99.35
2,26.26,96.1,118.87
2,26.26,95.4,122.88
2,26.26,96.1,117.85
2,26.26,94.7,98.95
2,26.26,95.4,119.58
2,26.26,96.1,130.2
2,26.26,103.1,127.27
2,26.26,103.8,133.37
2,26.26,96.8,105.05
2,26.26,97.5,118.8
2,26.26,166.1,171.85
2,26.25,96.1,120.07
2,26.25,96.1,120.07
2,26.25,100.3,108.74
2,26.25,110.8,121.74
2,26.25,180.0,213.32
2,26.25,97.5,104.25
2,26.25,70.0,98.88
2,26.25,108.7,134.71
2,26.25,139.5,167.07
2,26.24,95.4,119.23
2,26.24,99.6,129.81
2,26.24,70.0,98.88
2,26.24,95.4,109.15
2,26.24,95.4,114.65
2,26.24,96.8,100.05
2,26.24,94.7,118.74
2,26.24,98.2,101.45
2,26.24,104.5,112.75
2,26.24,96.1,118.87
2,26.24,97.5,131.33
2,26.24,96.1,110.35
2,26.24,96.8,106.99
2,26.24,96.1,121.87
2,26.24,108.0,154.62
2,26.23,96.8,120.91
2,26.23,97.5,120.55
2,26.23,96.1,107.29
2,26.23,98.9,116.65
2,26.23,94.7,112.2
2,26.23,104.5,128.95
2,26.23,103.1,122.73
2,26.23,95.4,119.23
2,26.23,95.4,113.65
2,26.23,114.3,151.49
2,26.23,98.2,121.39
2,26.23,96.8,100.05
2,26.23,100.3,141.77
2,26.23,103.1,127.92
2,26.23,96.1,118.87
2,26.22,70.0,98.88
2,26.22,96.8,116.05
2,26.22,70.0,97.13
2,26.22,99.6,123.07
2,26.22,96.8,115.05
2,26.22,98.2,124.74
2,26.22,96.1,118.32
2,26.22,70.0,95.09
2,26.22,96.1,110.35
2,26.22,95.4,107.15
2,26.22,96.1,118.87
2,26.22,96.8,122.71
2,26.22,98.9,127.69
2,26.22,96.8,119.71
2,26.22,70.0,98.88
2,26.22,152.1,192.07
2,26.22,95.4,98.65
2,26.22,100.3,133.81
2,26.22,96.8,100.05
2,26.21,70.0,90.9
2,26.21,98.9,119.09
2,26.21,96.8,119.71
2,26.21,161.9,180.78
2,26.21,101.0,126.75
2,26.21,96.1,125.0
2,26.21,95.4,124.13
2,26.21,151.4,169.65
2,26.21,114.3,141.91
2,26.21,166.1,175.35
2,26.21,96.1,100.35
2,26.21,97.5,101.75
2,26.21,99.6,123.07
2,26.21,125.5,142.63
2,26.21,98.9,132.11
2,26.21,95.4,121.03
2,26.21,96.1,115.35
2,26.21,96.1,99.35
2,26.21,96.8,122.71
2,26.21,101.7,104.2
2,26.21,104.5,125.75
1,26.2,70.0,96.19
2,26.2,167.5,175.75
2,26.2,96.8,120.05
1,26.2,73.5,75.0
1,26.2,96.8,115.05
2,26.2,70.0,97.13
1,26.2,114.3,149.34
2,26.2,165.4,211.56
2,26.2,70.0,98.88
2,26.2,117.8,134.93
2,26.2,103.1,152.7
1,26.2,125.9,159.45
1,26.2,116.8,131.18
1,26.2,95.4,114.65
1,26.2,96.1,120.4
1,26.2,70.0,97.09
2,26.2,95.4,109.65
1,26.2,112.2,117.95
1,26.2,70.0,99.19
2,26.2,102.4,103.9
1,26.2,94.7,118.7
1,26.2,54.5,62.94
2,26.2,95.4,113.65
1,26.2,96.8,120.05
1,26.2,95.4,112.9
1,26.2,95.4,115.03
2,26.2,70.0,102.92
1,26.2,59.5,67.94
1,26.2,108.7,165.92
1,26.2,96.1,127.54
1,26.2,79.5,85.9
1,26.2,138.8,156.49
1,26.2,0.0,0.0
2,26.2,43.6,70.17
2,26.2,95.4,104.65
2,26.2,95.4,119.23
1,26.2,101.0,134.34
1,26.2,59.5,67.94
1,26.2,48.5,56.94
2,26.19,94.7,120.19
2,26.19,125.0,158.75
2,26.19,158.4,164.65
2,26.19,116.4,161.88
2,26.19,162.0,204.44
2,26.19,95.4,110.9
2,26.19,94.7,104.89
2,26.19,96.8,101.05
2,26.19,96.8,114.05
2,26.19,96.1,109.79
2,26.19,96.1,136.2
2,26.19,98.9,130.09
2,26.18,94.7,103.14
2,26.18,94.7,103.45
2,26.18,97.5,110.75
2,26.18,95.4,121.03
2,26.18,150.0,173.07
2,26.18,96.1,118.87
2,26.18,96.8,120.06
2,26.18,99.6,118.85
2,26.18,138.8,196.29
2,26.18,97.5,114.69
2,26.18,102.4,131.63
2,26.18,96.1,121.87
2,26.17,70.0,105.23
2,26.17,96.8,136.42
2,26.17,96.1,128.4
2,26.17,121.3,133.99
2,26.17,70.0,89.03
2,26.17,70.0,98.88
2,26.17,70.0,96.23
2,26.17,70.0,74.0
2,26.17,96.1,120.07
2,26.17,95.4,126.36
2,26.17,140.9,178.63
2,26.17,114.7,153.96
2,26.17,70.0,82.69
2,26.17,96.1,137.08
2,26.17,95.4,129.36
2,26.17,99.6,131.25
2,26.17,159.1,183.35
2,26.17,96.1,118.87
2,26.16,96.1,118.87
2,26.16,95.4,122.88
2,26.16,100.3,105.3
2,26.16,95.4,108.65
2,26.16,70.0,107.42
2,26.16,70.0,88.8
2,26.16,70.0,90.55
2,26.16,70.0,98.88
2,26.16,97.5,108.69
2,26.16,98.9,117.15
2,26.16,104.5,117.25
2,26.15,95.4,119.58
2,26.15,95.4,118.03
2,26.15,94.7,98.95
2,26.15,96.1,127.55
2,26.15,117.8,127.99
2,26.15,94.7,117.19
2,26.15,112.2,146.87
2,26.15,70.0,99.23
2,26.15,102.4,112.59
2,26.15,70.0,93.69
2,26.15,94.0,115.8
2,26.15,94.7,118.39
2,26.15,95.4,116.59
2,26.15,70.0,95.94
2,26.15,94.7,108.85
2,26.15,94.7,118.74
2,26.15,118.5,154.08
2,26.15,96.1,120.07
2,26.15,95.4,109.09
2,26.15,117.5,158.26
2,26.15,97.5,122.1
2,26.15,96.1,120.07
2,26.14,150.7,158.95
2,26.14,94.7,100.45
2,26.14,70.0,95.88
2,26.14,95.4,130.56
2,26.14,70.0,99.23
2,26.14,120.6,133.29
2,26.14,70.0,98.88
2,26.14,122.7,159.12
2,26.14,96.8,119.71
2,26.14,97.5,121.75
2,26.14,95.4,129.8
2,26.13,94.7,97.95
2,26.13,114.7,172.37
2,26.13,70.0,98.88
2,26.13,98.2,132.72
2,26.13,96.1,120.42
2,26.12,70.0,98.88
2,26.12,133.9,187.18
2,26.12,96.1,131.97
2,26.12,157.7,185.39
2,26.12,113.6,126.85
2,26.12,143.0,168.19
2,26.12,96.1,121.87
2,26.12,159.1,173.35
2,26.11,98.2,124.39
2,26.11,98.2,141.05
2,26.11,98.2,122.59
2,26.11,95.4,108.51
2,26.11,95.4,98.65
2,26.11,94.7,97.95
2,26.11,94.7,96.3
2,26.11,99.6,102.85
2,26.11,171.7,218.69
2,26.11,70.0,94.69
2,26.11,97.5,120.55
2,26.11,97.5,126.75
2,26.11,70.0,90.75
2,26.11,98.2,121.74
2,26.11,98.2,121.39
2,26.11,97.5,125.5
2,26.11,139.5,169.2
2,26.11,97.5,105.94
2,26.11,109.4,124.59
2,26.11,98.9,125.23
1,26.1,160.5,164.75
1,26.1,98.2,119.65
2,26.1,94.0,116.35
1,26.1,61.5,63.0
1,26.1,165.4,172.65
1,26.1,70.0,99.24
1,26.1,94.7,127.09
1,26.1,131.8,141.99
1,26.1,53.5,55.0
2,26.1,70.0,103.67
1,26.1,38.5,40.0
1,26.1,70.0,82.69
2,26.1,70.0,80.19
2,26.1,96.1,106.29
2,26.1,94.0,117.55
1,26.1,0.0,7.94
1,26.1,157.94,158.94
1,26.1,94.0,116.7
2,26.1,94.7,118.74
1,26.1,70.0,87.69
1,26.1,94.7,113.95
1,26.1,54.5,62.94
2,26.1,101.0,129.75
2,26.1,96.8,120.06
2,26.1,96.1,100.35
1,26.1,110.1,152.79
1,26.1,73.5,81.94
2,26.09,167.5,222.75
2,26.09,94.7,115.45
2,26.09,87.0,115.68
2,26.09,105.2,118.64
2,26.09,94.7,118.74
2,26.09,96.8,130.17
2,26.09,96.8,127.75
2,26.09,100.3,113.99
2,26.08,111.5,124.94
2,26.08,70.0,87.69
2,26.08,94.7,120.19
2,26.08,100.3,112.99
2,26.07,133.9,158.97
2,26.07,94.7,101.45
2,26.07,99.6,112.29
2,26.07,133.2,160.14
2,26.07,164.0,168.25
2,26.07,100.3,126.91
2,26.07,117.1,134.79
2,26.07,96.8,120.91
2,26.07,95.4,119.23
2,26.07,96.8,117.99
2,26.07,126.2,135.45
2,26.06,94.7,123.25
2,26.06,96.1,112.29
2,26.06,95.4,119.23
2,26.06,166.1,170.35
2,26.06,70.0,80.94
2,26.06,97.5,114.63
2,26.06,103.1,120.85
2,26.06,70.0,80.75
2,26.06,110.8,120.99
2,26.06,98.9,122.23
2,26.05,146.5,177.75
2,26.05,119.9,156.96
2,26.05,70.0,90.96
2,26.05,132.5,164.1
2,26.05,70.0,88.8
2,26.05,97.5,102.75
2,26.05,136.7,157.56
2,26.05,98.9,123.43
2,26.05,94.0,107.25
2,26.05,94.7,126.72
2,26.05,97.5,100.75
2,26.04,101.0,126.0
2,26.04,70.0,81.94
2,26.04,97.5,113.37
2,26.04,96.1,120.42
2,26.03,95.4,121.03
2,26.03,95.4,119.58
2,26.03,99.6,129.37
2,26.03,95.4,119.23
2,26.03,95.4,137.69
2,26.03,117.8,156.24
2,26.03,94.7,110.45
2,26.03,96.1,101.35
2,26.03,104.5,120.35
2,26.03,95.4,109.61
2,26.02,100.3,110.49
2,26.02,95.4,118.03
2,26.02,70.0,90.94
2,26.02,101.7,135.12
2,26.02,98.9,116.03
2,26.02,95.4,105.59
2,26.02,129.7,170.52
2,26.01,94.7,117.19
2,26.01,96.1,121.87
2,26.01,101.7,110.14
2,26.01,136.7,155.95
2,26.01,94.0,114.19
2,26.01,94.7,113.95
2,26.01,96.1,100.35
2,26.01,96.8,106.99
2,26.01,136.7,173.59
2,26.01,94.7,107.95
2,26.0,70.0,80.94
1,26.0,94.7,108.95
1,26.0,70.0,102.39
2,26.0,94.7,123.25
1,26.0,94.7,118.7
2,26.0,108.7,118.89
1,26.0,136.0,140.0
2,26.0,96.8,100.05
1,26.0,96.1,119.2
2,26.0,140.0,149.79
2,26.0,98.2,118.95
1,26.0,94.7,117.55
2,26.0,95.4,141.91
2,26.0,132.0,176.8
1,26.0,94.0,113.25
2,26.0,94.7,98.95
2,26.0,94.7,104.89
2,26.0,70.0,104.88
1,26.0,94.7,118.75
1,26.0,94.7,108.95
2,26.0,94.7,118.39
1,26.0,71.5,73.0
1,26.0,95.4,118.4
1,26.0,55.5,57.0
1,26.0,94.0,119.7
1,26.0,82.0,107.94
2,25.99,94.7,118.39
2,25.99,70.0,90.69
2,25.99,70.0,102.92
2,25.99,96.8,100.05
2,25.99,153.5,205.08
2,25.99,96.8,100.05
2,25.99,70.0,87.69
2,25.99,94.0,103.25
2,25.99,98.2,122.59
2,25.98,94.0,98.25
2,25.98,95.0,102.75
2,25.98,98.2,124.39
2,25.98,70.0,90.94
2,25.98,70.0,86.69
2,25.98,95.4,115.03
2,25.98,101.0,136.43
2,25.97,94.7,107.95
2,25.97,98.2,121.74
2,25.97,70.0,104.88
2,25.97,70.0,85.75
2,25.97,99.6,126.42
2,25.97,138.8,178.18
2,25.97,70.0,71.5
2,25.97,96.8,105.05
2,25.97,96.1,110.35
2,25.96,70.0,103.98
2,25.96,97.5,115.63
2,25.96,98.2,111.59
2,25.96,70.0,93.08
2,25.96,70.0,90.19
2,25.96,121.0,140.38
2,25.96,98.2,103.95
2,25.96,96.1,114.23
2,25.96,97.5,120.55
2,25.96,94.7,123.25
2,25.96,94.0,122.37
2,25.96,100.3,123.91
2,25.96,121.7,122.7
2,25.96,94.0,116.35
2,25.96,157.7,173.45
2,25.95,98.2,124.39
2,25.95,124.8,145.1
2,25.95,98.2,104.45
2,25.95,95.4,111.34
2,25.95,110.0,111.0
2,25.95,96.8,115.06
2,25.95,95.4,119.23
2,25.95,94.0,108.25
2,25.95,96.8,121.26
2,25.95,96.8,122.71
2,25.95,99.6,112.29
2,25.94,98.9,100.4
2,25.94,95.4,124.66
2,25.94,130.0,189.33
2,25.94,94.7,118.39
2,25.94,101.0,111.19
2,25.94,150.0,163.75
2,25.94,96.8,108.05
2,25.94,95.4,113.53
2,25.94,161.2,199.99
2,25.94,98.2,122.59
2,25.93,70.0,99.63
2,25.93,94.0,119.7
2,25.93,102.4,106.65
2,25.93,94.0,111.25
2,25.93,70.0,95.88
2,25.93,70.0,99.23
2,25.93,94.0,104.75
2,25.93,114.3,124.49
2,25.93,95.4,149.01
2,25.92,95.4,98.65
2,25.92,118.9,134.65
2,25.92,102.4,129.43
2,25.92,94.0,115.8
2,25.91,163.3,166.55
2,25.91,70.0,80.19
2,25.91,95.4,135.05
2,25.91,70.0,97.69
2,25.91,145.8,150.05
2,25.91,97.5,123.9
2,25.91,100.3,139.05
2,25.91,93.3,104.49
2,25.91,94.7,118.39
2,25.91,98.2,121.39
2,25.91,98.9,122.23
2,25.9,70.0,90.69
1,25.9,162.6,176.85
1,25.9,98.2,113.58
1,25.9,94.7,117.55
2,25.9,94.7,115.89
1,25.9,60.5,62.0
1,25.9,94.0,114.6
2,25.9,103.1,114.04
1,25.9,140.9,176.09
1,25.9,95.4,119.55
2,25.9,164.0,197.75
1,25.9,70.0,166.69
1,25.9,73.5,87.14
1,25.9,70.5,85.88
1,25.9,94.0,134.58
1,25.9,94.0,116.7
2,25.9,114.3,125.49
1,25.9,95.4,101.65
1,25.9,136.0,141.47
1,25.9,94.7,118.75
1,25.9,94.7,117.55
1,25.9,79.5,94.88
1,25.9,120.0,148.07
2,25.9,70.0,98.88
1,25.9,94.0,117.9
2,25.9,94.0,115.75
1,25.9,138.0,145.75
2,25.89,94.0,113.25
2,25.89,70.0,100.5
2,25.89,112.2,126.64
2,25.89,97.5,110.19
2,25.89,95.4,109.15
2,25.89,139.5,147.75
2,25.89,115.0,149.88
2,25.89,105.2,116.39
2,25.89,94.0,107.69
2,25.88,94.7,108.95
2,25.88,98.9,109.09
2,25.88,99.6,123.07
2,25.88,104.5,128.95
2,25.88,94.0,113.25
2,25.88,98.9,132.11
2,25.88,96.8,107.99
2,25.88,70.0,97.13
2,25.88,94.7,118.74
2,25.88,178.7,227.22
2,25.88,143.0,176.35
2,25.87,93.3,118.51
2,25.87,96.8,121.26
2,25.87,114.3,149.04
2,25.87,99.6,132.6
2,25.87,94.7,117.19
2,25.87,94.0,117.9
2,25.87,96.8,121.26
2,25.87,96.8,135.18
2,25.87,94.7,113.79
2,25.87,96.8,111.99
2,25.87,70.0,90.9
2,25.87,95.4,122.88
2,25.87,70.0,95.94
2,25.86,95.4,105.59
2,25.86,96.1,110.39
2,25.86,70.0,99.23
2,25.86,94.7,118.39
2,25.86,119.2,122.45
2,25.86,94.7,133.85
2,25.86,94.0,114.19
2,25.86,95.4,99.65
2,25.86,95.4,113.65
2,25.86,96.1,111.48
2,25.86,94.0,117.55
2,25.86,129.0,131.5
2,25.85,94.0,119.35
2,25.85,70.0,90.55
2,25.85,70.0,80.19
2,25.85,96.8,114.6
2,25.85,96.1,108.79
2,25.85,179.4,230.16
2,25.85,98.9,120.0
2,25.85,94.0,117.55
2,25.84,70.0,86.69
2,25.84,95.4,126.59
2,25.84,121.0,169.07
2,25.84,94.0,117.9
2,25.84,94.0,116.7
2,25.84,93.3,121.5
2,25.84,99.6,110.79
2,25.84,94.0,138.7
2,25.84,70.0,99.23
2,25.84,124.1,160.8
2,25.84,96.1,119.22
2,25.83,70.0,98.88
2,25.83,98.2,124.39
2,25.83,101.0,124.75
2,25.83,70.0,99.23
2,25.83,93.3,97.3
2,25.83,93.3,97.55
2,25.83,94.0,117.55
2,25.83,96.1,104.35
2,25.83,96.1,113.23
2,25.83,94.7,135.05
2,25.83,114.0,142.75
2,25.83,138.8,176.46
2,25.83,93.3,116.71
2,25.83,99.6,120.85
2,25.82,96.8,120.91
2,25.82,96.1,111.85
2,25.82,95.4,97.9
2,25.82,97.5,120.55
2,25.82,175.2,238.23
2,25.82,94.0,112.99
2,25.81,96.8,119.71
2,25.81,103.1,141.61
2,25.81,70.0,104.88
2,25.81,99.6,103.85
2,25.81,171.7,209.59
2,25.81,94.0,112.99
2,25.81,96.8,100.05
2,25.81,118.5,160.55
2,25.81,99.6,119.79
2,25.81,95.4,119.23
2,25.81,220.0,308.13
2,25.81,94.7,118.74
2,25.81,70.0,106.97
2,25.81,95.4,99.65
2,25.81,99.6,125.52
2,25.81,140.2,204.73
1,25.8,159.1,162.35
1,25.8,94.0,119.7
1,25.8,78.5,80.0
1,25.8,96.1,123.0
1,25.8,70.0,82.69
1,25.8,119.6,162.67
1,25.8,96.8,100.05
1,25.8,93.3,117.06
1,25.8,96.8,106.99
1,25.8,93.3,117.05
1,25.8,94.7,120.55
1,25.8,59.5,61.0
2,25.8,100.3,108.55
1,25.8,138.8,171.65
2,25.8,95.4,119.23
1,25.8,95.4,98.65
1,25.8,94.7,117.5
1,25.8,94.7,174.64
1,25.8,61.5,63.0
2,25.8,93.3,126.43
1,25.8,57.5,59.0
1,25.8,70.0,96.69
2,25.8,96.8,103.55
1,25.8,57.5,65.94
1,25.8,127.6,140.29
1,25.8,70.0,82.69
2,25.8,94.7,118.39
2,25.8,95.4,98.65
1,25.8,99.6,112.29
1,25.8,57.5,59.0
1,25.8,94.7,99.95
1,25.8,70.0,73.25
1,25.8,96.8,120.05
2,25.8,94.7,126.72
1,25.8,94.0,120.65
1,25.8,70.0,82.69
1,25.8,128.3,163.85
1,25.8,94.0,117.9
1,25.8,36.5,38.0
1,25.8,96.1,112.24
1,25.8,96.1,135.83
1,25.8,94.7,118.7
2,25.8,101.0,144.76
2,25.79,94.0,104.19
2,25.79,166.8,189.12
2,25.79,95.4,114.65
2,25.79,70.0,104.88
2,25.79,92.6,111.85
2,25.79,96.8,155.49
2,25.79,103.1,116.35
2,25.79,94.7,105.89
2,25.79,70.0,92.69
2,25.79,96.1,130.29
2,25.78,70.0,87.69
2,25.78,94.0,119.35
2,25.78,96.1,120.07
2,25.78,115.0,120.0
2,25.78,94.7,117.19
2,25.77,94.0,112.99
2,25.77,94.0,117.55
2,25.77,94.7,118.39
2,25.77,96.1,100.35
2,25.77,225.0,296.58
2,25.77,96.1,110.35
2,25.77,98.2,112.45
2,25.77,96.1,99.35
2,25.77,70.0,99.69
2,25.76,96.8,115.38
2,25.76,94.7,112.83
2,25.76,96.1,99.35
2,25.76,96.1,110.35
2,25.76,94.0,116.35
2,25.76,103.1,106.35
2,25.76,70.0,100.69
2,25.75,70.0,97.13
2,25.75,105.9,119.84
2,25.75,94.0,117.55
2,25.75,94.0,128.49
2,25.75,70.0,82.69
2,25.75,93.3,117.06
2,25.75,96.1,119.22
2,25.75,94.7,114.89
2,25.74,95.4,118.03
2,25.74,94.0,116.7
2,25.74,93.3,121.5
2,25.74,95.4,99.65
2,25.74,170.3,207.91
2,25.74,94.0,107.25
2,25.74,115.0,127.69
2,25.74,94.0,116.35
2,25.74,96.1,106.85
2,25.74,101.0,124.75
2,25.73,101.7,104.95
2,25.73,159.1,163.35
2,25.73,93.3,126.84
2,25.73,70.0,90.9
2,25.73,107.3,160.74
2,25.73,99.6,123.07
2,25.73,116.8,162.22
2,25.72,105.2,133.14
2,25.72,94.0,105.19
2,25.72,107.3,146.46
2,25.72,96.1,122.22
2,25.72,94.7,118.74
2,25.72,94.7,120.19
2,25.72,95.4,122.88
2,25.72,96.1,106.29
2,25.71,70.0,105.22
2,25.71,97.5,131.88
2,25.71,94.7,105.45
2,25.71,92.6,114.67
2,25.71,70.0,97.13
2,25.71,97.5,110.19
2,25.71,96.1,121.87
2,25.71,93.3,127.93
2,25.71,96.8,117.55
2,25.71,110.1,137.42
2,25.7,104.5,114.69
2,25.7,96.1,106.29
1,25.7,93.3,115.85
2,25.7,96.1,123.75
1,25.7,56.5,64.94
2,25.7,95.0,128.32
1,25.7,96.8,107.99
1,25.7,70.0,99.24
1,25.7,94.7,115.64
1,25.7,94.0,117.9
1,25.7,0.0,1.0
1,25.7,135.3,172.13
2,25.7,95.4,118.03
1,25.7,70.0,95.94
1,25.7,70.0,97.09
1,25.7,94.7,104.89
2,25.7,93.3,117.06
2,25.7,94.7,118.39
2,25.7,99.6,109.79
1,25.7,96.8,100.05
1,25.7,94.7,98.95
2,25.7,95.4,108.65
2,25.7,101.0,111.19
1,25.7,93.3,97.55
1,25.7,143.7,181.39
2,25.7,101.7,125.94
1,25.7,99.6,122.29
1,25.7,156.0,193.88
1,25.7,70.0,86.75
1,25.7,94.7,125.55
1,25.7,70.0,97.09
2,25.7,94.7,107.95
1,25.7,98.2,103.95
1,25.7,47.5,49.0
1,25.7,139.5,172.75
1,25.7,94.0,117.9
1,25.7,70.0,99.22
2,25.69,100.3,134.93
2,25.69,103.8,137.64
2,25.69,99.6,112.85
2,25.69,94.7,118.74
2,25.69,145.1,184.87
2,25.69,96.1,126.87
2,25.69,97.5,119.63
2,25.69,95.4,108.65
2,25.69,70.0,82.69
2,25.69,98.9,122.23
2,25.69,136.0,141.2
2,25.69,94.7,113.95
2,25.69,124.8,141.65
2,25.69,95.4,122.34
2,25.69,97.5,123.0
2,25.69,92.6,115.87
2,25.69,70.0,98.88
2,25.69,96.1,100.35
2,25.68,70.0,80.75
2,25.68,150.0,192.55
2,25.68,93.3,114.96
2,25.68,154.9,189.43
2,25.68,21.9,28.65
2,25.68,70.0,108.47
2,25.68,93.3,117.06
2,25.68,94.0,98.25
2,25.67,95.4,129.02
2,25.67,96.1,99.35
2,25.67,94.7,109.07
2,25.67,114.7,131.08
2,25.67,99.6,105.35
2,25.66,130.0,189.55
2,25.66,129.0,132.25
2,25.66,95.4,129.02
2,25.66,98.2,115.33
2,25.66,95.4,113.53
2,25.66,70.0,98.88
2,25.66,96.1,120.07
2,25.65,98.9,122.58
2,25.65,98.2,108.0
2,25.65,70.0,97.13
2,25.65,94.7,107.39
2,25.65,93.3,105.99
2,25.65,70.0,94.25
2,25.65,95.4,119.23
2,25.64,161.2,196.44
2,25.64,92.6,115.87
2,25.64,70.0,90.75
2,25.64,70.0,103.04
2,25.64,70.0,102.69
2,25.64,144.0,200.78
2,25.63,102.4,144.11
2,25.63,70.0,98.88
2,25.63,95.4,99.65
2,25.63,101.7,125.94
2,25.63,94.7,135.05
2,25.62,122.7,126.7
2,25.62,134.6,149.79
2,25.62,92.6,114.67
2,25.62,70.0,95.88
2,25.61,108.7,134.45
2,25.61,70.0,103.13
2,25.61,70.0,97.13
2,25.61,95.4,118.03
2,25.61,97.5,121.75
2,25.61,70.0,97.13
2,25.61,70.0,80.94
2,25.61,70.0,98.88
2,25.61,96.8,101.8
2,25.6,96.8,111.99
1,25.6,110.1,122.79
1,25.6,108.0,122.37
2,25.6,111.5,147.23
1,25.6,92.6,106.35
1,25.6,69.5,71.0
1,25.6,130.0,164.75
1,25.6,69.5,71.0
1,25.6,70.0,78.44
1,25.6,94.7,110.89
2,25.6,96.1,113.23
2,25.6,99.6,110.79
1,25.6,94.7,97.95
1,25.6,124.0,158.29
2,25.6,92.6,114.12
1,25.6,92.6,103.79
1,25.6,93.3,115.55
1,25.6,70.0,82.69
1,25.6,94.7,132.34
1,25.6,99.6,121.32
1,25.6,92.6,116.2
1,25.6,59.5,61.0
1,25.6,120.3,194.46
1,25.6,96.1,124.2
1,25.6,96.1,125.44
2,25.59,95.4,119.23
2,25.59,94.7,104.89
2,25.59,96.8,139.37
2,25.59,96.8,119.71
2,25.59,109.4,149.05
2,25.59,94.7,122.0
2,25.59,70.0,98.88
2,25.59,70.0,87.55
2,25.59,95.4,119.23
2,25.59,93.3,96.55
2,25.59,161.9,197.83
2,25.59,70.0,94.83
2,25.58,98.2,126.81
2,25.58,99.6,126.07
2,25.58,127.6,167.45
2,25.58,153.5,157.75
2,25.58,125.0,142.75
2,25.58,70.0,80.94
2,25.58,94.7,98.95
2,25.57,103.8,128.11
2,25.57,96.8,102.55
2,25.57,70.0,90.94
2,25.57,99.6,125.04
2,25.57,95.4,113.65
2,25.57,116.1,181.05
2,25.57,93.3,151.49
2,25.57,70.0,82.69
2,25.56,70.0,91.94
2,25.56,124.1,128.1
2,25.56,143.0,191.26
2,25.55,107.3,118.24
2,25.55,91.9,115.03
2,25.55,97.5,120.55
2,25.55,93.3,104.49
2,25.55,70.0,99.23
2,25.55,97.5,120.55
2,25.55,100.3,126.91
2,25.55,98.9,109.09
2,25.55,111.5,145.68
2,25.54,98.2,124.74
2,25.54,96.8,107.74
2,25.54,93.3,107.55
2,25.54,96.1,106.29
2,25.54,70.0,90.94
2,25.54,175.0,197.69
2,25.54,93.3,125.04
2,25.54,159.8,195.66
2,25.54,112.2,136.64
2,25.54,142.3,150.55
2,25.53,161.2,180.45
2,25.53,70.0,95.55
2,25.53,96.1,110.35
2,25.53,112.9,124.09
2,25.53,70.0,75.75
2,25.53,94.7,104.89
2,25.53,70.0,80.19
2,25.53,98.2,124.74
2,25.52,117.1,152.4
2,25.52,113.6,155.99
2,25.52,99.6,124.32
2,25.52,96.8,107.99
2,25.52,94.7,133.85
2,25.51,70.0,99.23
2,25.51,93.3,113.76
2,25.51,94.0,117.55
2,25.51,70.0,103.98
2,25.51,94.0,149.77
2,25.51,103.1,120.23
2,25.51,170.0,193.82
2,25.51,105.9,131.83
2,25.51,70.0,97.13
2,25.51,70.0,98.88
2,25.51,147.9,153.65
2,25.5,70.0,97.13
1,25.5,69.5,71.0
2,25.5,93.3,115.86
1,25.5,70.0,97.69
1,25.5,92.6,115.79
2,25.5,95.4,101.15
1,25.5,98.2,103.95
1,25.5,95.4,135.04
2,25.5,122.7,159.89
1,25.5,68.5,76.94
2,25.5,180.0,213.07
2,25.5,70.0,98.88
1,25.5,97.5,120.9
1,25.5,93.3,122.09
1,25.5,96.1,101.85
1,25.5,92.6,118.85
1,25.5,70.0,100.69
2,25.5,80.0,100.44
2,25.5,169.0,220.06
1,25.5,93.3,99.05
1,25.5,49.5,57.94
1,25.5,38.5,46.94
1,25.5,113.6,149.74
1,25.5,94.0,111.25
1,25.5,70.0,99.23
2,25.5,92.6,115.87
1,25.5,63.5,65.0
1,25.5,91.9,96.15
2,25.49,94.7,117.19
2,25.49,94.7,115.45
2,25.49,94.0,128.84
2,25.49,110.1,152.85
2,25.49,94.7,124.33
2,25.49,96.8,119.71
2,25.49,96.8,131.04
2,25.48,96.8,116.21
2,25.48,92.6,111.6
2,25.48,94.7,128.52
2,25.48,94.0,117.55
2,25.48,189.0,222.32
2,25.48,92.6,115.87
2,25.47,70.0,90.44
2,25.47,95.4,118.03
2,25.47,95.0,119.95
2,25.47,94.0,124.68
2,25.47,94.0,108.25
2,25.47,116.4,154.01
2,25.47,108.7,169.99
2,25.47,94.0,113.25
2,25.47,96.1,117.12
2,25.46,122.0,158.28
2,25.46,103.8,107.8
2,25.46,110.1,129.72
2,25.46,96.1,124.87
2,25.46,93.3,97.55
2,25.46,70.0,82.69
2,25.46,70.0,90.19
2,25.46,96.1,114.23
2,25.46,70.0,99.23
2,25.46,95.4,133.17
2,25.46,95.4,106.59
2,25.46,96.1,106.29
2,25.46,92.6,106.85
2,25.46,93.3,113.76
2,25.46,91.9,118.03
2,25.45,86.0,104.4
2,25.45,98.2,130.97
2,25.45,93.3,109.71
2,25.45,92.6,128.05
2,25.45,106.6,131.47
2,25.45,95.4,102.15
2,25.45,85.0,114.53
2,25.45,94.0,98.25
2,25.44,95.4,105.59
2,25.44,70.0,80.19
2,25.44,70.0,112.75
2,25.44,95.4,112.53
2,25.44,156.3,159.55
2,25.44,200.0,267.19
2,25.44,92.6,102.04
2,25.44,93.3,97.55
2,25.44,87.0,97.44
2,25.44,187.8,260.62
2,25.43,100.0,112.19
2,25.43,70.0,101.88
2,25.43,94.0,114.63
2,25.43,100.3,122.19
2,25.43,94.7,117.54
2,25.43,157.0,161.25
2,25.43,94.0,98.25
2,25.43,94.7,108.95
2,25.43,94.0,100.75
2,25.43,94.0,105.19
2,25.43,145.0,146.0
2,25.43,93.3,115.99
2,25.43,92.6,124.2
2,25.42,122.0,135.47
2,25.42,91.9,106.15
2,25.42,158.4,161.65
2,25.42,137.4,153.65
2,25.42,94.7,117.54
2,25.42,113.6,119.35
2,25.42,93.3,121.5
2,25.42,102.4,126.43
2,25.42,161.2,179.45
2,25.41,94.0,116.7
2,25.41,92.6,101.85
2,25.41,148.6,159.79
2,25.41,140.9,178.63
2,25.41,70.0,104.88
2,25.41,95.4,109.65
2,25.41,70.0,85.94
2,25.41,95.4,105.59
2,25.41,93.3,107.31
2,25.41,94.7,98.95
2,25.41,149.0,194.07
2,25.41,94.7,100.45
2,25.4,70.0,101.97
1,25.4,95.4,98.65
1,25.4,35.5,37.0
1,25.4,70.0,101.19
1,25.4,94.7,120.55
1,25.4,92.6,125.9
1,25.4,53.5,61.94
1,25.4,100.3,124.25
1,25.4,93.3,111.55
2,25.4,70.0,104.88
1,25.4,70.0,101.14
1,25.4,96.8,113.93
1,25.4,96.8,120.95
1,25.4,94.0,125.0
1,25.4,91.9,96.15
1,25.4,70.0,97.09
2,25.4,95.4,109.65
1,25.4,99.6,112.29
2,25.4,70.0,98.88
2,25.4,94.7,118.74
1,25.4,168.2,173.95
2,25.4,95.4,119.23
1,25.4,70.0,90.9
1,25.4,123.4,152.9
1,25.4,70.0,86.44
1,25.4,117.8,138.74
1,25.4,92.6,109.73
1,25.4,95.4,105.6
1,25.4,58.5,66.94
1,25.4,70.0,97.09
2,25.4,92.6,125.85
2,25.39,70.0,100.13
2,25.39,98.2,102.45
2,25.39,93.3,118.86
2,25.39,92.6,124.2
2,25.39,93.3,135.17
2,25.39,100.3,127.26
2,25.39,93.3,117.06
2,25.39,130.4,174.36
2,25.39,91.9,126.41
2,25.39,112.2,146.52
2,25.39,96.1,101.85
2,25.39,98.2,103.95
2,25.39,94.7,110.45
2,25.39,93.3,117.06
2,25.39,123.4,162.96
2,25.39,93.3,108.68
2,25.39,98.2,124.39
2,25.38,112.2,147.72
2,25.38,94.7,107.95
2,25.38,70.0,95.09
2,25.38,94.0,119.7
2,25.38,94.0,119.35
2,25.37,97.5,123.55
2,25.37,94.7,98.95
2,25.37,92.6,111.6
2,25.37,70.0,97.13
2,25.37,93.3,105.05
2,25.37,94.7,118.39
2,25.37,94.0,114.75
2,25.37,96.1,116.29
2,25.37,93.3,97.55
2,25.37,108.0,133.07
2,25.36,70.0,104.88
2,25.36,94.7,97.95
2,25.36,145.1,208.65
2,25.36,96.1,119.22
2,25.36,94.0,122.37
2,25.36,70.0,95.94
2,25.35,92.6,103.79
2,25.35,139.5,170.95
2,25.35,94.0,105.19
2,25.35,70.0,87.11
2,25.35,96.1,118.23
2,25.35,136.7,153.95
2,25.35,91.9,95.15
2,25.35,94.7,97.95
2,25.35,103.1,120.48
2,25.35,94.7,139.8
2,25.34,92.6,101.69
2,25.34,134.6,174.07
2,25.34,92.6,111.85
2,25.34,121.7,149.27
2,25.34,112.2,147.72
2,25.34,87.0,97.54
2,25.34,99.6,149.3
2,25.33,118.2,152.2
2,25.33,99.6,120.1
2,25.33,91.2,106.39
2,25.33,94.0,116.7
2,25.33,155.6,171.85
2,25.33,95.4,105.59
2,25.33,94.0,133.01
2,25.33,92.6,109.85
2,25.33,95.4,106.59
2,25.33,95.4,121.03
2,25.33,92.6,103.79
2,25.32,70.0,83.0
2,25.32,99.6,134.4
2,25.32,100.3,118.55
2,25.32,96.1,121.87
2,25.32,94.0,117.55
2,25.32,190.0,204.38
2,25.32,175.9,200.15
2,25.32,91.9,115.15
2,25.32,98.9,109.09
2,25.32,93.3,108.55
2,25.32,113.6,148.2
2,25.32,96.1,100.35
2,25.32,70.0,97.13
2,25.31,98.9,150.85
2,25.31,118.5,154.43
2,25.31,70.0,80.19
2,25.31,94.7,118.74
2,25.31,108.7,111.95
2,25.31,96.8,99.3
2,25.31,96.1,118.87
2,25.31,96.8,131.43
2,25.31,94.0,116.35
2,25.31,93.3,119.05
1,25.3,92.6,95.1
1,25.3,45.5,47.0
1,25.3,96.8,98.3
1,25.3,159.8,194.75
1,25.3,71.5,73.0
2,25.3,70.0,80.19
1,25.3,91.9,114.2
1,25.3,62.5,70.94
1,25.3,138.8,195.59
1,25.3,91.2,110.45
1,25.3,98.9,110.4
1,25.3,185.0,199.75
1,25.3,144.4,160.28
1,25.3,61.5,69.94
1,25.3,96.8,106.99
1,25.3,92.6,110.73
1,25.3,67.5,75.94
2,25.3,98.2,138.41
2,25.3,95.4,114.29
1,25.3,96.1,114.35
1,25.3,94.7,103.14
1,25.3,98.2,101.45
1,25.3,91.9,128.84
1,25.3,95.4,127.59
1,25.3,92.6,116.85
1,25.3,46.5,48.0
2,25.29,95.4,105.59
2,25.29,93.3,120.69
2,25.29,140.2,177.79
2,25.29,114.0,167.26
2,25.28,93.3,114.8
2,25.28,84.0,113.33
2,25.28,108.7,140.88
2,25.28,94.7,104.89
2,25.28,94.7,107.39
2,25.28,70.0,98.88
2,25.28,96.1,106.29
2,25.27,93.3,109.17
2,25.27,98.9,138.89
2,25.27,94.7,105.89
2,25.27,130.0,155.07
2,25.27,97.5,100.75
2,25.26,143.7,209.12
2,25.26,116.4,145.68
2,25.26,91.9,96.15
2,25.26,116.8,158.62
2,25.26,136.7,181.92
2,25.26,92.6,115.87
2,25.26,70.0,98.88
2,25.26,91.9,123.36
2,25.26,150.7,153.95
2,25.25,93.3,109.49
2,25.25,103.8,109.55
2,25.25,114.3,118.3
2,25.25,95.4,99.65
2,25.25,70.0,74.0
2,25.25,92.6,109.73
2,25.25,96.8,100.05
2,25.25,95.4,106.59
2,25.25,100.0,176.38
2,25.25,95.4,109.65
2,25.24,70.0,95.94
2,25.24,114.3,136.74
2,25.24,97.5,107.69
2,25.24,95.4,127.04
2,25.24,94.0,133.01
2,25.24,93.3,116.71
2,25.24,95.4,109.65
2,25.24,96.1,114.25
2,25.24,94.7,98.95
2,25.24,92.6,116.35
2,25.23,90.0,119.44
2,25.23,113.6,141.1
2,25.23,91.2,114.19
2,25.23,70.0,98.88
2,25.23,70.0,92.69
2,25.23,94.7,129.72
2,25.22,70.0,100.0
2,25.22,70.0,87.69
2,25.22,70.0,82.69
2,25.22,70.0,80.19
2,25.22,140.9,189.8
2,25.22,93.3,102.55
2,25.22,94.0,119.19
2,25.22,101.7,148.8
2,25.22,94.7,118.74
2,25.21,70.0,105.22
2,25.21,92.6,114.67
2,25.21,136.0,155.25
2,25.21,96.1,113.23
2,25.21,92.6,110.73
2,25.21,155.6,190.27
1,25.2,91.9,114.2
1,25.2,94.0,97.25
1,25.2,93.3,96.55
2,25.2,70.0,99.23
1,25.2,96.1,117.1
1,25.2,185.0,194.69
1,25.2,111.5,127.69
1,25.2,97.5,123.9
1,25.2,91.9,111.53
1,25.2,96.8,100.05
1,25.2,135.3,182.63
1,25.2,92.6,116.2
1,25.2,96.8,120.05
1,25.2,129.7,180.44
1,25.2,70.0,90.94
1,25.2,68.5,76.94
1,25.2,98.9,140.39
1,25.2,123.4,160.95
1,25.2,70.5,72.0
1,25.2,110.1,147.34
1,25.2,54.5,62.94
1,25.2,95.4,127.89
2,25.2,101.0,129.07
1,25.2,91.2,93.7
1,25.2,94.7,114.89
1,25.2,91.2,100.45
2,25.2,98.9,119.65
1,25.2,70.0,82.69
1,25.2,82.0,107.94
1,25.2,70.0,102.69
2,25.2,93.3,111.43
2,25.2,147.9,161.15
1,25.2,77.5,84.2
1,25.2,91.9,133.83
1,25.2,91.2,126.74
2,25.19,91.9,116.83
2,25.19,96.1,115.73
2,25.19,92.6,96.85
2,25.19,94.7,105.89
2,25.19,93.3,110.43
2,25.19,70.0,85.94
2,25.19,91.9,119.75
2,25.19,94.0,132.42
2,25.19,112.6,170.85
2,25.19,91.9,103.09
2,25.19,96.8,127.25
2,25.19,93.3,125.09
2,25.19,103.8,114.74
2,25.19,96.8,128.93
2,25.18,94.0,127.73
2,25.18,171.7,224.5
2,25.18,92.6,116.22
2,25.18,95.4,119.28
2,25.18,70.0,97.69
2,25.18,93.3,121.37
2,25.17,135.3,139.55
2,25.17,96.1,120.42
2,25.17,152.1,156.35
2,25.17,91.2,100.45
2,25.17,123.8,143.68
2,25.17,120.6,124.6
2,25.17,92.6,110.73
2,25.17,92.6,131.68
2,25.17,92.6,96.85
2,25.17,95.4,129.36
2,25.17,70.0,82.69
2,25.16,158.4,162.65
2,25.16,93.3,118.86
2,25.16,161.2,164.45
2,25.16,96.8,116.05
2,25.16,176.6,231.58
2,25.15,99.6,125.52
2,25.15,93.3,118.51
2,25.15,92.6,103.79
2,25.15,70.0,82.69
2,25.15,70.0,105.22
2,25.15,92.6,116.22
2,25.15,114.3,170.33
2,25.15,102.4,106.4
2,25.15,104.5,114.69
2,25.15,92.6,96.85
2,25.15,152.8,188.46
2,25.15,97.5,109.44
2,25.15,93.3,121.5
2,25.15,91.9,118.03
2,25.14,92.6,103.79
2,25.14,93.3,138.04
2,25.14,80.0,92.75
2,25.14,95.4,108.09
2,25.14,70.0,104.0
2,25.14,94.7,100.45
2,25.14,141.0,174.07
2,25.14,155.6,228.57
2,25.14,70.0,82.69
2,25.14,70.0,82.69
2,25.13,112.9,150.59
2,25.13,108.7,119.89
2,25.13,96.1,101.1
2,25.13,112.2,152.99
2,25.13,94.7,107.39
2,25.12,96.1,99.35
2,25.12,116.4,132.34
2,25.12,91.9,104.15
2,25.12,70.0,82.69
2,25.12,70.0,95.88
2,25.12,92.6,98.35
2,25.12,96.1,120.18
2,25.12,121.3,139.74
2,25.12,158.4,184.78
2,25.11,91.9,103.09
2,25.11,91.9,125.16
2,25.11,94.0,112.5
2,25.11,94.7,111.83
1,25.1,90.5,112.5
1,25.1,52.5,54.0
1,25.1,92.6,114.85
2,25.1,169.0,176.75
1,25.1,70.0,99.19
1,25.1,92.6,119.8
1,25.1,106.6,145.94
1,25.1,70.0,90.69
1,25.1,92.6,106.85
2,25.1,98.9,110.84
2,25.1,92.6,115.87
1,25.1,58.5,60.0
1,25.1,91.9,105.9
1,25.1,57.5,59.0
1,25.1,58.5,66.94
1,25.1,101.7,123.95
1,25.1,55.5,57.0
1,25.1,78.5,80.0
1,25.1,94.7,104.89
1,25.1,94.0,112.25
2,25.1,94.7,121.74
1,25.1,65.5,67.0
1,25.1,91.2,125.79
1,25.1,94.0,98.25
1,25.1,47.5,49.0
1,25.1,105.2,128.45
1,25.1,0.0,0.0
1,25.1,70.0,99.24
1,25.1,120.3,180.42
1,25.1,92.6,95.85
2,25.1,93.3,130.61
1,25.1,94.0,127.7
2,25.1,93.3,137.28
1,25.1,63.5,71.94
1,25.1,90.5,113.65
2,25.09,92.6,115.87
2,25.09,70.0,106.97
2,25.09,70.0,82.69
2,25.09,94.7,97.95
2,25.09,97.5,140.97
2,25.09,92.6,103.79
2,25.09,146.5,180.55
2,25.09,91.9,98.65
2,25.09,188.0,244.61
2,25.08,94.7,125.87
2,25.08,92.6,115.87
2,25.08,93.3,116.71
2,25.08,70.0,83.44
2,25.08,93.3,123.84
2,25.08,97.5,109.5
2,25.08,96.8,113.94
2,25.08,93.3,117.06
2,25.08,94.7,114.46
2,25.07,92.6,115.87
2,25.07,98.2,101.45
2,25.07,91.2,112.44
2,25.07,157.0,191.95
2,25.07,95.0,117.75
2,25.06,93.3,99.55
2,25.06,140.84,160.22
2,25.06,91.9,103.09
2,25.06,98.5,126.76
2,25.06,91.9,98.15
2,25.05,91.9,103.09
2,25.05,91.2,113.34
2,25.05,108.0,140.44
2,25.05,120.6,165.67
2,25.05,91.2,93.7
2,25.05,70.0,97.13
2,25.05,138.1,147.35
2,25.05,98.2,102.0
2,25.05,94.7,120.54
2,25.04,91.9,97.65
2,25.04,135.3,163.99
2,25.04,94.7,110.45
2,25.04,94.0,99.75
2,25.04,94.0,103.25
2,25.04,106.6,142.79
2,25.04,95.4,127.38
2,25.04,93.3,116.71
2,25.04,156.3,159.55
2,25.04,92.6,122.67
2,25.03,92.6,123.0
2,25.03,70.0,79.0
2,25.03,93.3,108.55
2,25.03,70.0,81.86
2,25.03,91.9,104.59
2,25.03,97.5,144.0
2,25.03,160.0,171.0
2,25.03,103.1,118.29
2,25.03,90.5,100.69
2,25.03,99.6,134.4
2,25.03,93.3,117.06
2,25.02,104.5,149.13
2,25.02,91.9,105.77
2,25.02,93.3,115.51
2,25.02,70.0,98.88
2,25.02,92.6,113.79
2,25.02,91.2,106.94
2,25.02,91.2,132.65
2,25.01,113.3,148.05
2,25.01,129.7,233.94
2,25.01,70.0,98.88
2,25.01,90.5,93.0
2,25.01,93.3,119.71
2,25.01,93.3,104.49
2,25.01,70.0,95.69
1,25.0,95.4,137.13
1,25.0,112.9,159.13
1,25.0,69.5,71.0
1,25.0,92.6,103.79
2,25.0,94.7,107.39
1,25.0,70.5,78.94
1,25.0,91.2,105.45
1,25.0,50.5,52.0
1,25.0,96.1,110.1
2,25.0,96.1,107.04
1,25.0,91.9,109.59
1,25.0,96.1,100.1
1,25.0,91.9,115.35
1,25.0,70.0,92.69
2,25.0,111.9,136.59
1,25.0,90.5,100.69
1,25.0,72.5,80.94
1,25.0,135.3,160.49
1,25.0,91.2,95.45
2,25.0,70.0,90.55
1,25.0,96.8,120.05
1,25.0,90.5,113.7
2,25.0,152.8,167.05
1,25.0,104.5,109.5
1,25.0,100.3,122.15
1,25.0,115.0,130.19
2,25.0,70.0,82.69
2,25.0,116.4,118.9
1,25.0,70.0,99.19
2,25.0,94.0,116.35
1,25.0,94.7,155.46
1,25.0,90.5,119.94
2,24.99,91.9,103.09
2,24.99,94.0,105.19
2,24.99,112.2,122.39
2,24.99,92.6,114.35
2,24.99,135.3,144.55
2,24.99,93.3,105.99
2,24.99,92.6,103.79
2,24.99,116.0,150.48
2,24.99,98.2,108.39
2,24.99,112.2,118.7
2,24.98,95.4,121.03
2,24.98,93.3,124.19
2,24.98,137.4,140.65
2,24.98,90.5,105.5
2,24.98,70.0,98.88
2,24.98,150.7,154.95
2,24.98,96.8,128.39
2,24.98,91.2,102.39
2,24.98,94.7,105.89
2,24.98,94.0,117.55
2,24.97,70.0,97.13
2,24.97,95.4,121.03
2,24.97,92.6,117.67
2,24.97,94.7,112.95
2,24.97,70.0,90.55
2,24.96,139.5,148.75
2,24.96,91.9,110.03
2,24.96,93.3,104.49
2,24.96,91.9,97.65
2,24.96,94.0,119.35
2,24.96,145.1,193.83
2,24.96,96.1,99.35
2,24.96,92.6,115.02
2,24.95,110.8,144.84
2,24.95,91.9,103.09
2,24.95,108.0,158.35
2,24.95,70.0,99.23
2,24.94,91.9,113.09
2,24.94,92.6,103.79
2,24.94,70.0,88.8
2,24.94,123.8,186.54
2,24.94,92.6,101.85
2,24.94,154.9,174.15
2,24.94,104.5,147.42
2,24.94,70.0,88.0
2,24.94,164.7,167.95
2,24.94,93.3,106.55
2,24.94,91.2,100.64
2,24.94,70.0,101.17
2,24.94,146.5,205.01
2,24.94,91.2,105.55
2,24.94,126.2,167.39
2,24.93,100.3,157.56
2,24.93,149.3,188.71
2,24.93,128.3,171.84
2,24.93,91.9,103.09
2,24.93,91.2,95.45
2,24.93,95.4,118.03
2,24.93,93.3,94.8
2,24.92,91.9,109.03
2,24.92,98.2,106.45
2,24.92,156.3,176.61
2,24.92,92.6,96.85
2,24.92,147.9,151.15
2,24.92,96.8,101.8
2,24.92,82.69,113.51
2,24.92,97.5,100.75
2,24.92,94.7,117.19
2,24.91,119.2,147.84
2,24.91,119.9,132.59
2,24.91,111.5,130.0
2,24.91,91.9,114.18
2,24.91,91.2,126.3
2,24.91,115.7,150.72
2,24.91,70.0,82.69
2,24.91,100.0,128.0
2,24.91,100.3,104.55
2,24.91,70.0,90.9
2,24.91,90.5,100.0
2,24.91,108.0,144.48
1,24.9,97.5,107.69
1,24.9,91.9,114.15
1,24.9,71.5,79.94
1,24.9,90.5,122.03
1,24.9,94.7,120.5
1,24.9,90.5,113.65
1,24.9,110.8,146.34
1,24.9,70.0,87.69
2,24.9,118.2,171.53
1,24.9,70.0,100.94
1,24.9,70.0,82.69
2,24.9,90.5,113.7
1,24.9,91.9,108.15
2,24.9,91.2,95.45
2,24.9,97.5,99.0
1,24.9,91.9,94.4
1,24.9,90.5,103.0
1,24.9,70.0,99.19
1,24.9,53.5,55.0
2,24.9,91.2,94.45
1,24.9,58.5,60.0
1,24.9,161.2,189.45
1,24.9,70.0,94.65
1,24.9,95.4,113.65
1,24.9,70.0,97.69
2,24.9,105.2,155.97
1,24.9,45.5,53.94
1,24.9,70.0,99.22
1,24.9,110.8,160.49
1,24.9,70.5,72.0
1,24.9,151.4,155.65
2,24.89,93.3,118.51
2,24.89,90.5,113.7
2,24.88,92.6,111.85
2,24.88,110.0,117.75
2,24.88,91.9,113.83
2,24.88,130.4,177.36
2,24.88,91.2,95.45
2,24.88,93.3,104.49
2,24.88,93.3,110.43
2,24.88,94.7,97.95
2,24.87,115.4,151.96
2,24.87,70.0,82.69
2,24.87,127.6,156.85
2,24.87,108.7,149.43
2,24.87,93.3,112.55
2,24.87,91.9,115.03
2,24.87,152.1,186.07
2,24.87,92.6,121.29
2,24.87,70.0,80.94
2,24.87,200.0,256.53
2,24.86,151.4,157.15
2,24.86,91.9,114.18
2,24.86,91.9,104.15
2,24.86,91.2,130.85
2,24.86,91.2,102.39
2,24.86,96.1,112.29
2,24.86,96.8,106.99
2,24.86,91.9,102.09
2,24.85,91.9,96.15
2,24.85,118.9,167.09
2,24.85,75.0,102.53
2,24.85,102.4,125.65
2,24.85,99.6,107.85
2,24.85,93.3,115.86
2,24.85,95.4,119.23
2,24.85,90.5,134.51
2,24.85,100.3,104.3
2,24.85,90.5,113.7
2,24.85,111.2,152.27
2,24.84,91.9,114.18
2,24.84,91.9,122.16
2,24.84,92.6,124.25
2,24.84,91.9,115.03
2,24.83,91.2,95.45
2,24.83,97.5,100.75
2,24.83,93.3,105.24
2,24.83,108.7,145.67
2,24.83,110.8,144.84
2,24.83,91.2,93.7
2,24.83,143.0,157.38
2,24.83,93.3,143.85
2,24.83,96.1,104.36
2,24.83,91.9,97.65
2,24.83,91.9,120.19
2,24.83,240.0,256.88
2,24.83,92.6,129.0
2,24.82,105.9,140.16
2,24.82,139.5,148.75
2,24.82,91.9,103.11
2,24.82,91.2,101.39
2,24.82,93.3,105.99
2,24.82,103.8,136.87
2,24.82,92.6,113.23
2,24.82,91.2,124.32
2,24.82,115.0,143.1
2,24.82,150.7,153.95
2,24.82,92.6,115.02
2,24.82,103.1,115.79
2,24.81,93.3,103.49
2,24.81,93.3,110.43
2,24.81,93.3,120.25
2,24.81,91.2,102.39
2,24.81,110.8,146.04
2,24.81,138.8,202.29
2,24.81,96.1,122.22
2,24.81,93.3,125.04
1,24.8,95.4,118.35
1,24.8,90.5,113.7
2,24.8,91.2,124.67
2,24.8,91.2,95.45
1,24.8,70.0,90.9
1,24.8,47.5,49.0
1,24.8,91.2,111.95
1,24.8,90.5,108.63
1,24.8,114.0,142.07
1,24.8,64.5,66.0
2,24.8,91.9,106.15
2,24.8,91.9,113.83
1,24.8,61.5,69.94
2,24.8,91.2,101.39
1,24.8,49.5,51.0
1,24.8,70.0,96.9
1,24.8,113.3,157.68
1,24.8,60.5,62.0
1,24.8,96.8,120.05
1,24.8,70.5,72.0
1,24.8,90.5,114.25
1,24.8,96.8,100.05
2,24.8,90.5,104.94
1,24.8,115.0,137.69
1,24.8,90.5,121.69
1,24.8,92.6,124.6
1,24.8,90.5,98.94
1,24.8,49.5,57.94
1,24.8,98.9,123.45
1,24.8,3.0,7.0
1,24.8,93.3,115.85
1,24.8,139.5,177.3
2,24.8,133.9,165.78
1,24.8,57.5,65.94
2,24.8,93.3,96.55
1,24.8,70.0,94.8
2,24.8,91.2,114.19
1,24.8,90.5,96.25
1,24.8,137.4,168.65
1,24.8,91.2,106.95
1,24.8,3.0,15.69
2,24.8,101.0,109.25
1,24.8,100.3,139.37
2,24.8,94.0,144.22
2,24.79,91.2,114.19
2,24.79,104.5,124.5
2,24.79,92.6,137.33
2,24.79,129.7,161.64
2,24.79,122.7,131.95
2,24.79,113.3,173.11
2,24.78,92.6,135.53
2,24.78,70.0,95.09
2,24.78,91.2,124.09
2,24.78,70.0,80.19
2,24.78,89.8,108.05
2,24.78,91.2,117.19
2,24.78,91.9,103.09
2,24.78,70.0,80.75
2,24.78,70.0,75.75
2,24.77,90.5,113.35
2,24.77,106.6,139.8
2,24.77,96.8,101.05
2,24.77,92.6,124.2
2,24.77,70.0,97.69
2,24.77,93.3,125.09
2,24.77,148.6,157.85
2,24.77,91.2,121.32
2,24.77,89.8,119.64
2,24.77,91.9,105.95
2,24.77,93.3,115.51
2,24.77,92.6,103.79
2,24.77,93.3,142.94
2,24.76,92.6,105.29
2,24.76,169.6,183.98
2,24.76,124.1,156.17
2,24.76,101.0,114.25
2,24.76,70.0,87.69
2,24.76,101.0,121.63
2,24.76,70.0,76.5
2,24.76,89.8,94.05
2,24.75,106.6,143.61
2,24.75,175.0,239.73
2,24.75,91.9,115.03
2,24.75,89.0,108.0
2,24.75,89.8,100.99
2,24.75,93.3,121.51
2,24.75,70.0,99.9
2,24.75,90.5,108.63
2,24.74,91.2,114.54
2,24.74,104.5,116.44
2,24.74,103.8,137.87
2,24.74,92.6,102.79
2,24.74,70.0,82.69
2,24.74,96.8,139.37
2,24.74,91.2,111.39
2,24.74,70.0,90.55
2,24.74,91.2,112.99
2,24.74,172.0,173.0
2,24.74,96.8,103.3
2,24.74,89.8,92.3
2,24.74,90.5,122.65
2,24.74,132.5,165.0
2,24.74,90.5,113.35
2,24.74,95.4,103.65
2,24.73,77.0,96.6
2,24.73,91.2,119.33
2,24.73,99.6,116.73
2,24.73,94.7,105.64
2,24.73,94.7,120.54
2,24.73,157.0,193.5
2,24.72,91.2,109.89
2,24.72,90.5,122.03
2,24.72,91.2,110.45
2,24.72,90.5,108.96
2,24.72,90.5,115.69
2,24.72,119.9,153.48
2,24.72,91.2,121.67
2,24.72,91.2,119.31
2,24.72,94.7,98.7
2,24.72,119.9,148.28
2,24.71,94.0,119.35
2,24.71,91.2,101.39
2,24.71,94.0,116.13
1,24.7,131.1,139.35
2,24.7,95.4,120.59
2,24.7,92.6,102.79
1,24.7,129.7,143.95
2,24.7,133.2,148.95
1,24.7,131.1,143.04
1,24.7,57.5,59.0
2,24.7,97.5,103.25
2,24.7,110.8,147.84
2,24.7,70.0,109.61
2,24.7,89.1,124.93
1,24.7,70.0,94.75
2,24.7,90.5,107.63
1,24.7,93.3,124.14
1,24.7,70.0,97.69
1,24.7,95.4,101.15
1,24.7,94.0,117.9
1,24.7,96.1,131.97
1,24.7,59.5,67.94
1,24.7,67.5,75.94
1,24.7,93.3,110.43
1,24.7,70.0,97.14
1,24.7,60.5,62.0
1,24.7,70.5,78.94
2,24.7,89.8,100.99
2,24.69,95.4,98.65
2,24.69,93.3,102.55
2,24.69,93.3,96.55
2,24.69,91.2,96.95
2,24.69,147.2,190.99
2,24.68,156.0,198.48
2,24.68,94.7,115.39
2,24.68,96.1,128.45
2,24.68,101.7,127.64
2,24.68,91.2,94.45
2,24.68,101.7,133.92
2,24.68,128.0,183.33
2,24.68,91.2,104.39
2,24.68,141.6,190.0
2,24.67,91.2,117.19
2,24.67,90.5,119.87
2,24.67,135.3,167.11
2,24.67,111.5,129.75
2,24.67,96.1,100.1
2,24.67,90.5,134.1
2,24.67,91.9,122.16
2,24.67,93.3,126.84
2,24.67,70.0,95.88
2,24.67,90.5,107.63
2,24.67,150.0,212.97
2,24.67,70.0,98.88
2,24.66,97.5,107.69
2,24.66,101.0,125.95
2,24.66,92.6,103.79
2,24.66,70.0,97.13
2,24.66,89.8,100.99
2,24.66,98.9,131.81
2,24.66,90.5,113.35
2,24.66,92.6,131.69
2,24.66,90.5,94.76
2,24.66,95.4,108.09
2,24.65,89.8,109.99
2,24.65,94.7,97.95
2,24.65,95.4,108.84
2,24.65,92.6,115.02
2,24.65,92.6,109.73
2,24.65,93.3,97.55
2,24.65,70.0,106.97
2,24.65,91.9,116.83
2,24.65,70.0,101.88
2,24.64,119.2,140.14
2,24.64,91.2,113.34
2,24.64,70.0,103.13
2,24.64,90.5,101.69
2,24.64,89.1,120.0
2,24.64,90.5,124.15
2,24.64,102.0,105.5
2,24.64,70.0,104.88
2,24.64,120.0,162.25
2,24.64,90.5,113.35
2,24.64,96.8,110.17
2,24.64,89.8,93.05
2,24.63,93.3,129.41
2,24.63,89.1,112.02
2,24.63,89.8,98.05
2,24.63,116.4,149.5
2,24.63,157.7,168.89
2,24.63,89.8,128.64
2,24.63,70.0,92.69
2,24.63,91.2,94.45
2,24.63,106.6,143.78
2,24.62,93.3,128.85
2,24.62,119.9,124.15
2,24.62,89.8,112.51
2,24.62,70.0,109.17
2,24.62,166.1,206.22
2,24.62,116.8,150.68
2,24.62,91.2,114.19
2,24.62,96.8,119.71
2,24.62,90.5,99.75
2,24.62,91.2,102.39
2,24.62,160.5,163.75
2,24.61,98.9,109.09
2,24.61,91.2,107.39
2,24.61,70.0,87.69
2,24.61,70.0,97.13
2,24.61,90.5,110.69
2,24.61,91.2,94.45
2,24.61,70.0,127.69
2,24.61,91.9,116.83
2,24.61,89.8,112.51
2,24.61,70.0,105.22
2,24.61,93.3,104.49
2,24.61,101.7,128.59
2,24.61,90.5,99.75
2,24.61,118.5,148.75
1,24.6,59.5,67.94
1,24.6,72.5,74.0
1,24.6,94.0,106.69
1,24.6,91.9,103.09
1,24.6,69.5,77.94
1,24.6,67.5,69.0
2,24.6,96.8,123.91
2,24.6,94.7,130.68
1,24.6,95.4,118.35
1,24.6,62.5,71.65
2,24.6,117.5,133.25
1,24.6,90.5,117.2
2,24.6,92.6,95.85
2,24.6,94.7,104.91
1,24.6,92.6,115.85
1,24.6,150.0,152.75
1,24.6,89.8,112.85
2,24.6,98.2,108.39
1,24.6,70.0,82.69
1,24.6,61.5,69.94
1,24.6,68.5,76.94
1,24.6,63.5,65.0
1,24.6,132.5,165.9
1,24.6,104.5,110.25
1,24.6,90.5,107.63
1,24.6,96.8,106.99
1,24.6,0.0,1.0
2,24.59,91.2,109.33
2,24.59,91.2,104.45
2,24.59,125.5,130.04
2,24.59,90.5,104.69
2,24.59,70.0,94.69
2,24.59,90.5,112.75
2,24.59,102.4,126.43
2,24.59,174.5,190.88
2,24.59,96.8,111.99
2,24.58,150.7,158.95
2,24.58,136.7,154.95
2,24.58,93.3,103.49
2,24.58,174.5,218.76
2,24.58,70.0,90.55
2,24.58,96.8,106.99
2,24.58,92.6,95.85
2,24.57,92.6,95.85
2,24.57,96.1,104.35
2,24.57,91.2,114.19
2,24.57,91.9,110.57
2,24.57,93.3,96.55
2,24.57,110.5,141.63
2,24.57,138.1,188.15
2,24.57,90.5,101.69
2,24.56,70.0,94.25
2,24.56,94.0,127.13
2,24.56,98.2,143.63
2,24.56,91.2,133.82
2,24.56,70.0,80.94
2,24.56,90.5,112.15
2,24.56,70.0,95.88
2,24.56,110.1,144.0
2,24.56,90.5,119.87
2,24.55,91.9,95.15
2,24.55,90.5,102.45
2,24.55,101.0,117.19
2,24.55,152.8,200.62
2,24.55,89.8,99.99
2,24.55,94.7,112.58
2,24.55,95.4,108.09
2,24.55,90.5,93.75
2,24.55,90.5,101.69
2,24.55,91.9,113.83
2,24.55,115.4,164.73
2,24.55,70.0,84.99
2,24.55,99.6,132.65
2,24.55,89.8,107.93
2,24.55,70.0,82.69
2,24.55,89.1,138.87
2,24.55,89.8,100.99
2,24.54,89.8,105.74
2,24.54,89.8,124.49
2,24.54,90.5,115.15
2,24.54,105.9,116.09
2,24.54,113.3,152.46
2,24.54,97.5,106.75
2,24.54,94.0,127.68
2,24.54,156.3,166.49
2,24.54,89.8,115.86
2,24.54,89.8,103.49
2,24.54,89.1,99.29
2,24.54,92.6,103.79
2,24.53,103.1,139.23
2,24.53,91.2,94.45
2,24.53,91.2,115.44
2,24.53,89.8,110.76
2,24.53,101.7,103.2
2,24.53,119.2,152.59
2,24.53,91.2,119.31
2,24.53,111.9,183.82
2,24.53,70.0,90.69
2,24.53,90.5,94.75
2,24.53,143.0,146.25
2,24.53,165.4,181.15
2,24.52,94.0,106.69
2,24.52,103.8,136.44
2,24.52,89.8,112.51
2,24.52,99.6,122.67
2,24.52,89.8,123.84
2,24.52,105.9,128.83
2,24.51,155.6,193.27
2,24.51,90.5,115.69
2,24.51,98.9,107.15
2,24.51,89.8,99.99
2,24.51,94.0,106.69
2,24.51,94.7,108.95
1,24.5,90.5,101.69
1,24.5,110.8,135.99
1,24.5,90.5,94.75
1,24.5,95.4,126.69
1,24.5,110.0,116.2
2,24.5,70.0,103.78
2,24.5,91.2,112.99
1,24.5,90.5,93.75
2,24.5,98.2,124.74
1,24.5,70.0,82.69
1,24.5,91.2,107.39
1,24.5,78.5,86.94
1,24.5,93.3,115.86
1,24.5,41.5,43.0
1,24.5,101.7,124.39
1,24.5,70.0,99.24
2,24.5,154.2,189.79
1,24.5,91.2,122.89
1,24.5,145.0,152.94
1,24.5,91.2,113.35
1,24.5,111.2,167.12
1,24.5,89.8,126.24
1,24.5,51.5,53.0
1,24.5,98.2,110.89
1,24.5,91.2,104.95
1,24.5,55.5,69.14
2,24.5,94.0,104.19
2,24.5,154.2,160.7
1,24.5,147.0,170.32
1,24.5,75.0,76.0
1,24.5,65.5,76.54
2,24.5,91.9,96.15
2,24.5,94.0,107.25
1,24.5,89.8,94.05
1,24.5,90.5,101.69
1,24.5,93.3,115.85
1,24.5,92.6,95.85
2,24.49,94.7,105.64
2,24.49,90.5,113.35
2,24.49,91.2,98.45
2,24.49,99.6,104.6
2,24.49,105.9,129.97
2,24.49,127.6,156.67
2,24.49,88.4,97.65
2,24.49,89.1,92.35
2,24.49,150.0,155.75
2,24.48,91.9,115.03
2,24.48,152.8,188.46
2,24.48,89.1,124.93
2,24.48,94.7,105.7
2,24.48,123.1,132.79
2,24.48,89.1,109.29
2,24.48,94.7,136.3
2,24.48,94.7,130.06
2,24.47,88.4,102.45
2,24.47,90.5,102.44
2,24.47,96.8,122.71
2,24.47,88.4,114.59
2,24.47,91.2,112.99
2,24.46,70.0,82.69
2,24.46,145.1,160.85
2,24.46,91.9,125.97
2,24.46,70.0,99.23
2,24.46,89.8,123.84
2,24.46,91.2,101.39
2,24.46,111.2,164.5
2,24.46,89.8,103.05
2,24.46,122.0,158.95
2,24.46,152.1,168.6
2,24.46,100.3,110.49
2,24.46,88.4,99.59
2,24.45,93.3,139.92
2,24.45,88.4,99.59
2,24.45,91.9,105.59
2,24.45,89.8,100.99
2,24.45,89.1,116.25
2,24.45,94.0,104.19
2,24.45,89.8,106.93
2,24.45,93.3,96.55
2,24.45,70.0,99.23
2,24.45,105.0,153.98
2,24.44,90.5,112.15
2,24.44,89.8,100.99
2,24.44,89.8,103.45
2,24.44,89.1,113.35
2,24.44,94.0,126.23
2,24.43,92.6,108.79
2,24.43,111.2,127.83
2,24.43,89.1,116.25
2,24.43,92.6,103.79
2,24.43,110.1,159.58
2,24.43,89.1,120.0
2,24.43,70.0,82.69
2,24.43,92.6,95.85
2,24.43,96.8,122.67
2,24.42,91.2,114.54
2,24.42,100.3,134.99
2,24.42,105.2,145.05
2,24.42,91.9,102.1
2,24.42,133.2,141.45
2,24.42,89.8,112.51
2,24.42,89.1,116.25
2,24.41,92.6,115.87
2,24.41,70.0,97.13
2,24.41,101.7,114.45
2,24.41,89.8,111.31
2,24.41,169.6,226.18
2,24.41,88.4,110.83
2,24.41,114.7,145.83
2,24.41,138.8,170.11
2,24.41,70.0,87.69
2,24.41,89.1,112.97
2,24.41,90.5,115.15
2,24.41,98.2,126.38
2,24.41,87.69,122.66
2,24.41,89.8,100.99
1,24.4,88.4,108.59
1,24.4,91.2,113.3
2,24.4,101.7,112.45
2,24.4,148.6,152.85
2,24.4,111.5,154.01
2,24.4,88.4,92.65
1,24.4,89.8,94.05
1,24.4,88.4,99.59
1,24.4,89.1,112.0
1,24.4,89.1,112.0
1,24.4,57.5,59.0
1,24.4,106.6,126.79
1,24.4,89.8,93.05
1,24.4,105.2,141.39
1,24.4,89.1,116.7
1,24.4,100.3,121.24
1,24.4,67.5,69.0
1,24.4,91.2,101.39
2,24.4,89.1,111.67
1,24.4,70.0,80.94
1,24.4,60.5,68.94
1,24.4,50.0,51.0
1,24.4,111.9,139.66
2,24.4,99.0,142.36
1,24.4,125.0,157.5
1,24.4,88.4,92.65
2,24.4,70.0,92.69
1,24.4,64.5,66.0
2,24.4,100.0,153.33
2,24.39,112.2,127.95
2,24.39,91.9,106.15
2,24.39,88.4,112.98
2,24.39,90.5,118.44
2,24.39,108.7,133.89
2,24.39,139.0,168.0
2,24.39,88.4,98.59
2,24.39,91.2,99.45
2,24.39,70.0,104.88
2,24.39,70.0,107.42
2,24.38,92.6,124.25
2,24.38,70.0,97.13
2,24.38,70.0,85.19
2,24.38,165.55,179.3
2,24.38,91.2,96.95
2,24.38,89.8,99.99
2,24.38,70.0,80.94
2,24.38,120.0,143.5
2,24.38,92.6,114.67
2,24.38,89.8,95.55
2,24.38,92.6,102.79
2,24.38,100.0,157.75
2,24.38,70.0,94.69
2,24.37,104.5,138.48
2,24.37,105.9,111.65
2,24.37,91.9,96.15
2,24.37,170.3,199.67
2,24.37,148.6,159.35
2,24.36,94.0,131.84
2,24.36,70.0,79.54
2,24.36,89.8,110.99
2,24.36,70.0,90.55
2,24.36,90.5,107.63
2,24.36,114.7,128.45
2,24.36,94.0,128.03
2,24.35,70.0,87.69
2,24.35,98.9,122.6
2,24.35,148.0,194.88
2,24.35,70.0,80.19
2,24.35,90.5,122.93
2,24.35,91.9,124.47
2,24.35,118.0,120.75
2,24.35,88.4,119.16
2,24.35,91.2,112.99
2,24.34,90.5,114.69
2,24.34,91.2,114.19
2,24.34,90.5,96.26
2,24.34,90.5,113.35
2,24.34,89.8,119.99
2,24.34,92.6,107.79
2,24.34,89.8,128.53
2,24.34,89.1,101.35
2,24.34,91.2,110.57
2,24.34,130.4,161.23
2,24.34,137.4,171.43
2,24.34,90.5,131.57
2,24.34,95.4,118.03
2,24.34,92.6,102.79
2,24.33,168.0,174.0
2,24.33,111.9,175.39
2,24.33,88.4,121.53
2,24.33,90.5,120.48
2,24.33,91.9,97.65
2,24.33,70.0,80.94
2,24.33,90.5,110.76
2,24.33,112.6,144.55
2,24.33,70.0,78.44
2,24.33,110.5,138.38
2,24.33,96.8,103.55
2,24.33,113.3,143.16
2,24.33,94.0,102.25
2,24.33,94.0,116.13
2,24.32,93.3,110.44
2,24.32,110.5,147.0
2,24.32,97.5,108.25
2,24.32,89.8,105.05
2,24.32,89.8,112.51
2,24.31,94.7,116.48
2,24.31,89.8,100.99
2,24.31,91.2,102.14
2,24.31,107.3,142.19
2,24.31,157.0,169.69
2,24.31,89.1,92.35
2,24.3,89.1,117.05
1,24.3,93.3,98.3
1,24.3,70.0,105.19
1,24.3,126.2,169.64
2,24.3,89.1,120.0
1,24.3,96.8,102.55
1,24.3,94.0,112.13
1,24.3,57.5,65.94
1,24.3,46.5,48.0
1,24.3,69.5,71.0
1,24.3,128.3,142.55
2,24.3,91.9,102.09
1,24.3,70.0,82.69
1,24.3,70.0,90.94
1,24.3,113.3,135.68
1,24.3,91.9,105.27
1,24.3,52.5,54.0
2,24.3,89.1,118.8
1,24.3,67.5,69.0
1,24.3,90.5,125.84
1,24.3,94.0,111.13
1,24.3,129.0,138.25
1,24.3,107.7,138.79
1,24.3,47.5,49.0
1,24.3,69.5,77.94
1,24.3,89.8,99.99
1,24.3,71.5,73.0
1,24.3,89.8,100.99
1,24.3,89.8,111.65
1,24.3,70.0,92.69
1,24.3,70.0,82.69
1,24.3,70.0,87.69
1,24.3,128.3,172.14
1,24.3,71.5,86.88
2,24.3,98.2,108.39
2,24.3,89.8,112.51
1,24.3,70.0,80.75
1,24.3,116.1,176.63
1,24.3,91.2,112.4
1,24.3,70.0,107.39
2,24.3,150.0,205.07
1,24.3,89.8,112.85
2,24.29,109.8,160.61
2,24.29,94.7,100.45
2,24.29,98.2,103.95
2,24.29,89.8,113.49
2,24.29,90.5,118.0
2,24.29,113.3,176.33
2,24.29,130.0,160.2
2,24.28,91.2,103.89
2,24.28,98.2,111.57
2,24.28,70.0,75.75
2,24.28,109.1,155.28
2,24.28,70.0,88.8
2,24.28,70.0,75.75
2,24.28,101.7,150.92
2,24.28,98.2,138.88
2,24.28,89.1,115.29
2,24.28,128.3,163.78
2,24.27,101.0,112.19
2,24.27,93.3,118.51
2,24.27,91.2,148.15
2,24.27,70.0,104.88
2,24.27,92.6,123.6
2,24.27,89.8,144.53
2,24.27,91.2,99.45
2,24.26,89.1,118.8
2,24.26,87.7,105.83
2,24.26,70.0,75.75
2,24.26,95.4,98.65
2,24.26,126.2,160.99
2,24.26,88.4,121.53
2,24.26,105.2,133.14
2,24.26,93.3,118.51
2,24.26,93.3,101.55
2,24.25,87.7,118.32
2,24.25,90.5,112.15
2,24.25,152.8,186.91
2,24.25,105.9,116.09
2,24.25,89.8,100.05
2,24.25,150.0,151.0
2,24.25,90.5,103.75
2,24.25,70.0,80.19
2,24.25,88.4,107.65
2,24.25,88.4,101.91
2,24.25,90.5,107.63
2,24.25,89.1,111.67
2,24.25,90.5,98.75
2,24.24,90.5,112.15
2,24.24,140.9,142.4
2,24.24,166.8,189.81
2,24.24,89.1,122.15
2,24.24,111.9,129.03
2,24.24,96.1,120.79
2,24.24,90.5,121.15
2,24.24,90.5,107.63
2,24.24,89.1,111.67
2,24.24,96.8,121.43
2,24.24,88.4,120.91
2,24.24,94.7,104.89
2,24.23,93.3,103.49
2,24.23,70.0,80.94
2,24.23,70.0,90.55
2,24.23,87.7,91.95
2,24.23,145.8,178.51
2,24.23,135.0,151.0
2,24.23,70.0,96.55
2,24.23,109.1,148.17
2,24.23,135.3,143.55
2,24.23,95.4,145.59
2,24.23,89.1,108.35
2,24.23,98.2,146.35
2,24.22,151.4,154.65
2,24.22,70.0,75.75
2,24.22,144.4,160.15
2,24.22,152.0,208.98
2,24.22,94.7,104.89
2,24.22,91.2,132.65
2,24.22,89.1,112.02
2,24.22,94.7,97.95
2,24.22,89.1,93.35
2,24.21,89.8,100.99
2,24.21,91.9,106.15
2,24.21,111.2,155.95
2,24.21,91.9,102.09
2,24.21,89.1,127.13
2,24.21,123.4,134.15
2,24.21,99.6,135.65
1,24.2,48.5,50.0
2,24.2,108.0,133.5
1,24.2,92.6,100.85
1,24.2,70.0,85.75
2,24.2,88.4,92.75
1,24.2,84.5,86.0
1,24.2,89.8,123.77
1,24.2,90.5,115.13
2,24.2,88.4,98.59
2,24.2,90.5,110.69
1,24.2,32.5,34.0
1,24.2,100.3,124.25
1,24.2,91.2,96.2
1,24.2,68.5,70.0
1,24.2,93.3,96.55
1,24.2,120.6,150.0
1,24.2,125.5,133.75
1,24.2,70.0,87.69
1,24.2,88.4,115.8
1,24.2,59.5,61.0
2,24.2,109.8,133.56
2,24.2,102.4,125.09
1,24.2,133.2,152.45
2,24.2,70.0,101.18
1,24.2,89.1,121.35
1,24.2,0.0,102.0
1,24.2,89.1,110.8
1,24.2,70.0,99.19
1,24.2,58.5,60.0
1,24.2,150.0,173.07
1,24.2,56.5,58.0
2,24.2,89.1,97.35
1,24.2,88.4,107.65
1,24.2,47.5,49.0
2,24.2,96.1,131.11
1,24.2,93.3,104.49
1,24.2,90.5,113.4
2,24.2,70.0,98.88
1,24.2,99.6,111.54
1,24.2,45.5,47.0
1,24.2,150.0,179.25
2,24.2,102.4,134.76
1,24.2,97.5,108.69
1,24.2,112.6,138.48
1,24.2,116.1,150.48
2,24.2,91.9,104.67
1,24.2,35.5,43.94
2,24.19,98.2,102.45
2,24.19,91.2,96.95
2,24.19,91.9,112.09
2,24.19,101.7,133.2
2,24.19,109.1,135.42
2,24.19,88.4,102.77
2,24.19,153.5,211.75
2,24.19,107.3,111.55
2,24.19,90.5,115.15
2,24.19,88.4,112.63
2,24.18,150.0,185.1
2,24.18,129.7,160.39
2,24.18,89.8,111.55
2,24.18,111.2,140.58
2,24.18,70.0,92.69
2,24.18,88.4,101.09
2,24.18,70.0,97.69
2,24.18,89.8,97.05
2,24.18,91.2,103.89
2,24.17,92.6,125.38
2,24.17,70.0,105.23
2,24.17,136.0,191.02
2,24.17,70.0,80.94
2,24.17,96.1,120.07
2,24.17,91.2,122.52
2,24.17,108.4,160.54
2,24.17,89.8,102.05
2,24.17,161.2,197.34
2,24.17,94.7,122.77
2,24.16,87.7,97.89
2,24.16,89.1,100.29
2,24.16,90.5,113.35
2,24.16,88.4,148.49
2,24.16,89.1,93.35
2,24.16,137.4,140.65
2,24.16,91.2,101.39
2,24.16,133.9,139.65
2,24.15,89.8,100.99
2,24.15,70.0,88.8
2,24.15,92.6,102.04
2,24.15,90.5,100.69
2,24.15,98.9,122.27
2,24.15,90.5,94.75
2,24.15,98.2,123.84
2,24.15,70.0,105.23
2,24.14,90.5,116.69
2,24.14,145.1,148.35
2,24.14,96.1,119.35
2,24.14,70.0,82.8
2,24.13,90.5,116.35
2,24.13,93.3,105.99
2,24.13,93.3,103.49
2,24.13,154.2,189.79
2,24.12,98.9,109.65
2,24.12,88.4,118.31
2,24.12,92.6,117.85
2,24.12,90.5,103.19
2,24.12,109.1,161.38
2,24.12,122.7,156.79
2,24.12,89.8,108.05
2,24.12,70.0,82.69
2,24.12,93.3,97.3
2,24.11,102.4,113.34
2,24.11,87.7,91.95
2,24.11,90.5,110.69
2,24.11,70.0,90.96
2,24.11,92.6,124.2
2,24.11,93.3,116.71
2,24.11,108.0,144.48
1,24.1,89.1,112.0
2,24.1,88.4,107.65
1,24.1,147.9,151.9
1,24.1,115.0,147.9
2,24.1,96.1,138.53
2,24.1,91.9,103.84
2,24.1,88.4,109.63
1,24.1,87.7,91.95
1,24.1,69.5,80.54
1,24.1,89.1,103.35
1,24.1,57.5,59.0
2,24.1,89.8,93.05
1,24.1,88.4,94.15
2,24.1,115.0,147.44
1,24.1,70.0,80.94
1,24.1,92.6,102.04
2,24.1,109.8,166.29
1,24.1,89.1,119.14
1,24.1,147.9,180.45
1,24.1,56.5,58.0
1,24.1,145.1,169.35
2,24.1,90.5,101.69
1,24.1,97.5,108.69
1,24.1,66.5,74.94
1,24.1,60.5,62.0
2,24.1,91.2,107.07
1,24.1,70.0,103.34
1,24.1,91.2,114.5
1,24.1,70.0,91.69
1,24.1,70.5,78.94
1,24.1,123.4,143.59
1,24.1,105.2,130.39
1,24.1,89.1,119.64
1,24.1,90.5,100.69
2,24.1,70.0,82.69
2,24.1,89.1,99.29
1,24.1,92.6,115.29
1,24.1,58.5,60.0
1,24.1,88.4,109.05
1,24.1,61.5,69.94
1,24.1,91.2,102.14
2,24.09,107.3,130.37
2,24.09,87.7,101.15
2,24.09,150.0,186.55
2,24.09,94.7,104.89
2,24.09,109.8,150.3
2,24.09,87.7,108.62
2,24.09,70.0,82.69
2,24.09,88.5,93.75
2,24.09,90.5,98.75
2,24.09,90.5,115.15
2,24.09,88.4,94.15
2,24.09,70.0,97.13
2,24.09,89.8,96.05
2,24.09,89.8,113.05
2,24.09,112.9,156.05
2,24.08,89.1,97.35
2,24.08,94.0,99.75
2,24.08,138.8,169.55
2,24.08,91.2,103.14
2,24.08,92.6,102.79
2,24.08,89.8,111.31
2,24.08,70.0,90.69
2,24.08,91.2,109.33
2,24.08,87.7,110.34
2,24.08,110.5,118.44
2,24.07,87.7,118.23
2,24.07,70.0,98.88
2,24.07,126.9,173.16
2,24.07,87.7,112.99
2,24.07,90.5,113.35
2,24.07,165.0,215.63
2,24.07,91.9,118.53
2,24.07,87.7,102.07
2,24.07,87.7,90.95
2,24.07,178.7,295.62
2,24.07,70.0,98.88
2,24.07,70.0,98.88
2,24.06,116.4,136.78
2,24.06,110.5,161.1
2,24.06,95.4,132.92
2,24.06,90.5,98.75
2,24.06,95.4,131.34
2,24.06,91.2,95.45
2,24.06,88.4,103.77
2,24.06,109.8,160.86
2,24.06,70.0,100.2
2,24.06,107.3,132.31
2,24.06,88.4,99.59
2,24.05,109.4,122.09
2,24.05,108.7,151.3
2,24.05,94.0,104.19
2,24.05,88.4,96.65
2,24.05,90.5,99.75
2,24.05,88.4,99.59
2,24.04,70.0,90.96
2,24.04,89.8,107.93
2,24.04,87.7,122.48
2,24.04,87.0,109.15
2,24.04,87.7,98.89
2,24.04,89.8,112.51
2,24.04,88.4,107.88
2,24.04,70.0,103.72
2,24.04,89.1,94.85
2,24.04,97.5,137.57
2,24.04,70.0,87.69
2,24.03,91.9,95.15
2,24.03,87.0,103.25
2,24.03,125.0,139.38
2,24.03,88.4,116.09
2,24.03,88.4,98.59
2,24.03,70.0,96.23
2,24.02,91.9,95.15
2,24.02,88.4,122.06
2,24.02,87.0,105.13
2,24.02,90.5,95.5
2,24.02,88.4,101.09
2,24.02,70.0,97.13
2,24.02,147.9,195.94
2,24.02,89.8,100.99
2,24.02,170.3,194.68
2,24.02,88.4,99.59
2,24.02,100.0,130.0
2,24.02,89.8,120.84
2,24.02,70.0,80.94
2,24.01,88.4,99.59
2,24.01,125.0,175.07
2,24.01,132.5,145.75
2,24.01,88.4,117.41
2,24.01,89.1,92.35
2,24.01,70.0,98.88
1,24.0,42.5,44.0
1,24.0,45.5,47.0
2,24.0,150.0,170.75
1,24.0,87.7,106.95
1,24.0,87.7,97.14
1,24.0,70.0,85.2
2,24.0,70.0,74.0
2,24.0,98.2,108.39
1,24.0,69.5,71.0
1,24.0,91.2,96.95
1,24.0,88.4,111.15
2,24.0,130.0,143.25
2,24.0,107.3,151.44
2,24.0,131.1,168.42
1,24.0,67.5,69.0
1,24.0,103.1,142.84
1,24.0,101.0,125.1
2,24.0,88.4,94.15
1,24.0,63.5,65.0
2,24.0,70.0,99.23
1,24.0,120.0,157.25
2,24.0,91.9,122.16
1,24.0,70.0,90.94
2,24.0,87.7,115.95
2,24.0,89.8,110.55
1,24.0,70.5,78.94
2,24.0,91.2,102.39
1,24.0,150.0,187.2
1,24.0,91.2,113.35
1,24.0,87.0,109.5
2,24.0,128.7,184.09
2,24.0,90.5,109.75
1,24.0,70.5,72.0
1,24.0,70.0,82.69
2,24.0,90.5,101.69
1,24.0,94.0,113.38
1,24.0,94.7,110.84
1,24.0,67.5,75.94
2,23.99,88.4,117.96
2,23.99,87.7,111.79
2,23.99,70.0,94.13
2,23.99,111.9,134.55
2,23.99,156.3,214.6
2,23.99,107.0,158.44
2,23.99,87.7,121.32
2,23.99,70.0,98.88
2,23.99,95.4,111.78
2,23.99,93.3,101.55
2,23.99,70.0,82.69
2,23.99,110.8,122.74
2,23.99,91.2,131.34
2,23.98,70.0,97.13
2,23.98,87.0,98.19
2,23.98,87.7,98.89
2,23.98,105.9,147.8
2,23.98,89.1,109.29
2,23.98,70.0,97.13
2,23.98,87.0,117.83
2,23.98,92.6,102.79
2,23.98,90.5,130.37
2,23.97,105.0,129.44
2,23.97,91.9,121.53
2,23.97,87.7,98.89
2,23.97,90.5,116.25
2,23.97,109.1,146.35
2,23.97,104.5,111.25
2,23.97,90.5,120.83
2,23.97,88.4,92.65
2,23.97,89.1,120.0
2,23.97,99.6,114.25
2,23.97,93.3,132.05
2,23.97,88.4,118.63
2,23.96,97.5,110.19
2,23.96,88.4,110.83
2,23.96,90.5,118.4
2,23.96,88.4,113.83
2,23.96,70.0,87.69
2,23.96,87.0,109.5
2,23.96,115.0,144.0
2,23.95,87.7,120.93
2,23.95,93.3,96.55
2,23.95,108.4,133.15
2,23.95,91.2,94.45
2,23.95,87.7,98.89
2,23.95,90.5,94.75
2,23.95,70.0,82.69
2,23.95,88.4,112.65
2,23.95,87.7,106.95
2,23.94,87.0,109.15
2,23.94,90.5,101.69
2,23.94,88.4,110.83
2,23.94,87.7,108.89
2,23.94,70.0,100.69
2,23.94,92.6,110.29
2,23.94,100.0,128.02
2,23.94,91.2,102.39
2,23.94,87.7,105.83
2,23.94,88.4,118.98
2,23.93,140.0,147.75
2,23.93,92.6,139.35
2,23.93,89.8,119.64
2,23.93,87.0,109.5
2,23.93,87.7,101.95
2,23.93,87.0,120.48
2,23.93,89.1,123.68
2,23.93,119.6,160.78
2,23.92,70.0,101.17
2,23.92,107.3,143.64
2,23.92,90.5,103.75
2,23.92,89.1,118.8
2,23.92,121.3,137.05
2,23.92,87.0,98.19
2,23.92,87.0,109.19
2,23.92,91.9,102.65
2,23.92,70.0,82.7
2,23.92,86.3,108.31
2,23.91,129.7,160.39
2,23.91,70.0,87.69
2,23.91,91.9,128.16
2,23.91,87.7,98.64
2,23.91,87.0,112.37
2,23.91,148.0,200.44
2,23.91,92.6,108.54
2,23.91,89.1,100.29
2,23.91,108.4,155.44
2,23.91,88.4,89.9
2,23.91,96.1,131.01
1,23.9,70.0,102.19
2,23.9,89.8,112.51
1,23.9,145.1,178.0
1,23.9,65.5,67.0
1,23.9,67.5,69.0
1,23.9,63.5,75.12
1,23.9,89.8,99.99
1,23.9,120.0,127.94
1,23.9,126.2,175.28
1,23.9,68.5,70.0
1,23.9,100.0,120.94
1,23.9,70.0,82.69
1,23.9,110.5,132.0
1,23.9,70.0,82.69
2,23.9,70.0,150.19
1,23.9,69.5,77.94
1,23.9,91.9,93.4
1,23.9,91.2,122.35
1,23.9,152.8,157.05
1,23.9,72.5,93.08
2,23.9,165.0,166.0
1,23.9,126.2,161.35
1,23.9,47.5,55.94
2,23.9,87.7,117.07
1,23.9,94.0,127.99
1,23.9,47.5,55.94
1,23.9,78.5,89.54
1,23.9,69.5,77.94
1,23.9,39.5,41.0
2,23.9,91.2,110.45
2,23.9,70.0,75.75
2,23.9,163.0,206.88
2,23.9,91.2,112.39
1,23.9,88.4,110.0
1,23.9,30.5,32.0
2,23.9,124.8,156.31
2,23.9,70.0,97.13
2,23.89,140.0,195.33
2,23.89,91.9,114.18
2,23.89,93.3,105.99
2,23.89,109.8,151.42
2,23.89,101.7,129.95
2,23.88,105.2,117.39
2,23.88,70.0,82.69
2,23.88,87.7,109.99
2,23.88,102.4,136.31
2,23.88,164.7,211.58
2,23.88,20.0,23.6
2,23.88,87.7,105.83
2,23.88,89.1,103.35
2,23.87,89.8,120.84
2,23.87,111.2,126.95
2,23.87,89.8,112.51
2,23.87,87.7,91.95
2,23.87,70.0,98.88
2,23.87,86.3,104.43
2,23.87,87.0,105.13
2,23.86,88.4,119.16
2,23.86,87.7,98.89
2,23.86,87.0,91.25
2,23.86,91.9,104.59
2,23.86,97.5,114.0
2,23.86,90.5,100.69
2,23.86,97.5,131.88
2,23.86,95.4,126.71
2,23.86,89.1,118.21
2,23.86,95.4,99.65
2,23.86,82.1,93.04
2,23.85,87.7,96.95
2,23.85,91.9,113.84
2,23.85,98.9,145.84
2,23.85,89.8,117.12
2,23.85,89.8,106.93
2,23.85,103.8,110.55
2,23.85,89.1,99.29
2,23.85,88.4,112.63
2,23.85,86.3,113.11
2,23.85,120.0,173.73
2,23.85,95.0,126.53
2,23.84,148.6,166.85
2,23.84,89.1,111.67
2,23.84,86.3,100.67
2,23.84,70.0,100.8
2,23.84,108.4,173.91
2,23.84,96.1,101.85
2,23.84,86.3,108.05
2,23.83,91.2,101.39
2,23.83,132.5,163.8
2,23.83,87.7,91.95
2,23.83,157.0,179.75
2,23.83,87.0,121.29
2,23.83,101.7,136.77
2,23.83,87.0,101.05
2,23.83,92.6,100.78
2,23.83,102.4,127.68
2,23.83,91.9,111.27
2,23.83,155.55,171.93
2,23.83,90.5,116.94
2,23.82,91.9,137.65
2,23.82,89.1,110.29
2,23.82,70.0,98.88
2,23.82,87.7,97.89
2,23.82,152.1,161.35
2,23.82,109.8,168.36
2,23.82,95.4,118.03
2,23.82,70.0,75.75
2,23.82,87.0,91.25
2,23.82,87.7,91.95
2,23.81,94.7,121.44
2,23.81,144.4,152.65
2,23.81,112.9,145.47
2,23.81,70.0,90.55
2,23.81,87.0,107.95
2,23.81,70.0,111.0
2,23.81,89.1,116.29
2,23.81,100.0,103.5
2,23.8,90.5,122.93
1,23.8,61.5,63.0
1,23.8,63.5,71.94
1,23.8,69.5,71.0
1,23.8,44.5,46.0
1,23.8,70.0,89.39
2,23.8,87.0,91.25
2,23.8,87.0,91.3
2,23.8,152.8,182.05
1,23.8,70.0,103.09
2,23.8,87.7,100.39
1,23.8,87.0,90.25
1,23.8,89.1,99.29
1,23.8,57.5,59.0
1,23.8,87.0,105.13
1,23.8,70.0,103.34
1,23.8,70.0,82.69
1,23.8,91.2,103.89
1,23.8,70.0,74.0
1,23.8,89.1,93.35
1,23.8,40.5,42.0
1,23.8,105.9,142.29
1,23.8,87.7,114.95
2,23.8,87.0,109.69
1,23.8,91.9,102.84
1,23.8,169.5,188.88
1,23.8,137.4,151.65
2,23.8,87.0,116.28
1,23.8,54.5,62.94
1,23.8,68.5,77.65
1,23.8,61.5,69.94
1,23.8,88.4,99.59
1,23.8,87.0,108.3
1,23.8,89.1,126.29
1,23.8,90.5,101.25
1,23.8,65.5,67.0
1,23.8,87.7,110.35
2,23.8,93.3,107.67
1,23.8,140.9,144.9
2,23.79,87.0,110.94
2,23.79,70.0,94.69
2,23.79,70.0,104.88
2,23.79,91.2,125.51
2,23.79,96.8,108.74
2,23.79,87.7,117.12
2,23.79,103.1,114.29
2,23.79,70.0,98.88
2,23.79,110.5,142.26
2,23.79,88.4,108.03
2,23.79,88.4,91.65
2,23.79,70.0,87.69
2,23.79,70.0,75.75
2,23.78,87.7,127.15
2,23.78,132.5,151.75
2,23.78,70.0,106.13
2,23.78,91.2,113.8
2,23.78,134.6,168.42
2,23.78,91.9,111.15
2,23.78,88.4,119.16
2,23.78,90.5,100.69
2,23.78,109.8,140.71
2,23.78,89.8,111.93
2,23.78,70.0,98.88
2,23.78,113.6,140.54
2,23.77,88.4,109.63
2,23.77,94.7,104.89
2,23.77,70.0,92.69
2,23.77,87.7,96.95
2,23.77,87.7,97.89
2,23.77,109.1,133.1
2,23.77,70.0,96.9
2,23.77,109.8,141.73
2,23.77,96.1,99.35
2,23.77,96.8,118.93
2,23.76,92.6,112.04
2,23.76,70.0,85.19
2,23.76,88.4,94.15
2,23.76,103.1,146.67
2,23.76,87.0,99.69
2,23.76,127.6,135.78
2,23.76,105.2,138.12
2,23.76,70.0,105.23
2,23.76,144.0,202.53
2,23.75,89.1,130.48
2,23.75,125.0,176.58
2,23.75,70.0,98.88
2,23.75,92.6,128.05
2,23.75,87.7,100.0
2,23.75,87.7,110.34
2,23.75,70.0,99.98
2,23.75,89.1,99.29
2,23.75,88.4,109.59
2,23.75,86.3,90.3
2,23.75,86.3,90.55
2,23.74,86.3,126.21
2,23.74,88.4,114.59
2,23.74,100.3,118.22
2,23.74,135.0,144.69
2,23.74,122.0,140.0
2,23.74,101.7,142.1
2,23.74,87.0,98.19
2,23.74,87.0,109.15
2,23.74,70.0,82.69
2,23.74,70.0,82.69
2,23.74,86.3,106.55
2,23.74,70.0,99.23
2,23.74,70.0,85.75
2,23.73,70.0,90.9
2,23.73,87.0,117.87
2,23.73,103.8,113.99
2,23.73,89.8,102.49
2,23.73,90.5,113.35
2,23.73,89.8,123.84
2,23.73,93.3,101.55
2,23.72,87.7,90.95
2,23.72,90.5,108.19
2,23.72,96.8,119.71
2,23.72,103.8,131.46
2,23.72,88.4,98.59
2,23.72,70.0,86.86
2,23.72,70.0,104.88
2,23.72,150.0,171.32
2,23.72,70.0,90.69
2,23.72,163.3,169.05
2,23.71,70.0,97.69
2,23.71,101.7,111.89
2,23.71,87.7,100.39
2,23.71,87.7,103.95
2,23.71,145.1,148.35
2,23.71,87.7,109.89
2,23.71,110.5,141.88
1,23.7,105.2,117.89
1,23.7,88.4,121.53
1,23.7,96.8,111.99
1,23.7,59.5,61.0
1,23.7,88.4,98.59
2,23.7,121.7,139.95
1,23.7,90.5,100.69
2,23.7,108.4,156.78
2,23.7,88.4,113.59
1,23.7,70.0,87.69
1,23.7,76.0,110.1
1,23.7,71.5,73.0
2,23.7,87.0,116.63
1,23.7,109.1,148.13
1,23.7,87.0,116.59
1,23.7,87.0,109.2
1,23.7,70.0,87.69
1,23.7,70.5,72.0
1,23.7,52.5,54.0
1,23.7,61.5,63.0
1,23.7,108.4,176.85
2,23.7,70.0,98.88
2,23.7,107.3,125.43
1,23.7,87.7,96.95
1,23.7,94.0,105.19
1,23.7,130.0,132.75
1,23.7,59.5,61.0
1,23.7,87.7,90.95
1,23.7,89.8,119.99
1,23.7,69.5,71.0
1,23.7,42.5,44.0
1,23.7,120.0,121.0
1,23.7,94.0,97.25
1,23.7,63.5,71.94
1,23.7,62.5,64.0
2,23.7,100.3,138.82
1,23.7,70.0,110.94
2,23.7,123.1,129.1
1,23.7,90.5,98.75
1,23.7,66.5,68.0
1,23.7,124.8,139.05
2,23.7,89.1,110.47
1,23.7,70.0,105.19
2,23.69,79.3,88.55
2,23.69,111.5,122.69
2,23.69,88.4,99.59
2,23.69,91.9,96.15
2,23.69,87.7,111.24
2,23.69,88.4,117.96
2,23.69,87.7,117.47
2,23.69,90.5,114.6
2,23.69,124.8,153.31
2,23.68,98.9,130.09
2,23.68,90.5,103.19
2,23.68,70.0,98.88
2,23.68,87.7,108.89
2,23.68,92.6,126.0
2,23.68,87.7,118.32
2,23.68,88.4,98.59
2,23.68,122.7,150.95
2,23.68,103.1,138.95
2,23.68,70.0,82.69
2,23.68,70.0,98.88
2,23.67,86.3,107.49
2,23.67,34.5,54.53
2,23.67,89.1,109.79
2,23.67,107.7,144.95
2,23.67,101.0,106.0
2,23.67,86.3,95.55
2,23.66,106.6,148.68
2,23.66,70.0,103.69
2,23.66,107.0,156.93
2,23.66,88.4,99.15
2,23.66,70.0,97.69
2,23.66,89.8,119.99
2,23.66,108.4,170.19
2,23.66,87.0,122.58
2,23.65,89.1,101.04
2,23.65,87.0,109.5
2,23.65,87.0,114.06
2,23.65,107.0,156.3
2,23.65,86.3,108.66
2,23.65,70.0,104.88
2,23.65,97.5,107.69
2,23.65,70.0,102.23
2,23.65,86.3,116.64
2,23.65,96.1,108.79
2,23.65,94.7,125.52
2,23.65,88.4,96.65
2,23.65,89.1,111.67
2,23.65,98.9,102.15
2,23.65,150.0,171.19
2,23.65,88.4,99.59
2,23.64,70.0,85.94
2,23.64,87.0,109.5
2,23.64,86.3,97.49
2,23.64,70.0,82.69
2,23.64,138.8,143.05
2,23.64,105.2,147.65
2,23.64,99.6,132.6
2,23.64,70.0,128.88
2,23.63,133.9,142.15
2,23.63,70.0,99.23
2,23.63,86.3,115.87
2,23.63,87.0,121.05
2,23.63,151.4,154.65
2,23.63,86.3,107.46
2,23.63,127.6,162.67
2,23.63,70.0,98.88
2,23.63,86.3,108.31
2,23.63,118.5,126.75
2,23.63,86.3,104.13
2,23.63,105.9,140.16
2,23.63,70.0,82.69
2,23.62,94.7,112.64
2,23.62,93.3,121.62
2,23.62,86.3,117.19
2,23.62,85.6,109.27
2,23.62,110.5,144.75
2,23.62,87.0,109.2
2,23.61,86.3,124.97
2,23.61,91.2,95.2
2,23.61,88.4,99.59
2,23.61,89.8,99.99
2,23.61,86.3,93.05
2,23.61,70.0,98.88
2,23.61,110.0,119.69
2,23.61,89.1,113.47
2,23.6,109.4,112.65
2,23.6,105.9,141.96
1,23.6,149.3,180.95
1,23.6,87.7,91.95
1,23.6,130.4,150.65
1,23.6,87.7,104.59
2,23.6,70.0,85.94
1,23.6,87.0,117.79
1,23.6,97.0,145.74
2,23.6,125.0,170.65
1,23.6,71.5,79.94
2,23.6,70.0,82.69
1,23.6,130.4,138.65
1,23.6,66.5,74.94
2,23.6,89.8,119.43
1,23.6,95.4,129.55
1,23.6,86.3,116.64
1,23.6,200.0,241.2
2,23.6,88.4,109.63
2,23.6,70.0,107.5
2,23.6,89.8,94.05
1,23.6,50.5,52.0
1,23.6,70.0,102.69
1,23.6,70.0,112.69
2,23.6,70.0,109.17
1,23.6,86.3,89.55
1,23.6,72.5,74.0
1,23.6,58.5,66.94
2,23.6,124.8,129.05
1,23.6,86.3,106.84
1,23.6,43.5,45.0
1,23.6,89.8,119.4
1,23.6,70.0,95.09
1,23.6,44.5,46.0
1,23.6,70.0,79.0
2,23.6,107.0,162.19
1,23.6,59.5,66.2
1,23.6,90.5,108.75
1,23.6,87.0,101.37
2,23.59,70.0,80.94
2,23.59,89.1,94.35
2,23.59,98.2,103.95
2,23.59,87.7,98.89
2,23.59,89.1,100.29
2,23.59,70.0,97.69
2,23.59,94.0,111.19
2,23.59,70.0,98.88
2,23.59,87.0,117.48
2,23.58,92.6,103.79
2,23.58,87.0,109.15
2,23.58,89.1,111.79
2,23.58,110.0,156.57
2,23.58,87.0,102.25
2,23.58,84.9,104.15
2,23.58,91.9,109.59
2,23.58,85.6,102.73
2,23.57,87.0,91.25
2,23.57,88.4,117.96
2,23.57,115.0,140.95
2,23.57,70.0,87.69
2,23.57,103.1,134.04
2,23.57,70.0,80.19
2,23.57,94.0,105.19
2,23.57,144.4,153.84
2,23.57,93.3,130.17
2,23.57,70.0,99.13
2,23.57,107.7,165.55
2,23.56,70.0,80.94
2,23.56,93.3,106.67
2,23.56,108.7,136.99
2,23.56,88.4,109.59
2,23.56,91.2,101.39
2,23.56,70.0,98.88
2,23.56,87.0,116.28
2,23.56,93.3,103.49
2,23.56,104.9,135.5
2,23.56,87.7,104.83
2,23.56,87.7,92.7
2,23.55,96.8,105.05
2,23.55,85.6,116.15
2,23.55,70.0,75.75
2,23.55,70.0,88.8
2,23.55,122.0,155.95
2,23.55,115.4,159.89
2,23.55,70.0,89.69
2,23.55,115.0,118.25
2,23.55,87.7,129.24
2,23.55,70.0,99.23
2,23.55,91.9,125.16
2,23.55,140.0,170.95
2,23.54,134.6,165.29
2,23.54,96.8,109.49
2,23.54,87.0,117.48
2,23.54,70.0,214.98
2,23.54,86.3,99.67
2,23.54,150.0,191.28
2,23.54,87.0,98.19
2,23.54,86.3,90.55
2,23.54,133.2,169.39
2,23.54,94.7,97.95
2,23.53,133.9,142.15
2,23.53,70.0,82.69
2,23.53,116.1,166.73
2,23.53,85.6,103.73
2,23.53,70.0,101.17
2,23.53,91.2,111.95
2,23.53,86.3,120.45
2,23.52,96.1,107.04
2,23.52,94.7,110.45
2,23.52,87.7,97.89
2,23.52,111.5,116.5
2,23.52,122.7,142.38
2,23.52,87.7,112.89
2,23.52,107.0,152.26
2,23.52,70.0,99.23
2,23.52,99.6,130.35
2,23.51,89.1,100.04
2,23.51,86.3,98.99
2,23.51,70.0,87.69
2,23.51,86.3,104.55
2,23.51,88.4,99.98
2,23.51,87.7,109.14
2,23.51,70.0,90.55
2,23.51,91.9,97.65
2,23.51,96.1,124.87
2,23.51,124.8,129.8
1,23.5,91.2,96.95
2,23.5,90.5,112.9
2,23.5,87.7,99.89
1,23.5,70.0,97.69
2,23.5,83.0,92.69
1,23.5,48.5,50.0
2,23.5,70.0,87.69
1,23.5,86.3,97.49
1,23.5,52.5,54.0
1,23.5,90.5,94.75
2,23.5,86.3,92.05
2,23.5,87.0,98.19
1,23.5,107.0,124.69
1,23.5,96.8,114.93
1,23.5,57.5,59.0
1,23.5,70.0,102.19
1,23.5,120.6,160.84
2,23.5,91.9,102.09
1,23.5,128.7,151.45
1,23.5,70.0,97.63
1,23.5,91.9,114.2
2,23.5,70.0,90.85
1,23.5,70.0,101.14
2,23.5,89.8,99.05
2,23.5,109.1,163.78
2,23.5,85.6,116.79
1,23.5,130.0,167.64
1,23.5,56.5,58.0
1,23.5,120.6,162.94
2,23.5,84.0,109.38
1,23.5,85.6,114.94
1,23.5,87.0,101.0
2,23.5,86.3,116.99
1,23.5,87.0,94.25
2,23.5,86.3,108.31
1,23.5,70.0,90.13
1,23.5,89.1,113.3
2,23.5,90.5,94.75
1,23.5,77.5,79.0
1,23.5,51.5,53.0
2,23.5,87.7,120.93
2,23.49,70.0,97.69
2,23.49,87.7,117.47
2,23.49,70.0,105.23
2,23.49,87.0,117.53
2,23.49,108.4,162.72
2,23.49,70.0,105.23
2,23.49,87.0,117.48
2,23.49,133.9,151.97
2,23.49,70.0,82.69
2,23.49,70.0,98.88
2,23.49,107.7,171.53
2,23.48,91.9,107.09
2,23.48,89.1,100.29
2,23.48,70.0,95.29
2,23.48,90.5,100.69
2,23.48,101.0,139.08
2,23.48,70.0,99.23
2,23.48,70.0,98.88
2,23.48,99.0,138.38
2,23.48,110.1,121.35
2,23.48,85.6,114.6
2,23.48,158.4,161.65
2,23.48,160.0,200.89
2,23.48,87.7,117.12
2,23.48,96.8,118.74
2,23.48,175.0,177.75
2,23.47,109.4,151.93
2,23.47,143.7,146.95
2,23.47,70.0,90.9
2,23.47,86.3,107.49
2,23.47,132.0,160.07
2,23.47,84.9,106.09
2,23.47,87.7,108.62
2,23.47,70.0,97.13
2,23.46,107.7,156.76
2,23.46,114.0,144.75
2,23.46,86.3,108.31
2,23.46,91.2,119.0
2,23.46,70.0,98.88
2,23.46,86.3,97.49
2,23.46,97.5,100.75
2,23.46,86.3,97.49
2,23.45,88.4,125.93
2,23.45,113.6,143.22
2,23.45,85.6,98.29
2,23.45,87.0,120.09
2,23.45,87.0,137.75
2,23.45,87.0,98.19
2,23.45,98.9,117.03
2,23.45,85.6,89.85
2,23.44,93.3,126.74
2,23.44,87.7,97.89
2,23.44,86.3,108.31
2,23.44,70.0,82.69
2,23.44,173.1,176.6
2,23.44,143.7,162.95
2,23.44,70.0,96.23
2,23.44,70.0,87.94
2,23.44,89.8,94.05
2,23.43,87.7,93.45
2,23.43,70.0,98.88
2,23.43,84.9,101.09
2,23.43,70.0,90.55
2,23.43,91.2,124.32
2,23.43,70.0,98.88
2,23.43,86.3,111.49
2,23.43,70.0,82.69
2,23.43,85.6,110.16
2,23.43,70.0,87.11
2,23.43,145.8,155.99
2,23.43,108.4,132.22
2,23.43,85.6,88.1
2,23.43,100.3,111.24
2,23.43,107.0,133.38
2,23.42,70.0,94.69
2,23.42,99.6,115.35
2,23.42,88.4,99.59
2,23.42,91.2,118.99
2,23.42,85.6,96.79
2,23.42,70.0,92.69
2,23.42,70.0,98.88
2,23.42,128.3,167.09
2,23.42,87.0,97.19
2,23.42,70.0,74.0
2,23.41,70.0,83.69
2,23.41,87.0,116.28
2,23.41,70.0,98.88
2,23.41,86.3,102.98
2,23.41,95.4,126.27
2,23.41,85.6,89.85
2,23.41,87.7,126.03
2,23.41,87.7,106.95
2,23.41,93.3,101.55
2,23.41,70.0,85.19
1,23.4,87.0,97.75
1,23.4,70.0,81.05
2,23.4,89.1,122.78
1,23.4,70.0,90.9
1,23.4,86.3,102.85
1,23.4,52.5,54.0
2,23.4,88.4,108.03
1,23.4,122.7,155.95
2,23.4,70.0,90.9
1,23.4,85.6,112.3
1,23.4,108.4,157.65
1,23.4,84.9,120.09
2,23.4,89.1,98.35
1,23.4,88.4,89.9
2,23.4,70.0,98.88
2,23.4,70.0,98.88
1,23.4,67.5,75.94
1,23.4,87.7,112.89
1,23.4,98.9,117.15
2,23.4,107.0,160.38
2,23.4,86.3,112.87
2,23.4,100.0,107.75
2,23.4,92.6,114.67
2,23.4,86.3,124.15
1,23.4,58.5,66.94
2,23.4,70.0,97.13
1,23.4,101.7,110.95
2,23.4,70.0,90.55
2,23.4,86.3,105.24
1,23.4,64.5,71.2
1,23.4,70.0,97.09
1,23.4,68.5,76.94
1,23.4,70.0,78.25
2,23.4,87.7,110.34
2,23.4,70.0,109.17
1,23.4,98.9,104.65
1,23.4,86.3,103.24
1,23.4,85.6,95.79
2,23.4,85.6,95.79
2,23.4,122.0,161.43
1,23.4,64.5,72.94
1,23.4,89.8,119.15
1,23.4,146.5,182.7
1,23.4,94.7,104.38
1,23.4,89.1,100.04
2,23.4,109.1,157.1
1,23.4,70.0,99.19
1,23.4,71.5,73.0
1,23.4,70.0,97.69
2,23.39,70.0,90.55
2,23.39,70.0,87.69
2,23.39,89.1,97.35
2,23.39,89.8,94.05
2,23.39,101.0,132.69
2,23.39,90.5,110.69
2,23.39,150.0,182.95
2,23.39,114.3,140.55
2,23.39,70.0,82.69
2,23.38,145.8,178.51
2,23.38,70.0,90.55
2,23.38,70.0,87.69
2,23.38,91.9,107.09
2,23.38,160.0,161.0
2,23.38,160.5,161.5
2,23.38,87.7,96.75
2,23.38,107.7,161.76
2,23.38,85.6,118.8
2,23.38,70.0,92.69
2,23.38,70.0,103.36
2,23.38,93.3,96.55
2,23.38,119.9,162.96
2,23.38,88.4,99.59
2,23.38,70.0,99.23
2,23.38,108.4,158.8
2,23.38,87.7,96.5
2,23.37,85.6,96.79
2,23.37,99.6,131.75
2,23.37,70.0,105.23
2,23.37,70.0,75.75
2,23.37,85.0,107.95
2,23.37,95.4,105.59
2,23.37,103.8,127.87
2,23.37,88.4,119.21
2,23.37,81.5,85.0
2,23.37,70.0,96.55
2,23.37,87.7,90.95
2,23.37,70.0,104.88
2,23.37,147.2,180.19
2,23.37,89.1,92.35
2,23.37,97.5,128.88
2,23.37,91.2,117.63
2,23.36,109.1,148.18
2,23.36,86.3,101.49
2,23.36,85.6,107.82
2,23.36,86.3,116.64
2,23.36,70.0,99.23
2,23.36,86.3,96.49
2,23.36,87.0,95.44
2,23.36,102.4,135.11
2,23.36,86.3,103.24
2,23.36,70.0,87.9
2,23.36,70.0,82.69
2,23.36,85.6,115.8
2,23.36,70.0,99.23
2,23.36,90.5,100.69
2,23.36,86.3,116.64
2,23.36,85.6,88.85
2,23.36,131.1,148.29
2,23.35,84.9,106.63
2,23.35,108.4,141.4
2,23.35,102.4,117.9
2,23.35,84.9,115.31
2,23.35,70.0,87.69
2,23.35,108.7,159.32
2,23.35,70.0,82.7
2,23.35,70.0,92.69
2,23.35,87.7,120.12
2,23.35,70.0,82.69
2,23.34,70.0,86.69
2,23.34,70.0,109.61
2,23.34,97.5,137.0
2,23.34,70.0,102.92
2,23.34,87.0,109.15
2,23.34,70.0,99.23
2,23.34,86.3,105.55
2,23.34,92.6,126.35
2,23.34,89.8,104.05
2,23.34,85.6,106.27
2,23.33,92.6,108.47
2,23.33,87.0,114.19
2,23.33,87.7,108.24
2,23.33,111.9,112.9
2,23.33,89.1,109.97
2,23.33,70.0,87.69
2,23.33,70.0,80.19
2,23.33,70.0,74.0
2,23.32,107.0,130.25
2,23.32,70.0,97.69
2,23.32,99.6,139.93
2,23.32,91.2,100.64
2,23.32,125.5,154.5
2,23.32,110.0,159.98
2,23.32,94.0,136.01
2,23.32,114.3,139.37
2,23.32,150.0,151.0
2,23.32,70.0,99.23
2,23.32,70.0,88.8
2,23.31,70.0,85.0
2,23.31,87.7,89.2
2,23.31,70.0,82.69
2,23.31,70.0,102.69
2,23.31,70.0,101.18
2,23.31,70.0,82.69
2,23.31,70.0,109.17
2,23.31,85.6,114.6
2,23.31,118.5,148.69
2,23.31,91.2,106.46
2,23.31,70.0,80.69
1,23.3,85.6,96.79
2,23.3,84.9,91.65
1,23.3,54.5,62.94
1,23.3,72.5,80.94
2,23.3,85.6,96.79
1,23.3,87.0,100.44
2,23.3,115.7,148.39
1,23.3,88.4,98.59
1,23.3,89.1,99.29
1,23.3,70.0,101.14
1,23.3,71.5,73.0
2,23.3,84.9,89.15
2,23.3,85.6,119.61
1,23.3,58.5,60.0
1,23.3,65.5,73.94
2,23.3,87.0,99.19
1,23.3,69.5,71.0
1,23.3,70.0,94.09
2,23.3,86.3,104.55
1,23.3,85.6,102.73
1,23.3,95.4,101.15
2,23.3,85.6,115.8
1,23.3,52.5,54.0
2,23.3,84.9,88.15
1,23.3,50.5,52.0
1,23.3,86.3,95.55
1,23.3,101.7,135.44
2,23.3,85.6,100.98
1,23.3,88.4,118.29
1,23.3,88.4,105.54
1,23.3,70.0,87.69
1,23.3,84.9,113.19
1,23.3,62.5,64.0
1,23.3,98.9,133.81
1,23.3,99.6,110.79
1,23.3,64.5,66.0
1,23.3,122.0,142.0
1,23.3,64.5,66.0
2,23.3,70.0,87.69
1,23.3,86.3,119.99
2,23.29,106.6,134.05
2,23.29,70.0,99.23
2,23.29,143.7,190.9
2,23.29,70.0,85.75
2,23.29,70.0,98.88
2,23.29,87.0,117.53
2,23.29,84.9,105.09
2,23.29,86.3,97.49
2,23.29,128.3,164.71
2,23.29,88.4,92.66
2,23.29,85.6,94.85
2,23.29,70.0,89.03
2,23.28,70.0,83.75
2,23.28,70.0,97.69
2,23.28,70.0,98.88
2,23.28,91.2,102.14
2,23.28,91.2,112.99
2,23.28,87.0,91.25
2,23.28,92.6,119.37
2,23.28,85.6,96.79
2,23.27,70.0,98.88
2,23.27,98.2,108.39
2,23.27,70.0,102.92
2,23.27,70.0,82.69
2,23.27,85.6,109.27
2,23.27,84.9,115.37
2,23.27,102.4,119.9
2,23.27,133.9,139.65
2,23.27,70.0,82.69
2,23.27,89.8,102.49
2,23.27,87.0,116.28
2,23.27,84.9,102.09
2,23.27,85.6,106.27
2,23.27,70.0,90.96
2,23.27,104.5,108.5
2,23.27,70.0,75.75
2,23.27,109.8,170.76
2,23.26,86.3,98.99
2,23.26,85.6,96.79
2,23.26,87.0,97.19
2,23.26,91.9,116.0
2,23.26,107.0,130.93
2,23.26,107.0,156.46
2,23.26,137.0,172.07
2,23.26,89.8,117.99
2,23.25,32.4,53.21
2,23.25,70.0,85.94
2,23.25,119.9,169.68
2,23.25,87.7,92.7
2,23.25,87.0,90.25
2,23.25,165.0,172.94
2,23.25,70.0,82.69
2,23.25,70.0,97.13
2,23.25,70.0,102.92
2,23.25,134.6,150.35
2,23.25,111.9,154.47
2,23.24,126.2,135.45
2,23.24,105.6,145.62
2,23.24,84.9,117.57
2,23.24,70.0,92.69
2,23.24,85.6,115.8
2,23.24,87.0,107.75
2,23.24,70.0,82.69
2,23.24,87.0,108.94
2,23.24,85.6,88.85
2,23.24,84.2,117.55
2,23.24,70.0,97.13
2,23.24,91.2,115.44
2,23.24,107.7,149.3
2,23.24,140.2,180.12
2,23.23,84.9,96.09
2,23.23,70.0,96.2
2,23.23,85.6,115.0
2,23.23,122.4,173.81
2,23.23,70.0,87.69
2,23.23,70.0,104.88
2,23.23,87.0,104.94
2,23.23,84.9,96.09
2,23.23,111.2,156.7
2,23.23,84.9,114.96
2,23.23,85.6,107.23
2,23.23,84.2,105.79
2,23.23,70.0,82.69
2,23.22,70.0,98.88
2,23.22,154.2,164.39
2,23.22,70.0,99.23
2,23.22,87.0,107.75
2,23.22,140.0,196.28
2,23.22,87.7,95.95
2,23.22,95.4,99.65
2,23.22,70.0,80.94
2,23.22,84.9,118.77
2,23.21,87.0,122.63
2,23.21,133.2,161.27
2,23.21,70.0,80.94
2,23.21,70.0,95.88
2,23.21,137.5,182.28
2,23.21,70.0,99.23
2,23.21,70.0,87.69
2,23.21,70.0,89.69
2,23.21,117.1,121.1
2,23.2,70.0,99.23
1,23.2,70.0,99.19
1,23.2,49.5,57.94
1,23.2,65.5,73.94
2,23.2,85.6,117.6
2,23.2,103.8,129.99
1,23.2,70.0,82.69
2,23.2,86.3,115.44
1,23.2,84.9,110.09
2,23.2,84.9,104.88
1,23.2,62.5,64.0
1,23.2,68.5,70.0
1,23.2,41.5,43.0
1,23.2,87.0,97.19
1,23.2,70.0,90.0
1,23.2,106.3,159.28
1,23.2,71.5,79.94
1,23.2,115.4,136.78
1,23.2,84.9,96.09
1,23.2,114.7,164.48
1,23.2,56.5,64.94
2,23.2,101.0,116.75
2,23.2,70.0,82.69
2,23.2,70.0,92.69
2,23.2,84.9,126.34
1,23.2,56.5,64.94
1,23.2,93.3,106.55
2,23.2,70.0,95.69
2,23.2,70.0,97.13
2,23.2,84.2,114.12
1,23.2,54.5,56.0
1,23.2,56.5,64.94
2,23.2,70.0,85.94
1,23.2,48.5,50.0
2,23.2,87.7,93.45
2,23.2,149.5,182.35
1,23.2,93.3,96.55
1,23.2,73.5,81.94
2,23.2,70.0,98.88
1,23.2,70.0,105.19
1,23.2,34.5,36.0
1,23.2,72.5,86.14
2,23.2,122.0,165.48
1,23.2,0.01,2.76
2,23.19,70.0,82.69
2,23.19,107.3,143.09
2,23.19,98.2,131.27
2,23.19,97.5,127.5
2,23.19,70.0,92.69
2,23.19,89.1,124.8
2,23.19,132.5,165.07
2,23.19,99.6,138.18
2,23.19,101.7,131.77
2,23.18,94.7,107.95
2,23.18,107.7,142.56
2,23.18,92.6,123.0
2,23.18,70.0,80.19
2,23.18,70.0,104.88
2,23.18,84.9,89.15
2,23.18,89.8,104.99
2,23.18,87.0,104.69
2,23.18,122.0,165.48
2,23.18,70.0,75.75
2,23.18,86.3,95.55
2,23.17,84.9,94.34
2,23.17,70.0,82.69
2,23.17,87.0,97.19
2,23.17,85.6,107.47
2,23.17,70.0,82.69
2,23.17,87.7,111.79
2,23.17,170.0,200.07
2,23.17,70.0,92.69
2,23.17,89.8,106.94
2,23.17,96.8,146.32
2,23.17,92.6,126.67
2,23.17,70.0,79.0
2,23.17,70.0,109.17
2,23.16,89.8,94.8
2,23.16,84.9,106.98
2,23.16,70.0,98.88
2,23.16,70.0,107.5
2,23.16,85.6,103.29
2,23.16,70.0,82.69
2,23.16,150.0,205.47
2,23.16,70.0,102.92
2,23.16,85.6,89.85
2,23.16,105.6,154.78
2,23.16,104.5,114.69
2,23.16,70.0,98.88
2,23.15,121.3,150.31
2,23.15,110.1,123.54
2,23.15,87.7,108.79
2,23.15,90.5,100.69
2,23.15,70.0,95.19
2,23.15,70.0,98.88
2,23.15,85.6,91.35
2,23.15,106.6,145.92
2,23.15,70.0,80.75
2,23.15,70.0,99.23
2,23.15,70.0,87.69
2,23.15,85.6,88.85
2,23.15,84.9,89.15
2,23.14,105.0,108.25
2,23.14,70.0,74.0
2,23.14,120.0,136.63
2,23.14,70.0,97.69
2,23.14,70.0,73.25
2,23.14,70.0,105.23
2,23.14,70.0,99.23
2,23.14,87.7,96.95
2,23.14,94.0,104.19
2,23.14,70.0,98.88
2,23.14,98.9,123.78
2,23.14,70.0,97.13
2,23.14,122.0,151.2
2,23.14,85.6,106.27
2,23.13,70.0,98.88
2,23.13,70.0,98.88
2,23.13,84.2,88.45
2,23.13,70.0,98.88
2,23.13,70.0,74.0
2,23.13,70.0,100.5
2,23.13,70.0,105.23
2,23.13,85.6,118.56
2,23.13,70.0,95.09
2,23.12,110.1,138.12
2,23.12,70.0,94.69
2,23.12,107.0,133.5
2,23.12,70.0,98.88
2,23.12,121.3,162.69
2,23.12,91.9,107.84
2,23.12,94.0,105.19
2,23.12,70.0,80.75
2,23.12,122.0,173.76
2,23.12,89.1,93.35
2,23.12,70.0,98.88
2,23.12,87.0,107.95
2,23.12,98.0,121.07
2,23.12,85.6,106.27
2,23.12,87.0,97.19
2,23.11,106.3,156.66
2,23.11,92.6,113.79
2,23.11,70.0,104.88
2,23.11,70.0,82.69
2,23.11,91.2,103.14
2,23.11,70.0,98.88
2,23.11,70.0,75.75
2,23.11,85.6,98.29
2,23.11,70.0,87.69
1,23.1,70.0,99.19
1,23.1,84.2,99.14
1,23.1,70.0,73.25
1,23.1,70.0,99.19
1,23.1,70.0,82.69
1,23.1,89.1,97.35
1,23.1,119.0,156.69
2,23.1,199.0,232.5
1,23.1,111.2,132.95
1,23.1,70.0,97.69
2,23.1,70.0,99.23
2,23.1,107.0,152.1
2,23.1,84.9,89.15
1,23.1,60.5,68.94
2,23.1,94.0,109.19
2,23.1,70.0,98.88
1,23.1,84.2,111.14
1,23.1,92.6,114.73
2,23.1,70.0,104.88
2,23.1,85.6,103.79
1,23.1,89.1,100.04
1,23.1,64.5,72.94
1,23.1,89.1,136.6
1,23.1,70.0,99.19
1,23.1,128.0,181.57
1,23.1,56.5,64.94
1,23.1,96.1,138.83
1,23.1,70.0,82.69
1,23.1,84.9,89.15
2,23.1,87.7,98.89
2,23.1,70.0,82.69
1,23.1,70.0,85.69
2,23.1,94.7,105.64
1,23.1,85.6,101.56
1,23.1,63.5,65.0
2,23.1,70.0,99.23
2,23.1,122.0,124.5
1,23.1,70.0,92.69
2,23.1,86.3,89.55
2,23.1,70.0,92.69
1,23.1,108.4,162.94
1,23.1,70.0,100.9
1,23.1,84.2,116.33
1,23.1,67.5,69.0
1,23.1,70.0,101.14
1,23.1,85.6,106.6
2,23.1,115.7,141.45
2,23.1,70.0,99.23
1,23.1,84.9,106.95
1,23.1,68.5,76.94
1,23.1,42.5,44.0
1,23.1,70.0,99.19
1,23.1,70.0,80.94
2,23.1,70.0,102.92
1,23.1,70.0,85.1
1,23.1,68.5,70.0
1,23.1,111.2,147.58
2,23.09,157.7,163.45
2,23.09,70.0,80.94
2,23.09,70.0,98.88
2,23.09,83.5,96.19
2,23.09,70.0,95.09
2,23.09,70.0,90.55
2,23.09,97.5,110.19
2,23.09,70.0,73.5
2,23.09,70.0,97.69
2,23.09,92.6,114.67
2,23.09,70.0,90.55
2,23.09,102.4,136.01
2,23.09,70.0,105.23
2,23.09,87.0,99.69
2,23.09,116.4,152.81
2,23.09,89.1,114.92
2,23.09,70.0,98.88
2,23.09,84.9,97.59
2,23.08,70.0,87.69
2,23.08,120.6,177.3
2,23.08,70.0,99.23
2,23.08,88.4,117.96
2,23.08,70.0,90.96
2,23.08,86.3,107.46
2,23.08,150.0,175.07
2,23.08,70.0,109.17
2,23.08,106.3,144.82
2,23.08,70.0,100.5
2,23.07,88.4,97.65
2,23.07,86.3,120.55
2,23.07,400.0,481.2
2,23.07,90.5,93.75
2,23.07,86.3,89.55
2,23.07,70.0,88.19
2,23.07,126.9,163.38
2,23.07,84.2,114.12
2,23.07,70.0,109.17
2,23.07,70.0,101.18
2,23.07,105.2,133.27
2,23.07,70.0,98.88
2,23.06,70.0,80.75
2,23.06,134.6,170.14
2,23.06,86.3,106.56
2,23.06,87.7,100.95
2,23.06,70.0,75.75
2,23.06,84.2,107.59
2,23.06,84.2,89.45
2,23.06,87.7,110.58
2,23.06,95.4,118.38
2,23.06,70.0,80.75
2,23.06,70.0,104.88
2,23.06,122.0,165.83
2,23.06,141.6,176.47
2,23.06,89.1,113.1
2,23.05,88.4,117.12
2,23.05,70.0,97.13
2,23.05,94.7,134.29
2,23.05,106.6,141.05
2,23.05,109.8,128.68
2,23.05,70.0,82.69
2,23.05,70.0,82.69
2,23.05,94.0,124.38
2,23.05,114.3,161.42
2,23.05,70.0,98.88
2,23.05,89.8,99.99
2,23.05,70.0,98.88
2,23.05,94.7,104.89
2,23.04,70.0,87.69
2,23.04,150.0,190.07
2,23.04,88.4,99.59
2,23.04,92.6,108.54
2,23.04,70.0,82.69
2,23.04,70.0,90.55
2,23.04,84.2,98.45
2,23.04,90.5,96.25
2,23.04,94.0,97.25
2,23.04,84.9,88.15
2,23.04,101.0,136.07
2,23.04,70.0,99.69
2,23.04,70.0,97.13
2,23.04,84.9,97.59
2,23.03,87.7,98.64
2,23.03,117.8,146.46
2,23.03,70.0,88.69
2,23.03,70.0,109.17
2,23.03,117.8,159.24
2,23.03,87.0,141.02
2,23.03,87.7,97.89
2,23.02,70.0,92.69
2,23.02,87.7,95.95
2,23.02,70.0,98.88
2,23.02,83.5,87.75
2,23.02,86.3,107.11
2,23.02,70.0,97.69
2,23.02,90.5,137.64
2,23.02,70.0,104.88
2,23.01,70.0,98.88
2,23.01,87.0,107.19
2,23.01,96.1,120.07
2,23.01,70.0,98.88
2,23.01,108.4,163.98
2,23.01,107.0,121.69
2,23.01,88.4,107.88
2,23.01,119.2,155.59
2,23.01,88.4,99.59
1,23.0,70.0,95.09
1,23.0,91.9,102.84
1,23.0,70.0,87.69
2,23.0,89.8,128.32
2,23.0,70.0,105.23
2,23.0,84.2,95.39
2,23.0,125.5,134.75
2,23.0,70.0,90.94
1,23.0,61.5,63.0
2,23.0,84.2,102.39
1,23.0,51.5,53.0
1,23.0,67.5,75.94
1,23.0,31.5,33.0
1,23.0,83.5,99.69
1,23.0,70.0,82.69
1,23.0,85.6,101.54
1,23.0,84.2,106.15
1,23.0,120.6,129.85
1,23.0,129.0,134.75
1,23.0,48.5,50.0
1,23.0,70.0,97.09
2,23.0,70.0,86.74
1,23.0,68.5,70.0
1,23.0,70.0,80.19
1,23.0,85.6,88.85
1,23.0,87.0,134.17
1,23.0,68.5,70.0
1,23.0,110.1,146.58
2,23.0,89.1,99.29
1,23.0,88.4,110.0
1,23.0,85.6,106.6
1,23.0,83.5,117.09
1,23.0,125.5,140.69
1,23.0,70.0,88.8
1,23.0,84.2,118.27
2,23.0,70.0,90.55
1,23.0,69.5,77.94
1,23.0,70.0,99.19
2,23.0,70.0,99.23
1,23.0,70.0,98.45
1,23.0,84.2,95.39
1,23.0,54.5,62.94
2,23.0,85.6,95.79
1,23.0,84.2,105.8
1,23.0,68.5,72.45
1,23.0,89.1,110.8
1,23.0,70.0,103.34
1,23.0,36.5,38.0
1,23.0,89.8,100.74
2,22.99,91.9,102.09
2,22.99,70.0,95.88
2,22.99,109.1,151.54
2,22.99,105.0,128.75
2,22.99,85.6,92.35
2,22.99,143.7,156.39
2,22.99,113.6,120.78
2,22.99,89.1,114.29
2,22.99,97.38,117.82
2,22.99,70.0,93.55
2,22.99,160.0,183.07
2,22.99,70.0,104.88
2,22.99,94.7,112.95
2,22.99,85.6,88.85
2,22.98,70.0,82.69
2,22.98,86.0,99.75
2,22.98,93.3,141.57
2,22.98,70.0,82.69
2,22.98,119.9,150.09
2,22.98,70.0,87.69
2,22.98,89.8,95.55
2,22.98,106.3,144.62
2,22.98,86.3,123.77
2,22.98,70.0,87.69
2,22.98,85.6,104.52
2,22.97,84.9,89.15
2,22.97,70.0,95.88
2,22.97,40.8,52.51
2,22.97,70.0,82.69
2,22.97,70.0,98.88
2,22.97,85.0,103.2
2,22.97,84.2,95.39
2,22.97,70.0,97.69
2,22.97,93.3,123.84
2,22.97,104.2,147.58
2,22.97,70.0,90.96
2,22.97,108.7,139.99
2,22.96,70.0,97.13
2,22.96,70.0,94.69
2,22.96,143.0,175.15
2,22.96,83.5,94.69
2,22.96,83.5,92.75
2,22.96,70.0,98.88
2,22.96,87.7,110.39
2,22.96,93.3,116.74
2,22.96,84.2,87.45
2,22.96,150.0,160.75
2,22.96,87.0,98.19
2,22.96,117.1,122.85
2,22.96,110.1,139.02
2,22.96,70.0,102.92
2,22.96,86.3,94.55
2,22.96,88.4,109.98
2,22.96,70.0,87.69
2,22.96,70.0,98.88
2,22.96,70.0,98.88
2,22.96,70.0,82.69
2,22.96,80.0,99.75
2,22.95,70.0,109.61
2,22.95,106.3,146.46
2,22.95,108.4,148.98
2,22.95,98.9,127.25
2,22.95,84.2,93.45
2,22.95,150.0,199.01
2,22.95,98.9,146.46
2,22.95,86.3,106.49
2,22.95,70.0,92.69
2,22.95,85.6,91.35
2,22.95,101.0,111.94
2,22.94,70.0,87.69
2,22.94,107.7,149.45
2,22.94,115.7,151.57
2,22.94,70.0,98.88
2,22.94,70.0,87.69
2,22.94,86.3,104.55
2,22.94,70.0,98.88
2,22.94,84.2,104.59
2,22.94,87.0,90.25
2,22.94,91.9,125.97
2,22.94,89.8,125.18
2,22.93,91.2,103.14
2,22.93,70.0,97.13
2,22.93,84.2,95.39
2,22.93,116.4,143.23
2,22.93,84.9,105.43
2,22.93,70.0,92.77
2,22.93,70.0,105.22
2,22.93,92.6,105.29
2,22.93,110.8,128.93
2,22.93,70.0,99.23
2,22.92,92.6,128.4
2,22.92,70.0,97.69
2,22.92,70.0,82.69
2,22.92,83.5,121.61
2,22.92,70.0,82.69
2,22.92,70.0,92.69
2,22.92,70.0,95.09
2,22.91,70.0,90.9
2,22.91,70.0,89.69
2,22.91,85.6,115.85
2,22.91,70.0,98.88
2,22.91,124.1,137.35
2,22.91,85.6,89.85
2,22.91,87.0,92.93
2,22.91,94.7,117.19
2,22.91,84.2,112.92
2,22.91,91.9,95.15
2,22.91,97.5,110.19
2,22.91,132.0,169.68
1,22.9,70.0,102.69
1,22.9,87.0,117.84
1,22.9,93.3,98.3
2,22.9,110.1,136.87
1,22.9,66.5,74.94
1,22.9,68.5,70.0
1,22.9,109.1,154.13
1,22.9,121.0,142.32
2,22.9,111.2,161.81
1,22.9,104.9,152.0
1,22.9,84.9,106.95
1,22.9,82.8,84.3
1,22.9,129.0,139.75
2,22.9,70.0,105.23
2,22.9,84.2,114.47
1,22.9,69.5,71.0
1,22.9,83.5,98.69
1,22.9,54.5,56.0
1,22.9,89.1,113.8
2,22.9,84.9,95.09
1,22.9,84.9,88.15
1,22.9,70.0,94.69
1,22.9,70.0,105.19
2,22.9,86.3,90.55
1,22.9,70.0,99.19
1,22.9,70.0,110.53
1,22.9,69.5,77.94
2,22.9,70.0,87.69
2,22.9,70.0,102.92
1,22.9,84.9,88.15
2,22.9,89.1,136.7
1,22.9,121.3,166.74
1,22.9,56.5,64.94
1,22.9,70.0,103.09
2,22.9,70.0,80.19
1,22.9,124.8,153.65
1,22.9,83.5,95.75
2,22.9,84.2,117.93
1,22.9,70.0,99.24
1,22.9,83.5,93.69
1,22.9,70.0,105.19
1,22.9,87.7,95.95
1,22.9,87.0,97.25
2,22.9,84.2,88.45
1,22.9,70.0,103.34
1,22.9,83.5,105.3
1,22.9,56.5,64.94
2,22.9,70.0,98.88
1,22.9,90.0,117.54
2,22.89,70.0,99.23
2,22.89,70.0,104.88
2,22.89,86.3,118.44
2,22.89,121.3,125.55
2,22.89,92.6,95.85
2,22.89,70.0,110.22
2,22.89,70.0,97.69
2,22.89,84.2,94.39
2,22.89,70.0,102.92
2,22.89,70.0,82.69
2,22.89,89.1,100.29
2,22.89,84.2,97.45
2,22.88,70.0,102.92
2,22.88,127.6,137.85
2,22.88,90.5,120.48
2,22.88,93.3,105.99
2,22.88,70.0,75.75
2,22.88,70.0,90.69
2,22.88,70.0,95.09
2,22.88,85.6,95.79
2,22.88,97.5,126.9
2,22.88,70.0,98.88
2,22.88,70.0,99.23
2,22.88,84.9,98.59
2,22.88,84.9,106.63
2,22.88,86.3,93.05
2,22.88,85.6,106.79
2,22.87,94.0,97.25
2,22.87,70.0,90.55
2,22.87,106.3,158.96
2,22.87,90.5,103.19
2,22.87,70.0,104.0
2,22.87,88.4,99.59
2,22.87,86.3,97.55
2,22.87,84.2,94.45
2,22.87,90.5,127.06
2,22.86,84.9,114.96
2,22.86,70.0,95.0
2,22.86,84.9,118.77
2,22.86,83.5,97.19
2,22.86,84.2,87.45
2,22.86,83.5,94.69
2,22.86,70.0,94.25
2,22.86,84.9,101.95
2,22.86,70.0,82.69
2,22.86,87.0,97.19
2,22.86,70.0,98.88
2,22.85,70.0,104.88
2,22.85,97.5,130.19
2,22.85,86.3,97.49
2,22.85,70.0,95.09
2,22.85,70.0,97.69
2,22.85,70.0,99.23
2,22.85,70.0,104.88
2,22.85,70.0,99.23
2,22.85,70.0,95.19
2,22.85,70.0,95.88
2,22.85,89.1,101.79
2,22.85,88.4,119.16
2,22.85,88.4,104.15
2,22.85,142.3,182.75
2,22.85,110.5,140.57
2,22.85,70.0,85.19
2,22.85,95.4,132.8
2,22.85,70.0,98.88
2,22.85,83.5,87.75
2,22.84,85.6,100.85
2,22.84,84.9,99.15
2,22.84,70.0,90.9
2,22.84,141.6,152.79
2,22.84,122.7,133.64
2,22.84,70.0,99.23
2,22.84,70.0,95.69
2,22.84,70.0,98.88
2,22.84,86.3,107.11
2,22.84,130.4,163.03
2,22.84,70.0,82.69
2,22.84,70.0,87.69
2,22.84,70.0,88.44
2,22.84,70.0,95.88
2,22.84,70.0,90.55
2,22.84,70.0,110.19
2,22.84,98.9,111.59
2,22.84,92.6,100.85
2,22.83,70.0,80.19
2,22.83,70.0,92.69
2,22.83,84.9,102.52
2,22.83,83.5,104.95
2,22.83,91.9,113.83
2,22.83,70.0,99.23
2,22.83,70.0,82.69
2,22.83,70.0,82.69
2,22.83,86.3,99.55
2,22.83,70.0,100.13
2,22.83,70.0,98.88
2,22.83,70.0,79.0
2,22.83,70.0,92.69
2,22.83,86.3,118.19
2,22.83,70.0,109.61
2,22.82,70.0,102.92
2,22.82,70.0,98.88
2,22.82,70.0,98.88
2,22.82,104.9,145.33
2,22.82,70.0,98.88
2,22.82,70.0,98.88
2,22.82,70.0,82.69
2,22.82,85.6,116.79
2,22.82,70.0,98.88
2,22.82,87.7,91.95
2,22.81,70.0,98.75
2,22.81,70.0,98.88
2,22.81,111.2,155.34
2,22.81,119.9,134.15
2,22.81,70.0,104.88
2,22.81,83.5,86.75
2,22.81,70.0,104.88
2,22.81,70.0,92.69
2,22.81,70.0,98.88
2,22.81,70.0,90.55
2,22.81,70.0,75.75
2,22.81,70.0,82.69
2,22.81,107.3,151.12
2,22.81,70.0,82.69
2,22.81,87.7,109.99
2,22.81,89.1,102.85
2,22.81,70.0,98.88
2,22.81,70.0,98.88
2,22.81,70.0,97.13
2,22.81,107.3,120.55
1,22.8,70.0,80.94
1,22.8,94.7,128.84
1,22.8,59.5,61.0
1,22.8,84.2,106.1
1,22.8,46.5,48.0
1,22.8,70.0,100.09
1,22.8,84.9,97.59
1,22.8,77.5,85.94
1,22.8,48.5,50.0
1,22.8,66.5,68.0
1,22.8,63.5,71.94
2,22.8,122.0,125.25
1,22.8,150.0,183.3
1,22.8,64.5,66.0
1,22.8,70.0,87.69
2,22.8,70.0,92.69
1,22.8,70.0,113.99
2,22.8,70.0,82.69
1,22.8,45.5,52.2
1,22.8,41.5,43.0
1,22.8,84.2,88.45
2,22.8,70.0,98.88
2,22.8,70.0,92.19
1,22.8,40.5,42.0
1,22.8,70.0,75.75
2,22.8,70.0,104.88
1,22.8,87.7,116.8
2,22.8,87.0,116.63
1,22.8,66.5,68.0
1,22.8,129.7,137.95
2,22.8,83.5,113.28
1,22.8,70.0,82.94
1,22.8,84.2,114.49
1,22.8,89.1,92.35
1,22.8,109.8,169.87
1,22.8,118.5,126.75
2,22.8,85.6,96.79
1,22.8,55.5,57.0
1,22.8,87.7,105.89
1,22.8,92.6,100.85
2,22.8,89.1,119.15
2,22.8,84.2,104.59
1,22.8,70.0,87.69
1,22.8,70.0,99.23
1,22.8,84.9,114.8
1,22.8,95.4,120.45
1,22.8,70.0,95.19
2,22.8,70.0,94.8
1,22.8,40.5,48.94
1,22.8,52.5,60.94
1,22.8,70.0,99.24
1,22.8,70.0,99.19
1,22.8,70.0,99.19
1,22.8,70.0,96.9
1,22.8,89.8,93.05
1,22.8,42.5,44.0
2,22.8,70.0,103.36
1,22.8,70.0,99.19
2,22.79,98.9,133.56
2,22.79,115.7,129.7
2,22.79,84.2,92.45
2,22.79,91.2,135.27
2,22.79,70.0,80.94
2,22.79,70.0,82.69
2,22.79,88.4,120.96
2,22.79,84.2,88.45
2,22.79,83.5,125.35
2,22.79,91.2,104.45
2,22.79,87.7,97.89
2,22.79,85.6,112.27
2,22.79,70.0,104.88
2,22.78,70.0,98.88
2,22.78,70.0,74.0
2,22.78,84.9,98.15
2,22.78,70.0,105.23
2,22.78,70.0,90.0
2,22.78,70.0,90.69
2,22.78,91.2,132.53
2,22.78,83.5,104.1
2,22.78,70.0,101.0
2,22.78,83.5,104.95
2,22.78,96.1,125.12
2,22.78,96.1,127.2
2,22.78,115.0,157.08
2,22.77,70.0,98.88
2,22.77,70.0,87.69
2,22.77,70.0,113.47
2,22.77,70.0,90.55
2,22.77,84.9,89.15
2,22.77,119.2,130.38
2,22.77,94.0,110.94
2,22.77,70.0,87.69
2,22.77,70.0,87.69
2,22.77,70.0,95.69
2,22.76,107.7,153.7
2,22.76,84.9,89.15
2,22.76,85.6,88.85
2,22.76,95.4,98.65
2,22.76,70.0,98.88
2,22.76,84.2,95.39
2,22.76,83.5,103.75
2,22.76,83.5,103.75
2,22.76,83.5,113.28
2,22.76,70.0,99.23
2,22.76,70.0,97.69
2,22.76,84.2,115.37
2,22.76,93.3,103.49
2,22.76,82.8,112.44
2,22.76,70.0,84.69
2,22.76,97.5,108.44
2,22.76,85.6,98.29
2,22.76,70.0,98.88
2,22.76,70.0,104.88
2,22.76,84.9,112.63
2,22.75,70.0,90.69
2,22.75,92.6,98.35
2,22.75,84.2,115.37
2,22.75,70.0,97.13
2,22.75,110.1,147.94
2,22.75,90.5,112.5
2,22.75,84.2,97.39
2,22.75,96.1,129.23
2,22.75,70.0,98.88
2,22.75,70.0,82.69
2,22.75,84.9,112.63
2,22.75,94.0,122.5
2,22.75,92.6,95.85
2,22.75,84.9,108.43
2,22.74,89.8,111.31
2,22.74,70.0,99.23
2,22.74,125.5,157.75
2,22.74,111.5,140.7
2,22.74,70.0,95.09
2,22.74,115.0,144.44
2,22.74,70.0,82.69
2,22.74,91.2,95.45
2,22.74,83.5,98.69
2,22.74,70.0,74.0
2,22.74,70.0,140.94
2,22.74,134.6,165.07
2,22.74,117.5,143.95
2,22.74,82.8,91.05
2,22.74,126.9,157.08
2,22.74,104.2,147.58
2,22.73,70.0,87.69
2,22.73,87.0,104.13
2,22.73,70.0,82.69
2,22.73,83.5,100.63
2,22.73,70.0,98.88
2,22.73,142.3,145.55
2,22.73,70.0,95.88
2,22.73,70.0,99.23
2,22.73,70.0,98.88
2,22.73,82.8,92.99
2,22.73,97.5,109.69
2,22.73,70.0,98.88
2,22.73,82.8,87.05
2,22.73,84.47,107.31
2,22.73,70.0,106.97
2,22.73,141.6,144.85
2,22.73,94.7,97.95
2,22.73,81.0,106.49
2,22.72,82.8,104.11
2,22.72,97.5,117.69
2,22.72,86.3,97.49
2,22.72,82.8,86.05
2,22.72,70.0,80.94
2,22.72,70.0,96.69
2,22.72,84.2,95.39
2,22.72,151.4,188.23
2,22.72,87.7,97.95
2,22.72,91.2,112.99
2,22.72,70.0,82.69
2,22.72,84.2,117.55
2,22.72,70.0,99.23
2,22.72,82.8,107.99
2,22.72,70.0,109.17
2,22.72,70.0,95.09
2,22.72,70.0,97.13
2,22.72,70.0,87.69
2,22.72,111.2,162.2
2,22.72,82.1,103.27
2,22.72,83.5,104.95
2,22.72,70.0,98.88
2,22.72,94.0,125.03
2,22.71,112.6,157.94
2,22.71,70.0,82.69
2,22.71,89.8,111.31
2,22.71,70.0,104.88
2,22.71,107.0,149.5
2,22.71,104.2,127.45
2,22.71,140.9,145.15
2,22.71,70.0,82.69
2,22.71,84.9,110.84
2,22.71,70.0,97.13
2,22.71,70.0,80.19
2,22.71,82.8,93.99
2,22.71,143.0,174.6
2,22.71,84.2,94.39
2,22.71,97.5,143.21
2,22.71,70.0,97.13
2,22.71,70.0,75.75
2,22.71,82.8,104.11
2,22.71,82.8,99.05
2,22.71,87.0,118.68
2,22.71,70.0,98.88
2,22.71,83.5,127.61
2,22.71,70.0,98.88
2,22.71,84.9,111.0
2,22.71,83.5,94.69
1,22.7,110.1,120.29
1,22.7,70.0,80.94
2,22.7,70.0,103.13
1,22.7,65.5,73.94
1,22.7,85.6,91.43
2,22.7,140.2,143.45
1,22.7,84.2,107.95
2,22.7,70.0,98.88
1,22.7,70.0,82.69
2,22.7,86.3,110.11
1,22.7,70.0,97.09
1,22.7,70.0,90.9
1,22.7,103.5,133.13
2,22.7,89.8,115.62
2,22.7,90.5,121.15
1,22.7,70.0,99.19
1,22.7,67.5,69.0
1,22.7,87.7,98.45
1,22.7,70.0,105.19
1,22.7,70.0,97.09
2,22.7,94.7,105.89
1,22.7,105.9,134.0
1,22.7,123.4,151.95
2,22.7,89.8,100.74
2,22.7,70.0,80.19
1,22.7,84.2,114.19
1,22.7,121.3,164.43
1,22.7,70.5,85.88
1,22.7,84.9,88.15
1,22.7,101.0,113.69
2,22.7,70.0,102.69
1,22.7,70.0,103.34
1,22.7,70.0,92.69
1,22.7,120.0,138.13
1,22.7,72.5,79.2
1,22.7,49.5,51.0
1,22.7,70.0,103.34
1,22.7,84.2,104.95
1,22.7,61.5,63.0
2,22.7,70.0,98.88
1,22.7,70.0,99.19
1,22.7,70.0,99.19
1,22.7,84.9,122.35
1,22.7,70.0,95.94
2,22.7,70.0,87.69
1,22.7,45.5,47.0
1,22.7,70.0,97.09
1,22.7,75.5,82.2
2,22.7,70.0,82.69
1,22.7,70.0,96.69
2,22.7,70.0,99.23
2,22.7,70.0,100.24
2,22.7,70.0,104.88
1,22.7,88.4,98.59
2,22.69,92.6,116.04
2,22.69,70.0,82.69
2,22.69,98.9,133.91
2,22.69,111.9,151.54
2,22.69,70.0,104.88
2,22.69,70.0,87.69
2,22.69,70.0,80.19
2,22.69,91.2,120.75
2,22.69,141.6,174.67
2,22.69,70.0,104.88
2,22.69,105.6,149.98
2,22.69,200.0,226.57
2,22.69,82.8,104.11
2,22.69,84.9,114.96
2,22.69,83.5,94.69
2,22.69,83.5,96.75
2,22.69,84.2,122.27
2,22.69,70.0,85.75
2,22.69,118.2,172.25
2,22.69,87.0,104.13
2,22.69,70.0,82.69
2,22.69,82.8,104.11
2,22.68,70.0,98.88
2,22.68,84.2,89.95
2,22.68,83.5,89.25
2,22.68,70.0,87.69
2,22.68,70.0,99.23
2,22.68,93.3,132.05
2,22.68,70.0,91.3
2,22.68,70.0,78.44
2,22.68,70.0,98.88
2,22.68,70.0,101.18
2,22.68,70.0,88.8
2,22.67,82.8,87.05
2,22.67,84.2,87.45
2,22.67,87.0,99.69
2,22.67,84.9,95.09
2,22.67,70.0,87.69
2,22.67,70.0,88.8
2,22.67,70.0,98.88
2,22.67,70.0,90.89
2,22.67,70.0,105.23
2,22.67,84.2,112.92
2,22.67,70.0,104.88
2,22.67,70.0,75.75
2,22.67,70.0,90.9
2,22.67,70.0,98.88
2,22.66,70.0,89.93
2,22.66,70.0,95.09
2,22.66,130.0,132.75
2,22.66,84.2,88.45
2,22.66,110.5,130.5
2,22.66,70.0,74.0
2,22.66,115.0,140.07
2,22.66,83.5,87.5
2,22.66,90.5,97.68
2,22.66,89.8,93.05
2,22.66,85.6,107.47
2,22.66,70.0,87.69
2,22.66,70.0,92.69
2,22.66,84.9,105.43
2,22.66,85.6,98.85
2,22.66,122.0,168.8
2,22.66,83.5,113.28
2,22.65,137.4,140.65
2,22.65,110.1,125.29
2,22.65,70.0,98.88
2,22.65,70.0,97.19
2,22.65,70.0,89.39
2,22.65,85.6,96.85
2,22.65,88.4,101.09
2,22.65,70.0,87.69
2,22.65,70.0,87.0
2,22.65,83.5,105.3
2,22.65,70.0,82.69
2,22.65,100.3,106.05
2,22.65,70.0,82.69
2,22.65,70.0,109.17
2,22.65,109.8,158.62
2,22.65,137.4,140.65
2,22.64,70.0,104.88
2,22.64,85.0,97.29
2,22.64,91.9,102.09
2,22.64,83.5,96.19
2,22.64,88.4,99.15
2,22.64,70.0,98.88
2,22.64,104.9,126.65
2,22.64,70.0,98.88
2,22.64,89.1,99.29
2,22.64,70.0,107.69
2,22.64,70.0,96.69
2,22.64,118.0,158.86
2,22.64,70.0,85.75
2,22.64,70.0,98.88
2,22.64,70.0,98.88
2,22.64,101.0,133.08
2,22.64,94.7,127.97
2,22.64,70.0,82.69
2,22.64,70.0,82.69
2,22.64,70.0,82.69
2,22.64,70.0,82.69
2,22.64,84.9,97.59
2,22.64,106.6,129.72
2,22.63,87.75,102.3
2,22.63,84.9,105.78
2,22.63,70.0,101.17
2,22.63,88.4,98.59
2,22.63,83.5,125.35
2,22.63,85.6,100.04
2,22.63,70.0,102.69
2,22.63,84.9,114.96
2,22.63,90.5,99.75
2,22.63,85.6,105.74
2,22.63,70.0,99.23
2,22.63,70.0,98.88
2,22.63,70.0,100.94
2,22.63,143.7,177.54
2,22.63,70.0,87.69
2,22.63,83.5,87.75
2,22.63,70.0,98.88
2,22.63,86.3,95.55
2,22.63,87.7,115.58
2,22.63,70.0,82.69
2,22.63,95.4,118.38
2,22.62,83.5,119.86
2,22.62,70.0,98.88
2,22.62,70.0,98.88
2,22.62,70.0,92.69
2,22.62,70.0,75.75
2,22.62,84.2,113.16
2,22.62,91.2,102.39
2,22.62,82.8,101.05
2,22.62,93.3,103.49
2,22.62,89.8,101.75
2,22.62,104.5,109.5
2,22.62,70.0,102.92
2,22.62,70.0,88.8
2,22.62,70.0,98.88
2,22.62,82.8,103.43
2,22.62,70.0,99.23
2,22.62,70.0,102.92
2,22.61,70.0,96.9
2,22.61,132.0,187.38
2,22.61,83.5,103.75
2,22.61,104.9,150.71
2,22.61,70.0,98.88
2,22.61,82.1,95.79
2,22.61,70.0,98.88
2,22.61,82.8,112.79
2,22.61,84.9,96.97
2,22.61,70.0,103.13
2,22.61,102.4,106.4
2,22.61,70.0,92.69
2,22.61,70.0,92.22
2,22.61,94.0,104.94
2,22.61,70.0,80.75
1,22.6,47.5,55.94
2,22.6,70.0,104.88
1,22.6,121.3,155.74
1,22.6,49.5,51.0
1,22.6,84.9,95.09
2,22.6,70.0,99.23
1,22.6,77.5,79.0
2,22.6,82.8,93.99
1,22.6,49.5,51.0
1,22.6,83.5,112.44
1,22.6,89.1,112.0
1,22.6,70.0,80.75
2,22.6,98.2,128.59
1,22.6,86.3,105.55
1,22.6,70.0,97.69
2,22.6,70.0,87.69
2,22.6,70.0,88.8
1,22.6,70.0,80.94
1,22.6,70.0,99.19
2,22.6,87.7,97.89
1,22.6,84.2,104.39
1,22.6,89.1,108.1
2,22.6,70.0,90.9
2,22.6,82.1,108.42
1,22.6,68.5,76.94
1,22.6,92.6,114.79
1,22.6,51.5,53.0
1,22.6,38.5,40.0
1,22.6,39.5,41.0
2,22.6,70.0,96.46
1,22.6,89.8,123.77
1,22.6,70.0,103.34
2,22.6,82.8,98.55
1,22.6,70.0,80.94
1,22.6,70.0,97.14
1,22.6,46.5,48.0
2,22.6,70.0,99.69
2,22.6,82.8,93.99
1,22.6,70.0,99.19
1,22.6,67.5,75.94
2,22.6,70.0,105.22
1,22.6,70.0,90.94
2,22.6,84.9,103.15
1,22.6,45.5,53.94
1,22.6,70.0,99.19
2,22.6,82.1,115.23
1,22.6,83.5,105.5
1,22.6,70.0,90.9
1,22.6,62.5,70.94
1,22.6,70.0,99.19
1,22.6,88.4,98.59
2,22.6,83.5,103.75
1,22.6,55.5,57.0
1,22.6,63.5,65.0
1,22.6,83.5,88.5
1,22.6,83.5,120.78
1,22.6,82.8,121.13
1,22.6,82.1,103.6
2,22.6,84.2,108.88
1,22.6,52.5,54.0
1,22.6,83.5,86.75
1,22.6,67.5,75.94
2,22.6,82.8,112.79
1,22.6,70.0,92.69
1,22.6,70.0,105.23
2,22.6,86.3,115.44
2,22.6,97.5,117.69
1,22.6,85.6,101.79
1,22.6,57.5,65.94
1,22.6,70.0,97.69
2,22.6,70.0,104.88
1,22.6,70.0,85.94
1,22.6,70.0,82.75
1,22.6,70.0,90.9
2,22.59,70.0,87.69
2,22.59,83.5,112.75
2,22.59,96.1,127.2
2,22.59,70.0,99.23
2,22.59,70.0,98.88
2,22.59,107.7,156.47
2,22.59,89.8,98.05
2,22.59,70.0,98.88
2,22.59,70.0,105.23
2,22.59,70.0,99.23
2,22.59,122.0,157.15
2,22.59,70.0,102.92
2,22.59,70.0,98.88
2,22.59,109.1,118.79
2,22.59,70.0,99.69
2,22.59,83.5,87.75
2,22.59,84.9,89.15
2,22.59,92.6,125.17
2,22.59,88.4,99.34
2,22.59,115.7,143.59
2,22.59,70.0,99.8
2,22.58,83.5,94.69
2,22.58,83.5,94.69
2,22.58,83.5,94.44
2,22.58,82.8,93.99
2,22.58,70.0,82.69
2,22.58,82.8,104.46
2,22.58,140.0,156.5
2,22.58,87.0,119.28
2,22.58,70.0,87.69
2,22.58,70.0,90.55
2,22.58,70.0,112.69
2,22.58,122.0,143.25
2,22.58,136.7,139.95
2,22.58,87.0,97.19
2,22.58,70.0,94.25
2,22.58,70.0,98.88
2,22.58,84.2,89.95
2,22.58,85.6,93.85
2,22.58,85.6,96.79
2,22.57,70.0,75.75
2,22.57,91.9,113.83
2,22.57,86.3,108.31
2,22.57,89.1,153.3
2,22.57,70.0,99.23
2,22.57,82.8,102.91
2,22.57,82.8,87.05
2,22.57,70.0,104.88
2,22.57,70.0,98.88
2,22.57,84.9,95.09
2,22.57,70.0,99.23
2,22.57,82.8,86.05
2,22.57,70.0,87.69
2,22.57,70.0,82.69
2,22.57,70.0,82.69
2,22.57,70.0,102.92
2,22.57,70.0,98.88
2,22.57,70.0,99.23
2,22.57,70.0,97.69
2,22.57,82.8,112.05
2,22.57,82.1,119.09
2,22.57,84.9,106.63
2,22.57,70.0,104.88
2,22.57,86.3,112.12
2,22.57,117.8,138.55
2,22.56,98.2,103.95
2,22.56,70.0,84.69
2,22.56,86.3,117.49
2,22.56,84.9,110.19
2,22.56,84.9,115.37
2,22.56,70.0,82.69
2,22.56,85.6,106.27
2,22.56,106.3,156.91
2,22.56,83.5,112.43
2,22.56,99.6,109.79
2,22.56,88.4,95.4
2,22.56,70.0,88.8
2,22.56,94.0,109.75
2,22.56,168.2,202.46
2,22.56,70.0,90.55
2,22.56,84.9,108.78
2,22.56,86.3,100.49
2,22.56,70.0,85.75
2,22.56,70.0,104.88
2,22.56,70.0,90.9
2,22.56,82.1,101.9
2,22.55,94.0,116.35
2,22.55,70.0,90.96
2,22.55,82.1,113.4
2,22.55,84.2,105.79
2,22.55,70.0,104.88
2,22.55,70.0,102.92
2,22.55,70.0,104.88
2,22.55,70.0,98.88
2,22.55,108.4,134.15
2,22.55,70.0,92.69
2,22.55,89.8,112.56
2,22.55,70.0,99.23
2,22.55,140.0,170.07
2,22.55,70.0,98.88
2,22.55,82.1,85.35
2,22.55,70.0,82.69
2,22.55,70.0,102.92
2,22.55,106.6,117.35
2,22.55,70.0,92.69
2,22.54,88.4,109.63
2,22.54,70.0,102.92
2,22.54,70.0,96.23
2,22.54,94.0,116.35
2,22.54,97.5,116.5
2,22.54,88.4,98.59
2,22.54,70.0,98.88
2,22.54,106.3,149.02
2,22.54,70.0,98.88
2,22.54,70.0,82.69
2,22.54,70.0,87.9
2,22.54,85.6,117.6
2,22.54,70.0,109.61
2,22.54,106.6,117.35
2,22.53,70.0,82.69
2,22.53,120.6,148.85
2,22.53,82.1,103.29
2,22.53,70.0,99.23
2,22.53,70.0,82.69
2,22.53,89.1,93.35
2,22.53,70.0,98.88
2,22.53,70.0,98.88
2,22.53,70.0,98.88
2,22.53,96.8,100.8
2,22.53,70.0,82.69
2,22.53,70.0,88.8
2,22.53,70.0,94.69
2,22.53,117.8,162.24
2,22.52,70.0,76.5
2,22.52,150.0,173.07
2,22.52,82.1,119.93
2,22.52,86.3,108.24
2,22.52,70.0,80.75
2,22.52,70.0,94.94
2,22.52,70.0,87.69
2,22.52,70.0,80.94
2,22.52,107.0,155.81
2,22.52,70.0,109.61
2,22.52,91.2,117.07
2,22.52,70.0,98.88
2,22.52,70.0,75.75
2,22.52,89.1,147.36
2,22.52,93.3,101.55
2,22.52,83.5,111.3
2,22.51,135.3,165.91
2,22.51,70.0,98.88
2,22.51,70.0,99.88
2,22.51,122.0,186.84
2,22.51,70.0,86.0
2,22.51,70.0,90.55
2,22.51,70.0,101.88
2,22.51,70.0,90.55
2,22.51,70.0,82.69
2,22.51,70.0,98.88
2,22.51,93.3,115.24
2,22.51,88.4,107.28
2,22.51,70.0,100.84
2,22.51,70.0,98.88
2,22.51,70.0,96.69
1,22.5,70.0,105.19
1,22.5,104.9,122.65
1,22.5,70.0,95.69
1,22.5,62.5,64.0
1,22.5,50.5,52.0
2,22.5,70.0,90.55
1,22.5,70.0,82.69
1,22.5,52.5,54.0
1,22.5,105.9,116.84
1,22.5,70.0,99.19
2,22.5,101.0,156.34
2,22.5,70.0,90.69
1,22.5,53.5,60.2
1,22.5,68.5,76.94
1,22.5,82.8,112.79
1,22.5,70.0,96.19
1,22.5,70.0,87.69
1,22.5,70.0,87.69
1,22.5,64.5,72.94
1,22.5,84.2,112.1
1,22.5,82.1,103.6
2,22.5,82.1,103.27
2,22.5,70.0,105.23
2,22.5,82.8,93.99
2,22.5,83.5,104.95
1,22.5,84.2,114.95
2,22.5,82.1,108.07
2,22.5,70.0,98.88
1,22.5,104.9,157.95
1,22.5,70.0,80.75
1,22.5,70.0,99.19
2,22.5,86.3,89.55
1,22.5,70.0,99.19
1,22.5,44.5,46.0
1,22.5,70.0,97.14
1,22.5,70.0,92.69
1,22.5,64.5,66.0
1,22.5,70.0,90.69
1,22.5,48.5,50.0
1,22.5,68.5,70.0
2,22.5,70.0,105.23
1,22.5,67.5,69.0
2,22.5,136.7,147.89
1,22.5,70.0,85.69
1,22.5,70.0,94.7
1,22.5,70.0,99.19
1,22.5,70.0,87.79
1,22.5,84.2,122.78
1,22.5,70.0,87.69
2,22.5,90.5,103.19
2,22.5,85.6,88.85
1,22.5,70.0,74.0
1,22.5,70.0,99.19
1,22.5,70.0,90.9
1,22.5,63.5,71.94
2,22.5,70.0,74.0
2,22.5,70.0,98.88
1,22.5,38.5,40.0
2,22.5,93.3,96.55
1,22.5,84.9,99.15
1,22.5,70.0,80.19
2,22.5,84.2,94.39
1,22.5,52.5,54.0
2,22.5,89.1,110.47
1,22.5,70.0,95.94
1,22.5,87.0,96.44
1,22.5,51.5,53.0
1,22.5,48.5,50.0
1,22.5,70.0,99.19
1,22.5,92.6,109.98
2,22.5,110.5,156.1
2,22.5,70.0,97.13
1,22.5,63.5,65.0
2,22.5,70.0,99.23
1,22.5,104.9,161.85
2,22.5,70.0,92.69
1,22.5,70.0,82.69
1,22.5,84.9,112.95
1,22.5,64.5,72.94
1,22.5,70.0,99.19
1,22.5,57.5,59.0
1,22.5,100.0,101.0
1,22.5,70.0,85.75
2,22.49,82.8,100.11
2,22.49,109.8,128.05
2,22.49,91.9,104.59
2,22.49,70.0,84.0
2,22.49,70.0,99.23
2,22.49,70.0,82.69
2,22.49,70.0,80.75
2,22.49,84.9,90.65
2,22.49,112.9,148.03
2,22.49,70.0,101.18
2,22.49,70.0,80.19
2,22.49,70.0,104.88
2,22.49,82.1,90.35
2,22.49,70.0,97.13
2,22.48,70.0,105.23
2,22.48,70.0,102.92
2,22.48,81.4,98.65
2,22.48,82.1,98.29
2,22.48,100.0,122.94
2,22.48,70.0,100.84
2,22.48,70.0,80.75
2,22.48,88.4,98.59
2,22.48,85.6,101.32
2,22.48,70.0,82.69
2,22.48,86.3,97.49
2,22.48,70.0,92.69
2,22.48,70.0,80.94
2,22.48,108.0,131.38
2,22.48,81.4,90.65
2,22.48,133.9,202.02
2,22.48,70.0,82.69
2,22.48,70.0,103.36
2,22.48,70.0,80.94
2,22.48,89.8,95.55
2,22.48,70.0,98.88
2,22.47,70.0,75.75
2,22.47,70.0,98.88
2,22.47,107.7,122.45
2,22.47,85.6,107.47
2,22.47,70.0,83.44
2,22.47,70.0,80.75
2,22.47,196.0,217.32
2,22.47,82.8,93.74
2,22.47,110.1,157.55
2,22.47,70.0,88.21
2,22.47,89.1,127.8
2,22.47,70.0,98.88
2,22.47,70.0,103.36
2,22.47,94.0,119.82
2,22.46,112.2,166.38
2,22.46,70.0,109.61
2,22.46,70.0,99.23
2,22.46,70.0,94.75
2,22.46,70.0,94.8
2,22.46,70.0,87.69
2,22.46,70.0,97.13
2,22.46,70.0,102.92
2,22.46,113.6,134.23
2,22.46,70.0,99.23
2,22.46,70.0,82.69
2,22.46,70.0,105.23
2,22.45,70.0,110.75
2,22.45,82.1,103.27
2,22.45,70.0,85.75
2,22.45,84.2,124.95
2,22.45,70.0,80.94
2,22.45,70.0,97.13
2,22.45,70.0,82.69
2,22.45,70.0,105.23
2,22.45,85.6,93.85
2,22.45,70.0,97.13
2,22.45,95.4,119.23
2,22.45,70.0,97.69
2,22.45,112.2,152.52
2,22.45,70.0,84.94
2,22.45,70.0,104.88
2,22.45,70.0,99.23
2,22.44,70.0,93.94
2,22.44,70.0,96.9
2,22.44,93.3,103.49
2,22.44,70.0,82.69
2,22.44,70.0,98.88
2,22.44,70.0,97.13
2,22.44,70.0,85.94
2,22.44,82.8,97.99
2,22.44,70.0,98.88
2,22.44,70.0,85.19
2,22.44,70.0,99.23
2,22.44,70.0,85.94
2,22.44,70.0,82.69
2,22.44,82.8,93.74
2,22.44,70.0,96.23
2,22.44,83.5,116.67
2,22.44,70.0,105.23
2,22.43,82.1,94.29
2,22.43,70.0,98.88
2,22.43,70.0,98.88
2,22.43,84.9,95.65
2,22.43,70.0,99.23
2,22.43,70.0,105.23
2,22.43,70.0,99.23
2,22.43,70.0,82.69
2,22.43,89.8,98.05
2,22.43,82.8,106.25
2,22.43,70.0,90.69
2,22.43,91.2,114.24
2,22.43,97.5,121.57
2,22.43,70.0,80.19
2,22.43,105.6,153.1
2,22.43,93.3,118.51
2,22.43,98.9,127.15
2,22.43,70.0,82.69
2,22.43,84.2,97.45
2,22.43,70.0,95.88
2,22.43,82.8,97.99
2,22.43,70.0,98.88
2,22.42,70.0,89.0
2,22.42,94.0,116.7
2,22.42,70.0,102.92
2,22.42,84.2,96.14
2,22.42,83.5,86.75
2,22.42,87.0,97.19
2,22.42,70.0,104.88
2,22.42,70.0,90.55
2,22.42,87.0,99.25
2,22.42,70.0,90.9
2,22.42,70.0,98.88
2,22.42,84.9,95.84
2,22.42,84.2,101.33
2,22.42,85.6,120.23
2,22.42,87.7,109.14
2,22.42,82.8,104.16
2,22.42,82.1,103.23
2,22.42,82.1,116.4
2,22.41,70.0,97.69
2,22.41,70.0,87.69
2,22.41,70.0,91.8
2,22.41,83.5,94.69
2,22.41,85.6,120.98
2,22.41,70.0,87.69
2,22.41,70.0,102.69
2,22.41,110.1,138.12
2,22.41,70.0,99.23
2,22.41,82.1,105.42
2,22.41,70.0,94.25
2,22.41,84.2,94.39
2,22.41,82.8,100.11
2,22.41,70.0,98.88
2,22.41,82.1,96.35
2,22.41,82.1,93.29
2,22.41,70.0,92.61
1,22.4,70.0,101.14
1,22.4,84.2,95.39
1,22.4,70.0,97.69
2,22.4,70.0,82.7
1,22.4,70.0,95.69
2,22.4,86.3,90.55
1,22.4,90.5,120.79
1,22.4,91.9,116.25
1,22.4,70.0,87.9
1,22.4,70.0,82.69
1,22.4,64.5,66.0
1,22.4,83.5,92.75
1,22.4,70.0,80.94
1,22.4,107.7,160.88
1,22.4,70.0,96.19
1,22.4,70.0,99.24
1,22.4,64.5,66.0
1,22.4,70.0,99.19
1,22.4,96.8,139.68
1,22.4,59.5,61.0
2,22.4,83.5,107.5
1,22.4,144.0,195.0
2,22.4,70.0,104.88
1,22.4,83.5,113.44
1,22.4,82.8,91.24
1,22.4,70.0,99.19
1,22.4,68.5,70.0
1,22.4,96.1,121.29
1,22.4,109.1,162.4
1,22.4,70.0,99.19
1,22.4,37.5,39.0
1,22.4,90.5,121.69
2,22.4,70.0,93.44
2,22.4,84.2,99.39
1,22.4,82.8,84.3
2,22.4,104.9,121.28
1,22.4,58.5,60.0
1,22.4,48.5,50.0
1,22.4,123.4,141.09
2,22.4,82.1,94.35
2,22.4,84.9,88.3
1,22.4,70.0,97.09
1,22.4,84.2,104.9
1,22.4,70.0,105.19
1,22.4,66.5,68.0
2,22.4,83.5,103.75
1,22.4,85.6,111.05
2,22.4,70.0,98.88
2,22.4,70.0,98.88
2,22.4,70.0,104.88
1,22.4,70.0,80.94
1,22.4,104.2,119.58
1,22.4,70.0,87.69
1,22.4,57.5,59.0
2,22.4,83.5,104.95
1,22.4,69.5,71.0
1,22.4,91.9,102.09
1,22.4,70.0,90.94
1,22.4,48.5,50.0
2,22.4,70.0,98.88
2,22.4,70.0,95.09
1,22.4,63.5,65.0
1,22.4,58.5,60.0
2,22.4,70.0,99.23
1,22.4,70.0,82.69
1,22.4,93.3,99.05
1,22.4,70.0,99.19
1,22.4,70.0,92.69
2,22.4,70.0,75.75
2,22.4,121.5,142.63
1,22.4,70.0,90.69
1,22.4,70.0,99.19
2,22.4,70.0,109.17
1,22.4,56.5,58.0
1,22.4,60.5,62.0
1,22.4,70.0,100.06
2,22.39,70.0,87.69
2,22.39,70.0,98.88
2,22.39,65.0,80.44
2,22.39,70.0,97.13
2,22.39,89.1,109.29
2,22.39,70.0,97.69
2,22.39,70.0,98.88
2,22.39,70.0,96.39
2,22.39,70.0,94.94
2,22.39,70.0,97.13
2,22.39,70.0,101.18
2,22.39,82.1,94.35
2,22.39,89.1,102.54
2,22.39,83.5,95.44
2,22.39,112.2,129.89
2,22.39,70.0,82.69
2,22.39,94.0,121.76
2,22.39,94.7,131.38
2,22.39,70.0,97.69
2,22.39,87.7,98.89
2,22.39,111.9,169.66
2,22.39,87.0,116.28
2,22.38,70.0,97.69
2,22.38,88.4,92.65
2,22.38,70.0,75.75
2,22.38,98.9,131.23
2,22.38,70.0,80.19
2,22.38,70.0,80.19
2,22.38,85.6,117.6
2,22.38,70.0,99.23
2,22.38,90.5,93.75
2,22.38,70.0,92.69
2,22.38,82.8,92.99
2,22.38,82.1,101.35
2,22.38,82.1,106.25
2,22.38,70.0,82.69
2,22.38,70.0,98.88
2,22.38,70.0,99.23
2,22.38,87.7,90.95
2,22.38,70.0,98.88
2,22.38,90.5,126.8
2,22.38,87.0,134.48
2,22.38,70.0,98.88
2,22.38,105.6,122.98
2,22.37,91.9,119.83
2,22.37,82.1,114.93
2,22.37,70.0,92.69
2,22.37,94.7,111.83
2,22.37,70.0,105.23
2,22.37,70.0,88.8
2,22.37,70.0,94.69
2,22.37,70.0,98.88
2,22.37,83.5,97.94
2,22.37,87.7,98.64
2,22.37,70.0,82.69
2,22.37,70.0,102.92
2,22.37,70.0,104.88
2,22.37,70.0,75.75
2,22.37,70.0,90.55
2,22.37,90.0,112.2
2,22.37,120.0,143.07
2,22.37,82.1,119.45
2,22.37,70.0,109.17
2,22.37,87.7,105.95
2,22.37,70.0,97.13
2,22.36,82.0,110.93
2,22.36,70.0,96.28
2,22.36,70.0,102.92
2,22.36,70.0,104.88
2,22.36,70.0,99.23
2,22.36,70.0,92.69
2,22.36,85.6,98.29
2,22.36,83.5,99.69
2,22.36,70.0,90.55
2,22.36,70.0,85.75
2,22.36,70.0,98.88
2,22.36,70.0,103.36
2,22.36,70.0,100.84
2,22.36,70.0,75.75
2,22.35,70.0,80.94
2,22.35,70.0,104.88
2,22.35,84.2,94.39
2,22.35,88.4,140.66
2,22.35,70.0,98.88
2,22.35,92.6,120.67
2,22.35,86.3,129.77
2,22.35,70.0,98.88
2,22.35,82.8,100.49
2,22.35,70.0,99.23
2,22.35,86.3,115.44
2,22.35,81.4,119.09
2,22.35,81.4,113.53
2,22.35,70.0,87.11
2,22.35,70.0,101.18
2,22.35,70.0,102.92
2,22.35,89.8,99.99
2,22.35,70.0,95.69
2,22.35,70.0,94.53
2,22.35,70.0,79.0
2,22.35,70.0,104.88
2,22.35,81.4,108.78
2,22.35,70.0,87.69
2,22.35,70.0,90.55
2,22.34,70.0,109.17
2,22.34,108.7,113.7
2,22.34,70.0,90.9
2,22.34,70.0,104.88
2,22.34,82.1,102.42
2,22.34,87.7,97.89
2,22.34,70.0,97.57
2,22.34,86.3,97.49
2,22.34,70.0,102.92
2,22.34,87.7,95.95
2,22.34,88.4,127.64
2,22.34,70.0,104.88
2,22.34,87.0,104.13
2,22.34,70.0,87.69
2,22.34,82.1,103.62
2,22.34,70.0,99.23
2,22.34,90.5,112.5
2,22.34,113.3,148.24
2,22.34,70.0,98.88
2,22.34,81.4,101.23
2,22.34,70.0,98.88
2,22.34,70.0,98.88
2,22.34,82.1,100.29
2,22.34,70.0,98.88
2,22.34,104.2,142.3
2,22.34,70.0,82.69
2,22.34,70.0,90.55
2,22.34,99.6,116.73
2,22.34,70.0,87.81
2,22.34,116.1,136.6
2,22.34,70.0,84.94
2,22.34,87.7,97.89
2,22.34,70.0,101.88
2,22.33,70.0,80.94
2,22.33,70.0,104.88
2,22.33,70.0,88.8
2,22.33,125.0,161.58
2,22.33,98.2,150.13
2,22.33,70.0,90.69
2,22.33,70.0,104.88
2,22.33,91.2,133.85
2,22.33,70.0,99.8
2,22.33,70.0,90.99
2,22.33,70.0,98.88
2,22.33,70.0,92.69
2,22.33,70.0,98.88
2,22.33,70.0,98.88
2,22.33,75.0,113.26
2,22.33,70.0,97.13
2,22.33,70.0,98.88
2,22.33,70.0,98.88
2,22.33,81.4,85.65
2,22.33,70.0,99.8
2,22.33,82.8,88.55
2,22.32,70.0,102.92
2,22.32,70.0,82.69
2,22.32,82.1,91.35
2,22.32,70.0,80.94
2,22.32,70.0,90.55
2,22.32,70.0,97.13
2,22.32,70.0,87.69
2,22.32,109.8,149.02
2,22.32,70.0,95.09
2,22.32,70.0,120.94
2,22.32,70.0,98.88
2,22.32,86.3,96.49
2,22.32,70.0,88.0
2,22.32,70.0,91.8
2,22.32,70.0,97.69
2,22.32,84.9,95.09
2,22.32,88.4,104.15
2,22.32,70.0,92.69
2,22.32,70.0,98.88
2,22.32,104.2,150.1
2,22.32,115.7,123.95
2,22.32,70.0,102.92
2,22.32,70.0,97.13
2,22.32,89.1,99.29
2,22.32,70.0,104.88
2,22.32,70.0,87.69
2,22.31,70.0,98.88
2,22.31,81.4,92.59
2,22.31,70.0,98.88
2,22.31,70.0,97.69
2,22.31,70.0,94.69
2,22.31,70.0,103.36
2,22.31,70.0,80.75
2,22.31,70.0,90.96
2,22.31,70.0,105.23
2,22.31,70.0,98.88
2,22.31,70.0,82.69
2,22.31,70.0,82.69
2,22.31,70.0,82.69
2,22.31,70.0,89.69
2,22.31,70.0,98.88
2,22.31,82.1,94.79
2,22.31,84.2,107.33
2,22.31,82.1,99.3
2,22.31,85.0,97.19
2,22.31,82.8,95.49
2,22.31,70.0,109.17
2,22.31,104.9,156.34
2,22.31,70.0,90.55
2,22.31,100.3,111.05
2,22.31,157.7,191.04
2,22.31,70.0,80.19
2,22.31,70.0,98.88
2,22.31,70.0,94.25
2,22.31,87.0,99.69
1,22.3,70.0,99.19
1,22.3,39.5,41.0
2,22.3,87.7,126.42
2,22.3,70.0,87.69
2,22.3,70.0,80.75
2,22.3,70.0,98.88
2,22.3,97.5,105.75
1,22.3,70.0,85.94
1,22.3,70.0,82.69
1,22.3,87.0,95.44
1,22.3,70.0,82.69
1,22.3,65.5,73.94
1,22.3,144.4,177.15
2,22.3,70.0,82.69
1,22.3,70.0,87.69
2,22.3,70.0,87.69
1,22.3,134.6,137.85
1,22.3,70.0,87.69
2,22.3,70.0,109.61
2,22.3,82.8,102.91
1,22.3,92.6,134.59
2,22.3,70.0,99.23
1,22.3,81.4,114.49
2,22.3,70.0,105.23
1,22.3,89.1,99.29
1,22.3,22.5,24.0
2,22.3,127.6,141.85
2,22.3,70.0,104.88
1,22.3,70.0,92.69
2,22.3,70.0,104.88
1,22.3,70.0,92.69
1,22.3,29.5,31.0
2,22.3,70.0,99.23
1,22.3,83.5,94.69
2,22.3,70.0,80.75
1,22.3,62.5,70.94
2,22.3,70.0,98.88
1,22.3,82.8,104.45
1,22.3,70.0,89.63
1,22.3,78.5,80.0
1,22.3,70.0,99.19
2,22.3,70.0,80.75
1,22.3,70.0,82.69
2,22.3,70.0,80.94
1,22.3,52.5,60.94
1,22.3,70.0,87.69
1,22.3,70.0,82.69
1,22.3,82.1,104.45
1,22.3,82.1,93.29
2,22.3,70.0,82.77
2,22.3,94.7,116.83
2,22.3,70.0,98.88
1,22.3,64.5,68.45
1,22.3,70.0,89.0
1,22.3,70.0,99.22
1,22.3,70.0,94.65
1,22.3,102.4,108.9
1,22.3,70.0,103.34
2,22.3,137.4,140.65
1,22.3,70.0,92.69
1,22.3,94.7,120.55
2,22.3,70.0,81.05
1,22.3,70.0,97.09
1,22.3,56.5,58.0
2,22.3,70.0,98.88
1,22.3,70.0,105.19
1,22.3,70.0,105.19
2,22.3,82.1,116.18
1,22.3,70.0,96.69
2,22.3,70.0,98.88
2,22.3,70.0,98.88
2,22.3,83.5,98.61
2,22.3,91.9,109.59
1,22.3,84.9,88.15
2,22.3,110.8,131.18
1,22.3,70.0,92.69
1,22.3,53.5,61.94
1,22.3,98.9,127.15
1,22.3,107.7,141.46
1,22.3,59.5,67.94
1,22.3,91.2,103.89
1,22.3,70.0,95.94
2,22.3,84.2,95.95
1,22.3,70.0,115.8
1,22.3,64.5,72.94
2,22.29,70.0,92.69
2,22.29,70.0,105.23
2,22.29,70.0,80.19
2,22.29,70.0,82.69
2,22.29,70.0,97.69
2,22.29,70.0,98.88
2,22.29,88.4,101.09
2,22.29,83.5,107.75
2,22.29,84.2,107.04
2,22.29,84.9,89.15
2,22.29,88.4,99.59
2,22.29,120.0,135.5
2,22.29,70.0,99.23
2,22.29,78.0,110.55
2,22.29,70.0,92.69
2,22.29,90.5,98.75
2,22.29,70.0,102.92
2,22.29,70.0,82.69
2,22.29,83.5,94.69
2,22.29,83.5,103.2
2,22.29,91.2,99.45
2,22.29,70.0,98.88
2,22.29,113.6,154.2
2,22.28,104.9,144.34
2,22.28,87.0,101.25
2,22.28,81.4,109.56
2,22.28,70.0,89.69
2,22.28,70.0,97.13
2,22.28,70.0,109.61
2,22.28,70.0,95.09
2,22.28,91.2,124.67
2,22.28,70.0,97.13
2,22.28,70.0,92.94
2,22.28,82.8,91.05
2,22.28,70.0,90.69
2,22.28,114.3,140.68
2,22.28,70.0,97.13
2,22.28,70.0,98.88
2,22.28,70.0,107.21
2,22.28,70.0,90.9
2,22.27,70.0,94.69
2,22.27,70.0,99.23
2,22.27,70.0,99.69
2,22.27,112.9,149.84
2,22.27,70.0,102.69
2,22.27,70.0,99.23
2,22.27,82.8,102.91
2,22.27,70.0,104.88
2,22.27,96.8,113.3
2,22.27,70.0,91.69
2,22.27,70.0,83.44
2,22.27,70.0,95.09
2,22.27,70.0,99.23
2,22.27,70.0,113.47
2,22.27,70.0,99.98
2,22.27,117.5,142.57
2,22.27,70.0,80.94
2,22.27,70.0,80.19
2,22.27,70.0,74.0
2,22.27,70.0,96.94
2,22.27,150.0,181.32
2,22.27,70.0,87.69
2,22.27,87.0,99.27
2,22.26,70.0,100.94
2,22.26,109.4,124.59
2,22.26,101.0,153.18
2,22.26,80.0,100.8
2,22.26,84.2,95.14
2,22.26,70.0,90.94
2,22.26,70.0,80.94
2,22.26,104.2,119.95
2,22.26,70.0,105.23
2,22.26,70.0,102.92
2,22.26,70.0,94.8
2,22.26,70.0,92.69
2,22.26,82.8,115.8
2,22.26,70.0,97.69
2,22.26,70.0,82.69
2,22.26,82.1,114.6
2,22.26,70.0,96.69
2,22.26,85.6,102.54
2,22.26,70.0,99.23
2,22.26,70.0,98.88
2,22.26,70.0,98.88
2,22.26,70.0,92.77
2,22.26,70.0,99.23
2,22.26,70.0,97.13
2,22.26,70.0,82.69
2,22.26,82.1,92.29
2,22.26,82.1,105.07
2,22.25,106.3,126.05
2,22.25,70.0,99.23
2,22.25,70.0,96.23
2,22.25,70.0,85.94
2,22.25,93.3,102.55
2,22.25,70.0,98.88
2,22.25,152.8,168.05
2,22.25,104.9,160.98
2,22.25,83.5,96.19
2,22.25,82.1,93.29
2,22.25,70.0,82.69
2,22.25,82.1,85.35
2,22.25,70.0,97.69
2,22.25,81.4,92.65
2,22.25,70.0,98.88
2,22.25,70.0,95.09
2,22.25,70.0,106.97
2,22.24,70.0,98.88
2,22.24,70.0,87.69
2,22.24,70.0,98.88
2,22.24,70.0,98.88
2,22.24,70.0,95.09
2,22.24,70.0,98.88
2,22.24,70.0,84.08
2,22.24,87.0,95.25
2,22.24,70.0,98.88
2,22.24,70.0,97.13
2,22.24,82.8,91.05
2,22.24,70.0,89.75
2,22.24,117.8,122.05
2,22.24,96.1,119.22
2,22.24,70.0,82.69
2,22.24,118.2,144.78
2,22.24,70.0,95.19
2,22.24,93.3,118.86
2,22.24,86.3,96.49
2,22.24,70.0,98.88
2,22.24,158.4,215.62
2,22.24,70.0,94.13
2,22.24,81.4,90.65
2,22.23,87.7,90.95
2,22.23,70.0,82.69
2,22.23,83.5,107.95
2,22.23,70.0,80.94
2,22.23,70.0,98.88
2,22.23,70.0,96.23
2,22.23,70.0,99.23
2,22.23,70.0,87.69
2,22.23,70.0,94.69
2,22.23,70.0,102.92
2,22.23,70.0,98.88
2,22.23,70.0,95.09
2,22.23,70.0,90.0
2,22.23,138.1,179.15
2,22.23,70.0,87.69
2,22.23,70.0,95.19
2,22.23,70.0,104.88
2,22.23,70.0,99.8
2,22.23,132.5,136.75
2,22.23,70.0,87.69
2,22.23,70.0,103.36
2,22.23,70.0,98.88
2,22.22,70.0,82.69
2,22.22,83.5,104.95
2,22.22,70.0,106.97
2,22.22,107.3,127.93
2,22.22,82.8,97.05
2,22.22,89.8,106.16
2,22.22,125.0,176.93
2,22.22,70.0,80.19
2,22.22,70.0,98.88
2,22.22,70.0,90.55
2,22.22,83.5,106.63
2,22.22,70.0,106.97
2,22.22,89.1,121.25
2,22.22,103.1,123.73
2,22.22,129.7,137.95
2,22.22,92.6,125.45
2,22.22,70.0,82.69
2,22.22,70.0,87.69
2,22.22,89.1,116.47
2,22.22,70.0,80.19
2,22.22,70.0,97.13
2,22.21,70.0,98.88
2,22.21,104.9,151.98
2,22.21,70.0,97.13
2,22.21,70.0,90.75
2,22.21,70.0,80.94
2,22.21,70.0,98.88
2,22.21,94.7,109.89
2,22.21,70.0,98.88
2,22.21,70.0,94.69
2,22.21,87.7,107.95
2,22.21,80.7,98.83
2,22.21,70.0,75.75
2,22.21,70.0,80.19
2,22.21,80.7,100.39
2,22.21,70.0,98.88
2,22.21,70.0,92.69
2,22.21,70.0,100.84
2,22.21,70.0,104.88
2,22.21,106.3,150.01
2,22.21,70.0,92.69
2,22.2,70.0,99.23
1,22.2,70.0,103.09
1,22.2,70.0,80.19
1,22.2,70.0,105.19
1,22.2,70.0,87.19
1,22.2,64.5,66.0
1,22.2,70.0,90.96
1,22.2,102.1,125.85
1,22.2,83.5,113.0
2,22.2,80.7,94.95
2,22.2,70.0,90.9
1,22.2,62.5,64.0
2,22.2,70.0,103.36
1,22.2,89.1,110.8
1,22.2,70.0,82.69
1,22.2,70.0,107.53
1,22.2,112.2,117.2
1,22.2,80.7,96.95
1,22.2,63.5,65.0
2,22.2,130.0,131.0
1,22.2,68.5,70.0
1,22.2,90.5,104.19
1,22.2,70.0,99.19
1,22.2,70.0,105.19
2,22.2,85.6,112.31
1,22.2,70.0,98.83
1,22.2,70.0,93.83
2,22.2,81.4,92.59
1,22.2,129.7,137.95
1,22.2,82.8,95.49
1,22.2,80.7,110.14
1,22.2,87.7,97.89
1,22.2,89.8,111.65
1,22.2,70.0,98.0
1,22.2,70.0,83.14
1,22.2,70.0,99.19
1,22.2,70.0,100.0
1,22.2,70.0,79.0
1,22.2,70.0,82.69
1,22.2,84.2,92.64
1,22.2,70.0,80.19
1,22.2,84.2,96.89
2,22.2,70.0,92.69
2,22.2,123.4,129.15
2,22.2,140.0,171.3
1,22.2,70.0,92.69
2,22.2,70.0,80.94
1,22.2,101.4,128.78
1,22.2,150.0,166.0
2,22.2,81.4,84.65
1,22.2,81.4,111.09
2,22.2,150.7,183.46
1,22.2,18.5,20.0
1,22.2,70.0,87.69
2,22.2,103.8,135.81
1,22.2,70.0,93.08
1,22.2,68.5,70.0
2,22.2,84.9,97.59
1,22.2,67.5,81.14
1,22.2,70.0,80.94
1,22.2,87.0,95.0
1,22.2,51.5,53.0
1,22.2,87.7,102.7
1,22.2,70.0,99.19
1,22.2,80.7,83.95
1,22.2,45.5,53.94
1,22.2,98.9,109.84
1,22.2,70.5,72.0
1,22.2,95.4,108.09
2,22.2,70.0,97.13
1,22.2,70.0,90.94
1,22.2,40.5,42.0
1,22.2,70.0,109.59
1,22.2,62.5,64.0
2,22.2,70.0,98.88
1,22.2,70.0,80.94
1,22.2,105.2,136.4
1,22.2,82.8,92.05
1,22.2,116.1,169.37
1,22.2,87.0,88.5
1,22.2,62.5,64.0
2,22.2,70.0,87.69
2,22.2,89.8,99.99
1,22.2,81.4,85.65
1,22.2,94.7,132.04
2,22.2,70.0,99.23
2,22.2,70.0,99.23
2,22.2,80.7,86.45
2,22.2,70.0,97.13
1,22.2,70.0,82.69
1,22.2,98.2,108.39
2,22.19,84.9,95.09
2,22.19,95.4,106.59
2,22.19,70.0,85.75
2,22.19,70.0,95.88
2,22.19,84.9,98.0
2,22.19,70.0,97.13
2,22.19,70.0,80.19
2,22.19,106.6,137.47
2,22.19,70.0,97.69
2,22.19,85.6,95.79
2,22.19,70.0,80.19
2,22.19,70.0,102.69
2,22.19,95.4,128.81
2,22.19,118.5,156.53
2,22.19,80.7,88.95
2,22.19,70.0,82.69
2,22.19,147.2,199.7
2,22.19,87.7,107.47
2,22.19,70.0,107.5
2,22.19,83.5,93.69
2,22.19,70.0,82.69
2,22.19,82.8,112.44
2,22.19,87.0,119.28
2,22.19,70.0,90.19
2,22.18,70.0,92.69
2,22.18,70.0,102.69
2,22.18,70.0,80.94
2,22.18,70.0,99.23
2,22.18,70.0,87.69
2,22.18,70.0,90.55
2,22.18,70.0,82.69
2,22.18,70.0,82.69
2,22.18,70.0,102.92
2,22.18,70.0,98.88
2,22.18,70.0,80.94
2,22.18,70.0,92.69
2,22.18,82.1,91.35
2,22.18,70.0,101.25
2,22.18,70.0,80.94
2,22.18,70.0,97.13
2,22.18,70.0,84.69
2,22.18,70.0,92.69
2,22.18,96.1,131.43
2,22.18,86.3,111.5
2,22.18,102.1,130.0
2,22.18,70.0,75.75
2,22.18,89.8,131.24
2,22.18,70.0,99.23
2,22.18,70.0,85.19
2,22.18,88.4,98.59
2,22.18,70.0,99.23
2,22.17,70.0,83.33
2,22.17,80.7,91.89
2,22.17,70.0,98.88
2,22.17,90.5,100.69
2,22.17,70.0,87.69
2,22.17,70.0,82.69
2,22.17,70.0,92.69
2,22.17,70.0,105.23
2,22.17,70.0,97.13
2,22.17,92.6,117.67
2,22.17,70.0,102.92
2,22.17,82.1,113.75
2,22.17,70.0,95.09
2,22.17,70.0,80.75
2,22.17,70.0,91.69
2,22.17,70.0,92.69
2,22.17,83.5,93.69
2,22.17,70.0,86.82
2,22.17,70.0,88.8
2,22.17,96.8,131.04
2,22.17,70.0,90.55
2,22.17,87.7,98.64
2,22.17,70.0,97.13
2,22.17,110.5,158.26
2,22.17,70.0,80.19
2,22.17,84.9,98.15
2,22.17,70.0,100.84
2,22.17,81.4,107.65
2,22.17,70.0,80.94
2,22.17,70.0,89.69
2,22.17,82.1,109.27
2,22.17,118.9,175.54
2,22.17,70.0,97.13
2,22.17,70.0,98.88
2,22.16,70.0,88.75
2,22.16,108.4,152.58
2,22.16,70.0,97.13
2,22.16,70.0,98.88
2,22.16,70.0,90.55
2,22.16,70.0,90.69
2,22.16,70.0,90.9
2,22.16,70.0,99.23
2,22.16,110.0,138.85
2,22.16,87.0,91.25
2,22.16,70.0,104.88
2,22.16,82.1,93.29
2,22.16,87.7,126.24
2,22.16,70.0,87.69
2,22.16,83.5,94.25
2,22.16,70.0,90.55
2,22.16,128.3,170.09
2,22.16,70.0,105.23
2,22.16,70.0,90.55
2,22.16,84.2,97.45
2,22.16,70.0,98.88
2,22.16,70.0,82.69
2,22.16,70.0,92.69
2,22.16,70.0,99.23
2,22.16,70.0,97.13
2,22.16,70.0,82.69
2,22.15,70.0,103.13
2,22.15,80.7,89.95
2,22.15,70.0,98.88
2,22.15,90.5,115.15
2,22.15,114.0,168.46
2,22.15,104.9,149.23
2,22.15,104.2,155.02
2,22.15,70.0,87.69
2,22.15,70.0,97.13
2,22.15,70.0,82.69
2,22.15,70.0,94.25
2,22.15,104.9,152.93
2,22.15,70.0,90.94
2,22.15,84.2,94.39
2,22.15,70.0,104.88
2,22.15,80.7,84.95
2,22.15,70.0,102.69
2,22.15,92.6,124.25
2,22.15,130.4,139.65
2,22.15,81.4,84.65
2,22.14,114.3,132.18
2,22.14,70.0,98.88
2,22.14,70.0,87.69
2,22.14,70.0,97.13
2,22.14,70.0,87.69
2,22.14,70.0,109.61
2,22.14,70.0,104.88
2,22.14,70.0,75.75
2,22.14,81.4,90.65
2,22.14,70.0,92.69
2,22.14,70.0,97.13
2,22.14,70.0,99.23
2,22.14,70.0,94.25
2,22.14,70.0,90.55
2,22.14,70.0,102.77
2,22.14,85.6,93.85
2,22.14,70.0,95.88
2,22.14,70.0,85.19
2,22.14,101.7,107.45
2,22.14,70.0,90.94
2,22.14,70.0,82.69
2,22.14,70.0,95.88
2,22.14,119.2,152.59
2,22.14,70.0,82.69
2,22.14,70.0,76.75
2,22.14,70.0,97.69
2,22.14,70.0,98.88
2,22.14,99.6,127.32
2,22.14,70.0,95.88
2,22.14,81.4,97.65
2,22.14,70.0,87.69
2,22.13,110.1,123.54
2,22.13,81.4,102.43
2,22.13,70.0,85.75
2,22.13,83.5,103.75
2,22.13,86.3,115.79
2,22.13,70.0,99.23
2,22.13,70.0,92.69
2,22.13,70.0,104.88
2,22.13,91.2,102.39
2,22.13,70.0,98.88
2,22.13,70.0,102.92
2,22.13,81.4,92.34
2,22.13,70.0,90.9
2,22.13,70.0,97.69
2,22.13,84.9,108.35
2,22.13,83.5,114.53
2,22.13,70.0,91.27
2,22.13,70.0,95.0
2,22.12,70.0,83.44
2,22.12,102.1,130.1
2,22.12,86.3,111.31
2,22.12,70.0,105.23
2,22.12,70.0,103.13
2,22.12,84.2,95.39
2,22.12,70.0,103.13
2,22.12,70.0,92.69
2,22.12,80.7,97.89
2,22.12,120.0,133.75
2,22.12,70.0,103.36
2,22.12,82.8,111.59
2,22.12,70.0,105.23
2,22.12,70.0,92.69
2,22.12,70.0,109.61
2,22.12,70.0,98.88
2,22.12,132.5,136.75
2,22.12,106.3,135.68
2,22.12,70.0,113.47
2,22.12,104.9,142.08
2,22.12,70.0,105.23
2,22.12,70.0,82.69
2,22.12,83.5,100.25
2,22.12,70.0,98.88
2,22.12,70.0,90.94
2,22.12,70.0,84.0
2,22.12,108.0,158.48
2,22.11,70.0,92.69
2,22.11,87.0,118.73
2,22.11,86.3,108.66
2,22.11,70.0,106.05
2,22.11,70.0,105.23
2,22.11,70.0,82.69
2,22.11,81.4,102.43
2,22.11,70.0,82.69
2,22.11,70.0,99.8
2,22.11,70.0,80.94
2,22.11,111.9,138.45
2,22.11,90.5,93.75
2,22.11,81.4,92.59
2,22.11,124.0,160.08
2,22.11,85.6,104.48
2,22.11,70.0,95.88
2,22.11,91.2,106.39
2,22.11,104.9,121.28
2,22.11,84.2,104.59
2,22.11,70.0,82.69
2,22.11,81.4,87.15
2,22.11,70.0,104.88
2,22.11,70.0,98.88
1,22.1,137.4,168.75
1,22.1,141.75,157.5
1,22.1,70.0,82.69
1,22.1,102.8,129.8
1,22.1,81.4,91.59
1,22.1,70.0,102.19
1,22.1,70.0,80.94
1,22.1,70.0,105.19
1,22.1,70.0,97.69
2,22.1,70.0,104.88
1,22.1,70.0,82.69
1,22.1,70.0,90.69
1,22.1,70.0,97.69
1,22.1,80.7,101.9
1,22.1,82.1,93.29
1,22.1,89.1,124.6
1,22.1,70.0,98.94
1,22.1,82.1,107.9
1,22.1,70.0,97.69
1,22.1,80.7,97.2
2,22.1,70.0,93.75
1,22.1,70.0,92.94
1,22.1,41.5,43.0
1,22.1,70.0,80.19
2,22.1,70.0,90.9
2,22.1,70.0,107.56
1,22.1,94.7,120.45
1,22.1,70.0,85.94
1,22.1,94.0,143.29
2,22.1,70.0,92.5
1,22.1,97.5,120.9
1,22.1,70.0,99.19
2,22.1,70.0,102.92
1,22.1,70.0,87.69
1,22.1,85.6,97.54
1,22.1,70.0,96.19
2,22.1,83.5,127.57
2,22.1,70.0,103.13
1,22.1,51.5,53.0
2,22.1,89.1,99.85
1,22.1,150.0,167.75
1,22.1,121.5,166.8
2,22.1,70.0,97.13
2,22.1,70.0,87.69
1,22.1,70.0,90.9
1,22.1,70.0,76.5
2,22.1,70.0,99.8
2,22.1,70.0,98.88
2,22.1,84.2,93.45
2,22.1,70.0,80.19
1,22.1,70.0,103.19
1,22.1,91.9,117.09
2,22.1,70.0,98.88
2,22.1,70.0,96.69
1,22.1,57.5,65.94
1,22.1,28.5,30.0
2,22.1,108.0,127.25
1,22.1,70.0,92.69
1,22.1,80.7,101.95
1,22.1,82.8,92.99
2,22.1,70.0,97.13
2,22.1,70.0,80.94
1,22.1,70.0,97.69
2,22.1,70.0,85.19
2,22.1,97.5,110.94
1,22.1,84.9,105.8
2,22.1,70.0,97.69
1,22.1,70.0,99.19
2,22.1,70.0,90.65
1,22.1,59.5,61.0
1,22.1,70.0,99.19
1,22.1,70.0,92.69
2,22.1,104.9,161.6
1,22.1,64.5,72.94
1,22.1,70.0,99.19
2,22.1,86.3,108.36
1,22.1,80.7,110.24
1,22.1,94.7,103.14
1,22.1,63.5,65.0
2,22.1,70.0,104.88
1,22.1,70.0,92.69
1,22.1,104.2,154.7
1,22.1,70.0,92.69
1,22.1,70.0,105.19
1,22.1,43.5,51.94
1,22.1,124.1,134.85
1,22.1,33.5,41.94
1,22.1,70.0,99.24
2,22.09,89.1,115.04
2,22.09,70.0,105.23
2,22.09,70.0,109.17
2,22.09,70.0,97.69
2,22.09,81.4,102.43
2,22.09,82.8,86.05
2,22.09,88.4,98.59
2,22.09,103.5,132.88
2,22.09,70.0,98.88
2,22.09,70.0,94.69
2,22.09,70.0,95.09
2,22.09,70.0,92.69
2,22.09,70.0,97.13
2,22.09,70.0,90.69
2,22.09,70.0,85.75
2,22.09,70.0,109.17
2,22.09,70.0,99.23
2,22.09,70.0,98.88
2,22.09,81.4,91.59
2,22.09,86.3,111.5
2,22.09,70.0,98.88
2,22.09,70.0,102.77
2,22.09,70.0,99.23
2,22.09,70.0,95.94
2,22.09,140.0,156.13
2,22.09,70.0,98.88
2,22.09,70.0,98.88
2,22.09,70.0,85.75
2,22.09,129.0,173.81
2,22.09,86.3,110.99
2,22.09,113.6,145.87
2,22.09,80.7,90.89
2,22.09,91.2,106.39
2,22.08,70.0,92.69
2,22.08,70.0,90.55
2,22.08,70.0,87.69
2,22.08,70.0,102.92
2,22.08,70.0,97.13
2,22.08,70.0,102.92
2,22.08,70.0,97.57
2,22.08,70.0,96.23
2,22.08,129.0,133.25
2,22.08,70.0,82.69
2,22.08,82.1,87.85
2,22.08,70.0,99.23
2,22.08,84.2,100.45
2,22.08,115.7,151.39
2,22.08,70.0,96.46
2,22.08,70.0,80.19
2,22.08,70.0,94.25
2,22.08,70.0,104.88
2,22.08,92.6,102.79
2,22.08,70.0,99.23
2,22.08,70.0,98.88
2,22.08,86.3,121.49
2,22.08,119.9,148.98
2,22.07,70.0,90.55
2,22.07,70.0,99.23
2,22.07,70.0,98.88
2,22.07,70.0,92.69
2,22.07,70.0,86.69
2,22.07,70.0,82.69
2,22.07,82.1,107.94
2,22.07,70.0,90.55
2,22.07,70.0,102.92
2,22.07,70.0,87.69
2,22.07,89.8,119.64
2,22.07,70.0,90.96
2,22.07,70.0,99.23
2,22.07,70.0,95.88
2,22.07,70.0,99.23
2,22.07,80.7,101.59
2,22.07,70.0,98.88
2,22.07,84.2,104.94
2,22.07,70.0,84.0
2,22.07,70.0,98.88
2,22.07,70.0,100.84
2,22.07,70.0,98.88
2,22.07,70.0,99.23
2,22.07,70.0,99.23
2,22.06,70.0,98.88
2,22.06,83.5,104.95
2,22.06,70.0,98.88
2,22.06,70.0,103.13
2,22.06,70.0,90.9
2,22.06,70.0,98.88
2,22.06,70.0,98.88
2,22.06,80.0,102.55
2,22.06,70.0,90.55
2,22.06,70.0,98.88
2,22.06,85.6,132.1
2,22.06,70.0,98.88
2,22.06,70.0,95.88
2,22.06,70.0,107.42
2,22.06,70.0,102.92
2,22.06,98.2,206.44
2,22.06,192.0,232.07
2,22.06,80.0,90.75
2,22.06,105.6,121.98
2,22.06,70.0,99.23
2,22.05,81.4,101.58
2,22.05,70.0,98.88
2,22.05,70.0,104.88
2,22.05,70.0,87.69
2,22.05,103.1,141.95
2,22.05,196.0,244.73
2,22.05,70.0,87.69
2,22.05,70.0,90.96
2,22.05,109.1,133.35
2,22.05,70.0,86.69
2,22.05,80.7,116.89
2,22.05,70.0,101.17
2,22.05,70.0,92.69
2,22.05,70.0,84.69
2,22.05,102.4,120.65
2,22.05,88.4,101.84
2,22.05,70.0,100.69
2,22.05,70.0,92.94
2,22.05,70.0,82.69
2,22.05,70.0,82.69
2,22.05,87.7,99.64
2,22.05,133.9,164.23
2,22.04,83.5,107.95
2,22.04,81.4,95.65
2,22.04,70.0,90.9
2,22.04,70.0,80.94
2,22.04,100.7,111.45
2,22.04,89.8,117.49
2,22.04,87.7,132.65
2,22.04,92.6,120.67
2,22.04,70.0,99.23
2,22.04,80.7,91.89
2,22.04,70.0,74.0
2,22.04,70.0,113.47
2,22.04,70.0,102.92
2,22.04,70.0,91.8
2,22.04,70.0,85.94
2,22.04,70.0,104.88
2,22.04,70.0,98.88
2,22.04,70.0,98.88
2,22.04,70.0,93.08
2,22.04,86.3,110.93
2,22.04,70.0,99.8
2,22.04,82.1,107.5
2,22.04,104.5,130.5
2,22.04,70.0,87.69
2,22.04,70.0,98.88
2,22.04,86.0,96.94
2,22.04,81.4,109.56
2,22.04,84.2,94.39
2,22.04,105.6,152.47
2,22.04,70.0,85.75
2,22.04,70.0,95.88
2,22.04,70.0,97.57
2,22.04,70.0,98.88
2,22.04,70.0,90.9
2,22.03,133.9,142.15
2,22.03,70.0,95.88
2,22.03,70.0,101.88
2,22.03,70.0,84.69
2,22.03,70.0,90.69
2,22.03,81.4,102.43
2,22.03,82.8,99.05
2,22.03,70.0,106.97
2,22.03,70.0,96.23
2,22.03,70.0,90.89
2,22.03,70.0,82.69
2,22.03,70.0,82.69
2,22.03,70.0,98.88
2,22.03,84.2,95.95
2,22.03,84.9,95.09
2,22.03,70.0,82.69
2,22.03,70.0,100.0
2,22.03,70.0,97.69
2,22.03,70.0,75.75
2,22.03,70.0,93.69
2,22.03,70.0,98.88
2,22.03,114.0,136.38
2,22.03,80.0,96.25
2,22.03,70.0,99.23
2,22.03,70.0,99.23
2,22.03,134.6,157.98
2,22.02,82.1,93.29
2,22.02,70.0,95.88
2,22.02,70.0,99.23
2,22.02,70.0,87.75
2,22.02,70.0,80.94
2,22.02,70.0,92.69
2,22.02,70.0,100.2
2,22.02,70.0,87.69
2,22.02,91.9,105.15
2,22.02,70.0,83.69
2,22.02,70.0,102.92
2,22.02,70.0,98.88
2,22.02,70.0,94.19
2,22.02,95.4,128.81
2,22.02,70.0,97.13
2,22.02,70.0,82.69
2,22.02,70.0,99.23
2,22.02,106.3,145.68
2,22.02,70.0,94.25
2,22.02,70.0,102.69
2,22.02,70.0,105.23
2,22.02,82.1,113.4
2,22.02,70.0,82.69
2,22.02,80.7,91.89
2,22.02,70.0,85.19
2,22.02,70.0,92.69
2,22.02,70.0,80.19
2,22.02,70.0,97.69
2,22.02,70.0,98.88
2,22.02,70.0,98.88
2,22.02,82.8,100.99
2,22.02,70.0,98.88
2,22.02,70.0,93.19
2,22.02,70.0,105.23
2,22.01,82.1,105.07
2,22.01,81.4,92.59
2,22.01,70.0,82.69
2,22.01,70.0,102.92
2,22.01,70.0,105.23
2,22.01,83.5,100.0
2,22.01,150.0,197.42
2,22.01,70.0,82.69
2,22.01,70.0,98.88
2,22.01,70.0,103.13
2,22.01,70.0,87.69
2,22.01,70.0,102.23
2,22.01,70.0,109.17
2,22.01,70.0,82.69
2,22.01,70.0,102.93
2,22.01,102.1,144.7
2,22.01,70.0,98.88
2,22.01,70.0,80.19
2,22.01,70.0,97.64
2,22.01,70.0,104.88
2,22.01,83.5,95.46
2,22.01,70.0,99.23
2,22.01,70.0,104.88
2,22.01,88.4,116.15
2,22.01,80.7,94.95
2,22.01,70.0,98.88
2,22.01,70.0,99.23
2,22.01,81.4,90.65
2,22.01,70.0,105.23
2,22.01,70.0,85.75
2,22.01,70.0,98.88
2,22.01,70.0,99.23
2,22.01,70.0,97.69
2,22.01,96.1,128.4
1,22.0,70.0,87.11
2,22.0,83.5,101.75
2,22.0,70.0,99.8
1,22.0,70.0,82.69
1,22.0,87.7,97.89
1,22.0,70.0,109.59
1,22.0,81.4,89.65
1,22.0,40.5,42.0
1,22.0,70.0,99.24
2,22.0,160.0,162.75
1,22.0,70.0,103.34
1,22.0,70.0,99.23
1,22.0,70.0,80.94
1,22.0,84.9,111.1
1,22.0,70.0,99.19
1,22.0,84.9,93.15
1,22.0,87.7,113.65
1,22.0,82.1,92.29
1,22.0,59.5,61.0
1,22.0,131.8,163.25
1,22.0,107.7,151.58
1,22.0,87.7,129.54
1,22.0,70.0,92.22
1,22.0,67.5,75.94
2,22.0,82.1,96.35
2,22.0,104.2,151.74
1,22.0,70.0,80.19
1,22.0,70.0,99.23
1,22.0,70.0,105.19
1,22.0,101.4,126.67
1,22.0,70.0,92.69
1,22.0,70.0,99.19
1,22.0,50.5,52.0
1,22.0,94.0,116.0
1,22.0,70.0,82.69
1,22.0,70.0,87.69
1,22.0,70.0,97.69
1,22.0,70.0,92.69
1,22.0,72.5,74.0
1,22.0,81.4,110.0
1,22.0,107.7,165.8
1,22.0,87.0,108.3
1,22.0,108.4,149.73
2,22.0,70.0,87.69
1,22.0,70.0,97.09
1,22.0,67.5,69.0
1,22.0,57.5,59.0
1,22.0,70.0,82.69
1,22.0,70.0,103.34
1,22.0,70.0,85.94
1,22.0,70.0,87.69
2,22.0,70.0,102.92
2,22.0,82.8,95.75
1,22.0,70.0,99.19
2,22.0,86.3,96.49
2,22.0,81.4,115.56
1,22.0,119.2,147.45
1,22.0,70.0,101.14
1,22.0,70.0,90.9
1,22.0,70.0,82.69
1,22.0,89.1,116.8
1,22.0,63.5,67.6
1,22.0,89.1,110.04
1,22.0,70.0,82.69
1,22.0,44.5,46.0
2,22.0,70.0,102.92
1,22.0,70.0,85.0
1,22.0,70.0,99.19
1,22.0,70.0,92.69
1,22.0,70.0,94.69
1,22.0,61.5,69.94
1,22.0,70.0,97.09
1,22.0,101.4,143.4
1,22.0,70.0,88.8
1,22.0,59.5,67.94
1,22.0,89.8,99.05
1,22.0,84.2,106.39
1,22.0,59.5,67.94
1,22.0,70.0,82.69
1,22.0,48.5,56.94
1,22.0,80.0,89.25
2,22.0,70.0,98.88
2,22.0,70.0,98.88
1,22.0,100.7,126.98
1,22.0,70.0,94.69
1,22.0,70.0,94.69
2,22.0,94.7,102.95
1,22.0,70.0,82.69
1,22.0,70.0,99.19
2,22.0,70.0,99.23
1,22.0,54.5,56.0
1,22.0,70.5,78.94
1,22.0,70.0,105.19
1,22.0,53.5,55.0
1,22.0,83.5,86.75
1,22.0,68.1,84.04
1,22.0,110.0,111.0
2,22.0,107.3,152.67
1,22.0,70.0,113.99
1,22.0,160.0,222.07
1,22.0,91.2,113.3
1,22.0,70.0,97.69
1,22.0,54.5,69.88
2,22.0,70.0,82.69
1,22.0,70.0,92.69
2,22.0,104.2,119.58
2,22.0,70.0,105.23
2,21.99,70.0,90.94
2,21.99,70.0,87.69
2,21.99,84.2,115.92
2,21.99,70.0,90.69
2,21.99,80.7,101.94
2,21.99,70.0,104.88
2,21.99,105.6,120.35
2,21.99,87.7,90.95
2,21.99,93.3,124.51
2,21.99,70.0,98.88
2,21.99,82.1,106.25
2,21.99,84.9,116.76
2,21.99,70.0,98.88
2,21.99,70.0,95.88
2,21.99,70.0,99.23
2,21.99,70.0,97.13
2,21.99,70.0,82.69
2,21.99,105.6,152.97
2,21.99,70.0,104.88
2,21.99,85.6,107.77
2,21.99,70.0,92.69
2,21.99,70.0,97.13
2,21.99,70.0,82.69
2,21.99,70.0,97.13
2,21.99,81.4,110.76
2,21.98,70.0,80.94
2,21.98,70.0,87.75
2,21.98,70.0,104.88
2,21.98,82.8,97.05
2,21.98,70.0,97.13
2,21.98,91.2,96.95
2,21.98,129.0,133.25
2,21.98,70.0,103.13
2,21.98,70.0,95.09
2,21.98,99.6,112.29
2,21.98,70.0,97.13
2,21.98,129.0,132.25
2,21.98,70.0,105.23
2,21.98,87.7,95.95
2,21.98,70.0,98.88
2,21.98,70.0,89.03
2,21.98,70.0,89.69
2,21.98,83.5,129.76
2,21.98,81.4,92.59
2,21.98,70.0,90.9
2,21.98,70.0,96.69
2,21.98,70.0,92.69
2,21.98,70.0,107.5
2,21.98,98.2,133.27
2,21.98,70.0,82.69
2,21.98,70.0,98.88
2,21.98,70.0,99.23
2,21.98,84.9,88.9
2,21.98,87.0,119.28
2,21.98,81.4,91.59
2,21.98,70.0,98.88
2,21.98,102.4,110.65
2,21.98,70.0,92.69
2,21.98,70.0,98.88
2,21.98,104.2,125.58
2,21.98,70.0,99.23
2,21.98,70.0,98.88
2,21.97,70.0,82.69
2,21.97,70.0,82.77
2,21.97,70.0,98.88
2,21.97,70.0,85.8
2,21.97,82.8,88.55
2,21.97,70.0,98.88
2,21.97,70.0,101.69
2,21.97,70.0,97.13
2,21.97,87.7,95.95
2,21.97,70.0,99.23
2,21.97,70.0,104.88
2,21.97,70.0,94.8
2,21.97,70.0,109.61
2,21.97,82.1,107.5
2,21.97,70.0,104.88
2,21.97,80.7,101.59
2,21.97,92.6,120.67
2,21.97,70.0,82.69
2,21.97,70.0,82.69
2,21.97,70.0,98.88
2,21.97,85.6,98.29
2,21.97,70.0,97.69
2,21.97,70.0,88.94
2,21.97,96.1,119.42
2,21.97,70.0,104.69
2,21.97,70.0,87.69
2,21.97,70.0,98.88
2,21.97,70.0,97.13
2,21.97,70.0,83.25
2,21.97,82.8,101.05
2,21.97,108.4,156.79
2,21.97,70.0,92.69
2,21.97,70.0,98.88
2,21.96,70.0,92.69
2,21.96,70.0,95.19
2,21.96,86.3,99.99
2,21.96,70.0,82.69
2,21.96,70.0,99.23
2,21.96,70.0,80.19
2,21.96,70.0,87.69
2,21.96,70.0,95.88
2,21.96,70.0,90.55
2,21.96,70.0,105.23
2,21.96,82.8,111.24
2,21.96,86.3,107.11
2,21.96,133.9,148.15
2,21.96,70.0,104.88
2,21.96,83.5,113.28
2,21.96,70.0,97.69
2,21.96,70.0,99.23
2,21.96,98.9,143.09
2,21.96,89.1,99.29
2,21.96,70.0,99.23
2,21.96,70.0,107.33
2,21.96,70.0,80.94
2,21.96,70.0,104.88
2,21.96,70.0,98.88
2,21.96,70.0,92.69
2,21.96,86.3,105.18
2,21.95,70.0,100.99
2,21.95,70.0,80.94
2,21.95,185.0,250.98
2,21.95,70.0,97.13
2,21.95,70.0,82.75
2,21.95,80.0,95.75
2,21.95,70.0,95.69
2,21.95,70.0,105.23
2,21.95,70.0,98.88
2,21.95,70.0,83.75
2,21.95,70.0,97.13
2,21.95,70.0,84.69
2,21.95,70.0,104.88
2,21.95,83.5,89.25
2,21.95,83.5,86.75
2,21.95,102.8,157.56
2,21.95,70.0,90.9
2,21.95,70.0,85.19
2,21.95,70.0,98.88
2,21.95,70.0,82.69
2,21.95,70.0,86.69
2,21.95,70.0,92.69
2,21.95,87.0,91.0
2,21.95,70.0,98.88
2,21.95,70.0,104.88
2,21.95,70.0,97.13
2,21.95,89.1,120.05
2,21.95,70.0,94.25
2,21.94,70.0,95.88
2,21.94,70.0,102.69
2,21.94,70.0,98.88
2,21.94,96.1,109.35
2,21.94,70.0,80.75
2,21.94,70.0,102.92
2,21.94,70.0,80.0
2,21.94,70.0,92.69
2,21.94,70.0,98.88
2,21.94,70.0,98.88
2,21.94,88.4,101.09
2,21.94,92.6,105.43
2,21.94,70.0,90.19
2,21.94,94.0,107.0
2,21.94,86.3,107.46
2,21.94,70.0,87.69
2,21.94,82.1,111.6
2,21.94,70.0,88.21
2,21.94,70.0,80.94
2,21.94,70.0,87.69
2,21.94,84.9,97.59
2,21.94,70.0,99.23
2,21.94,70.0,87.69
2,21.94,81.4,101.23
2,21.94,70.0,104.88
2,21.94,81.4,92.59
2,21.94,84.9,105.78
2,21.94,70.0,104.88
2,21.94,70.0,104.88
2,21.94,70.0,88.8
2,21.94,87.0,91.25
2,21.94,70.0,94.69
2,21.94,70.0,99.23
2,21.94,70.0,92.69
2,21.94,70.0,96.04
2,21.94,70.0,87.69
2,21.93,80.7,91.89
2,21.93,70.0,95.09
2,21.93,70.0,97.13
2,21.93,70.0,92.69
2,21.93,80.7,110.27
2,21.93,70.0,87.69
2,21.93,70.0,99.23
2,21.93,70.0,97.13
2,21.93,70.0,98.88
2,21.93,93.3,146.74
2,21.93,82.1,103.27
2,21.93,70.0,90.55
2,21.93,70.0,98.88
2,21.93,70.0,79.0
2,21.93,70.0,97.69
2,21.93,87.7,101.39
2,21.93,105.6,126.2
2,21.93,70.0,104.88
2,21.93,70.0,90.96
2,21.93,86.3,92.05
2,21.93,70.0,97.69
2,21.93,81.4,92.34
2,21.93,70.0,95.88
2,21.93,90.5,93.75
2,21.93,105.6,151.44
2,21.93,70.0,99.23
2,21.93,70.0,104.88
2,21.93,70.0,99.23
2,21.93,70.0,109.17
2,21.93,146.5,179.35
2,21.93,70.0,99.23
2,21.92,70.0,87.69
2,21.92,70.0,88.8
2,21.92,70.0,95.88
2,21.92,82.1,103.32
2,21.92,92.6,97.6
2,21.92,70.0,92.5
2,21.92,84.9,109.98
2,21.92,70.0,92.69
2,21.92,70.0,99.23
2,21.92,70.0,98.88
2,21.92,70.0,105.23
2,21.92,80.7,91.89
2,21.92,150.0,192.5
2,21.92,70.0,82.69
2,21.92,113.3,158.62
2,21.92,70.0,98.88
2,21.92,70.0,92.69
2,21.92,84.2,104.2
2,21.92,80.0,81.5
2,21.92,70.0,92.69
2,21.92,81.4,106.63
2,21.92,91.9,102.09
2,21.92,70.0,102.92
2,21.92,82.1,103.62
2,21.92,96.1,120.73
2,21.92,70.0,97.13
2,21.92,70.0,98.88
2,21.92,70.0,92.69
2,21.92,70.0,80.94
2,21.91,70.0,82.69
2,21.91,70.0,98.88
2,21.91,98.2,128.58
2,21.91,114.3,147.91
2,21.91,81.4,85.65
2,21.91,70.0,104.88
2,21.91,70.0,96.23
2,21.91,70.0,90.75
2,21.91,70.0,90.55
2,21.91,70.0,98.88
2,21.91,117.8,144.36
2,21.91,70.0,90.9
2,21.91,70.0,104.88
2,21.91,70.0,95.88
2,21.91,82.8,91.24
2,21.91,70.0,112.04
2,21.91,70.0,103.13
2,21.91,143.0,164.38
2,21.91,70.0,104.88
2,21.91,70.0,104.88
2,21.91,70.0,84.75
2,21.91,70.0,90.96
2,21.91,70.0,87.69
2,21.91,84.2,99.39
2,21.91,70.0,98.88
1,21.9,70.0,99.19
1,21.9,107.0,164.83
1,21.9,70.0,99.19
1,21.9,70.0,95.75
2,21.9,70.0,99.23
2,21.9,70.0,90.55
1,21.9,81.4,95.65
1,21.9,64.5,66.0
2,21.9,80.0,100.75
1,21.9,60.5,62.0
2,21.9,70.0,97.69
1,21.9,84.9,103.78
2,21.9,81.4,85.65
1,21.9,55.5,57.0
1,21.9,70.0,99.19
2,21.9,70.0,99.8
2,21.9,84.9,88.15
2,21.9,70.0,84.84
1,21.9,70.0,99.19
1,21.9,70.0,98.59
1,21.9,70.0,97.69
2,21.9,70.0,98.88
1,21.9,70.0,80.94
1,21.9,83.5,93.69
1,21.9,70.0,76.75
2,21.9,96.8,103.3
1,21.9,84.2,113.24
1,21.9,70.0,90.94
2,21.9,70.0,83.75
2,21.9,70.0,88.69
1,21.9,80.7,84.95
1,21.9,70.0,82.69
1,21.9,43.5,45.0
2,21.9,70.0,102.69
2,21.9,70.0,92.69
1,21.9,70.0,82.69
1,21.9,70.0,109.59
2,21.9,70.0,97.69
1,21.9,70.0,96.19
2,21.9,70.0,82.69
2,21.9,70.0,82.69
1,21.9,86.3,136.32
1,21.9,70.0,99.19
2,21.9,70.0,95.88
1,21.9,102.4,113.34
1,21.9,70.0,85.19
1,21.9,70.0,90.9
2,21.9,87.0,114.3
1,21.9,81.4,85.65
1,21.9,52.5,54.0
1,21.9,61.5,63.0
2,21.9,82.1,86.35
1,21.9,79.3,93.55
1,21.9,65.5,73.94
1,21.9,82.0,83.0
1,21.9,70.0,80.94
1,21.9,59.5,61.0
1,21.9,70.0,103.34
2,21.9,70.0,80.19
1,21.9,70.0,105.94
1,21.9,60.5,62.0
2,21.9,70.0,90.9
1,21.9,93.3,126.37
2,21.9,70.0,80.94
2,21.9,70.0,98.88
1,21.9,70.0,85.75
2,21.9,70.0,90.94
1,21.9,70.0,99.19
1,21.9,28.5,36.94
1,21.9,49.5,57.94
2,21.9,70.0,104.88
1,21.9,68.5,70.0
1,21.9,80.0,101.1
1,21.9,0.0,0.0
1,21.9,70.0,99.24
1,21.9,62.5,64.0
1,21.9,70.0,99.19
2,21.9,70.0,102.92
1,21.9,56.5,58.0
1,21.9,70.0,86.19
2,21.9,82.8,94.74
1,21.9,56.5,58.0
1,21.9,70.0,99.24
2,21.9,70.0,102.92
1,21.9,100.0,147.6
2,21.9,70.0,95.09
2,21.9,83.5,88.5
1,21.9,70.0,99.19
1,21.9,94.0,119.94
1,21.9,70.0,97.13
2,21.9,86.3,100.0
2,21.9,70.0,82.69
1,21.9,70.0,97.69
1,21.9,70.0,100.0
1,21.9,81.4,92.34
1,21.9,70.0,99.19
2,21.9,70.0,99.23
1,21.9,80.7,110.29
1,21.9,101.4,147.33
2,21.9,70.0,82.69
2,21.9,70.0,85.57
1,21.9,83.5,116.63
2,21.9,70.0,80.94
1,21.9,60.5,62.0
2,21.9,70.0,99.23
1,21.9,40.5,48.94
2,21.9,84.9,148.61
1,21.9,64.5,66.0
2,21.89,70.0,102.92
2,21.89,89.1,110.47
2,21.89,70.0,90.94
2,21.89,70.0,98.88
2,21.89,70.0,99.23
2,21.89,70.0,104.88
2,21.89,157.25,165.0
2,21.89,84.2,115.92
2,21.89,70.0,87.69
2,21.89,70.0,82.69
2,21.89,70.0,98.88
2,21.89,70.0,97.69
2,21.89,70.0,80.94
2,21.89,70.0,90.55
2,21.89,80.7,109.39
2,21.89,70.0,80.19
2,21.89,70.0,98.88
2,21.89,70.0,82.69
2,21.89,70.0,101.17
2,21.89,70.0,85.19
2,21.89,70.0,98.88
2,21.89,81.4,100.68
2,21.89,127.6,131.85
2,21.89,70.0,95.69
2,21.89,70.0,92.69
2,21.89,70.0,98.88
2,21.89,70.0,92.69
2,21.89,84.9,91.65
2,21.89,80.7,107.45
2,21.89,70.0,90.96
2,21.89,70.0,98.88
2,21.89,70.0,97.57
2,21.88,70.0,103.47
2,21.88,70.0,85.75
2,21.88,70.0,94.69
2,21.88,88.4,101.65
2,21.88,70.0,102.92
2,21.88,70.0,82.69
2,21.88,70.0,87.69
2,21.88,82.8,105.91
2,21.88,70.0,105.23
2,21.88,70.0,90.55
2,21.88,70.0,75.75
2,21.88,70.0,93.69
2,21.88,82.8,92.05
2,21.88,70.0,102.69
2,21.88,70.0,82.69
2,21.88,81.4,108.53
2,21.88,70.0,98.88
2,21.88,70.0,82.69
2,21.88,70.0,103.13
2,21.88,70.0,87.69
2,21.88,70.0,104.88
2,21.88,70.0,106.97
2,21.88,100.3,111.24
2,21.88,70.0,109.17
2,21.88,70.0,105.23
2,21.88,105.9,131.83
2,21.88,104.5,143.63
2,21.88,70.0,90.69
2,21.87,70.0,91.69
2,21.87,70.0,87.69
2,21.87,70.0,98.88
2,21.87,101.4,153.82
2,21.87,70.0,91.74
2,21.87,70.0,90.55
2,21.87,81.4,102.59
2,21.87,89.1,118.8
2,21.87,70.0,80.94
2,21.87,70.0,99.23
2,21.87,102.1,153.31
2,21.87,200.0,242.95
2,21.87,70.0,92.22
2,21.87,70.0,85.94
2,21.87,82.1,119.08
2,21.87,81.4,101.23
2,21.87,129.7,152.95
2,21.87,70.0,98.88
2,21.87,70.0,104.88
2,21.87,70.0,89.69
2,21.87,70.0,99.23
2,21.87,70.0,91.69
2,21.87,70.0,78.02
2,21.87,70.0,82.69
2,21.87,70.0,101.69
2,21.87,70.0,98.88
2,21.87,70.0,92.69
2,21.86,98.2,142.6
2,21.86,70.0,80.94
2,21.86,70.0,80.19
2,21.86,70.0,106.97
2,21.86,70.0,102.93
2,21.86,82.8,111.24
2,21.86,70.0,87.69
2,21.86,70.0,98.88
2,21.86,70.0,98.88
2,21.86,83.5,90.25
2,21.86,70.0,87.69
2,21.86,70.0,95.09
2,21.86,87.0,98.19
2,21.86,70.0,85.1
2,21.86,101.4,156.6
2,21.86,70.0,85.75
2,21.86,70.0,113.47
2,21.86,70.0,101.17
2,21.86,70.0,106.13
2,21.86,70.0,98.88
2,21.86,70.0,94.25
2,21.86,70.0,87.69
2,21.86,70.0,85.75
2,21.86,70.0,88.69
2,21.86,98.2,108.39
2,21.86,82.8,94.74
2,21.86,80.7,100.39
2,21.86,92.6,102.79
2,21.86,70.0,104.88
2,21.86,70.0,100.84
2,21.85,70.0,96.23
2,21.85,87.0,110.44
2,21.85,70.0,94.69
2,21.85,70.0,99.23
2,21.85,70.0,82.69
2,21.85,85.6,109.27
2,21.85,70.0,82.69
2,21.85,70.0,92.69
2,21.85,70.0,98.88
2,21.85,80.7,101.59
2,21.85,102.4,106.9
2,21.85,70.0,78.44
2,21.85,70.0,98.88
2,21.85,94.0,114.6
2,21.85,80.7,91.89
2,21.85,70.0,90.69
2,21.85,82.1,103.62
2,21.85,70.0,87.69
2,21.85,70.0,102.69
2,21.85,70.0,90.19
2,21.85,70.0,104.88
2,21.85,70.0,97.13
2,21.85,70.0,97.69
2,21.85,70.0,97.69
2,21.85,70.0,98.88
2,21.85,70.0,94.69
2,21.85,86.3,96.49
2,21.85,70.0,98.88
2,21.85,70.0,98.88
2,21.85,70.0,100.84
2,21.84,70.0,99.23
2,21.84,70.0,98.88
2,21.84,70.0,97.13
2,21.84,80.0,100.75
2,21.84,70.0,99.8
2,21.84,85.6,106.62
2,21.84,82.1,108.07
2,21.84,70.0,102.92
2,21.84,70.0,98.88
2,21.84,104.2,129.4
2,21.84,88.4,98.59
2,21.84,87.7,98.64
2,21.84,70.0,87.69
2,21.84,70.0,87.69
2,21.84,70.0,92.69
2,21.84,70.0,88.69
2,21.84,123.4,149.15
2,21.84,70.0,98.88
2,21.84,70.0,95.09
2,21.84,70.0,98.88
2,21.84,70.0,106.97
2,21.84,102.1,135.86
2,21.84,70.0,83.33
2,21.84,82.8,91.05
2,21.84,70.0,106.97
2,21.84,81.4,91.59
2,21.84,87.0,135.38
2,21.84,70.0,99.23
2,21.84,70.0,80.19
2,21.84,70.0,99.23
2,21.84,82.8,104.46
2,21.84,87.7,90.95
2,21.84,70.0,97.95
2,21.84,70.0,80.94
2,21.84,83.5,118.88
2,21.84,70.0,87.69
2,21.84,70.0,96.69
2,21.84,70.0,103.36
2,21.84,70.0,82.69
2,21.83,160.0,192.44
2,21.83,70.0,97.13
2,21.83,146.0,175.75
2,21.83,70.0,80.94
2,21.83,70.0,95.69
2,21.83,70.0,101.17
2,21.83,82.1,86.35
2,21.83,70.0,95.09
2,21.83,82.1,93.29
2,21.83,110.8,151.19
2,21.83,70.0,105.23
2,21.83,85.6,99.29
2,21.83,80.0,98.25
2,21.83,70.0,95.88
2,21.83,70.0,98.88
2,21.83,70.0,98.88
2,21.83,70.0,87.69
2,21.83,84.9,91.65
2,21.83,70.0,98.88
2,21.83,83.5,112.69
2,21.83,94.0,112.13
2,21.83,114.3,148.26
2,21.83,70.0,87.69
2,21.83,70.0,82.69
2,21.83,70.0,90.9
2,21.83,70.0,90.19
2,21.83,70.0,88.44
2,21.83,82.8,95.49
2,21.83,70.0,80.75
2,21.83,70.0,90.96
2,21.83,84.2,88.45
2,21.83,70.0,97.69
2,21.83,70.0,98.88
2,21.82,70.0,104.88
2,21.82,70.0,87.69
2,21.82,70.0,88.44
2,21.82,70.0,90.94
2,21.82,70.0,80.94
2,21.82,70.0,82.69
2,21.82,87.7,93.45
2,21.82,70.0,80.94
2,21.82,70.0,80.75
2,21.82,70.0,98.88
2,21.82,128.3,131.55
2,21.82,70.0,104.88
2,21.82,83.5,110.02
2,21.82,70.0,109.61
2,21.82,70.0,82.69
2,21.82,87.7,110.34
2,21.82,84.2,100.0
2,21.82,110.0,148.5
2,21.82,70.0,92.69
2,21.82,81.4,102.43
2,21.82,70.0,80.75
2,21.82,70.0,98.88
2,21.82,70.0,101.88
2,21.82,70.0,114.0
2,21.82,105.9,114.15
2,21.82,70.0,95.69
2,21.82,70.0,88.8
2,21.82,70.0,95.09
2,21.82,70.0,98.88
2,21.82,70.0,75.75
2,21.82,80.0,81.5
2,21.82,70.0,97.69
2,21.82,79.3,90.49
2,21.82,85.6,108.72
2,21.82,120.0,138.13
2,21.82,70.0,114.14
2,21.82,70.0,91.3
2,21.82,70.0,98.88
2,21.82,100.7,148.14
2,21.82,70.0,80.94
2,21.82,70.0,85.75
2,21.82,80.7,107.59
2,21.82,84.2,116.38
2,21.82,70.0,90.19
2,21.82,70.0,99.8
2,21.82,70.0,104.88
2,21.82,70.0,90.0
2,21.81,70.0,85.75
2,21.81,70.0,82.69
2,21.81,70.0,96.23
2,21.81,70.0,80.19
2,21.81,81.4,110.76
2,21.81,70.0,99.8
2,21.81,70.0,95.09
2,21.81,70.0,98.88
2,21.81,70.0,92.69
2,21.81,70.0,97.69
2,21.81,80.0,91.19
2,21.81,70.0,97.69
2,21.81,70.0,90.69
2,21.81,70.0,98.88
2,21.81,70.0,90.55
2,21.81,84.9,105.78
2,21.81,70.0,105.23
2,21.81,70.0,98.88
2,21.81,70.0,90.19
2,21.81,70.0,98.88
2,21.81,70.0,99.23
2,21.81,70.0,97.13
2,21.81,84.9,113.76
2,21.81,70.0,98.88
2,21.81,70.0,102.92
2,21.81,70.0,104.88
2,21.81,70.0,98.88
2,21.81,70.0,99.23
2,21.81,70.0,75.75
2,21.81,70.0,104.88
2,21.81,70.0,98.88
2,21.81,70.0,97.13
2,21.81,86.3,96.49
2,21.81,70.0,96.55
2,21.81,70.0,90.55
2,21.81,70.0,104.88
2,21.81,70.0,82.69
2,21.81,80.7,91.45
2,21.81,70.0,82.69
2,21.81,70.0,105.23
2,21.81,70.0,100.13
2,21.81,97.5,109.44
2,21.81,110.8,143.71
2,21.81,70.0,98.88
1,21.8,49.5,51.0
1,21.8,70.0,105.19
2,21.8,70.0,86.94
1,21.8,81.4,101.55
2,21.8,70.0,101.17
1,21.8,70.0,99.19
1,21.8,70.0,99.19
1,21.8,70.0,99.19
2,21.8,70.0,81.94
1,21.8,58.5,60.0
1,21.8,70.0,84.0
1,21.8,58.5,60.0
1,21.8,70.0,103.34
2,21.8,70.0,102.92
1,21.8,79.3,107.24
2,21.8,70.0,97.69
1,21.8,70.0,82.69
2,21.8,84.9,108.43
1,21.8,70.0,90.19
2,21.8,130.0,137.94
1,21.8,83.5,104.1
1,21.8,63.5,65.0
1,21.8,110.8,138.05
1,21.8,80.7,83.95
1,21.8,90.5,112.5
1,21.8,70.0,80.19
2,21.8,70.0,95.88
1,21.8,42.5,44.0
1,21.8,70.0,99.24
1,21.8,80.7,103.74
1,21.8,70.0,85.69
1,21.8,53.5,55.0
1,21.8,82.8,107.55
1,21.8,82.8,86.05
1,21.8,94.0,119.69
1,21.8,81.4,101.55
1,21.8,70.0,99.24
2,21.8,70.0,98.88
2,21.8,70.0,82.69
2,21.8,70.0,102.92
1,21.8,70.0,96.19
1,21.8,70.0,110.94
2,21.8,70.0,104.88
2,21.8,82.1,113.4
1,21.8,105.6,142.35
1,21.8,70.0,90.19
1,21.8,70.0,80.19
2,21.8,70.0,97.13
1,21.8,55.5,57.0
2,21.8,70.0,98.88
2,21.8,70.0,87.69
1,21.8,70.0,80.75
2,21.8,70.0,99.23
1,21.8,70.0,80.75
1,21.8,70.0,99.19
2,21.8,70.0,98.88
1,21.8,93.3,125.04
1,21.8,70.0,82.69
2,21.8,70.0,87.69
1,21.8,53.5,55.0
1,21.8,85.6,115.5
2,21.8,83.5,92.75
2,21.8,70.0,87.11
1,21.8,70.0,99.19
1,21.8,70.0,99.19
1,21.8,62.5,70.94
2,21.8,70.0,96.23
1,21.8,70.0,99.19
1,21.8,89.1,112.0
1,21.8,70.0,90.9
2,21.8,70.0,98.88
2,21.8,82.8,89.05
1,21.8,70.0,99.19
1,21.8,82.8,107.99
1,21.8,70.0,82.69
2,21.8,110.8,133.71
2,21.8,82.8,92.99
1,21.8,102.8,118.18
2,21.8,70.0,97.13
2,21.8,70.0,100.89
2,21.8,70.0,98.88
1,21.8,70.0,97.69
1,21.8,70.0,80.94
2,21.8,70.0,98.88
1,21.8,60.5,68.94
2,21.8,70.0,102.92
2,21.8,70.0,98.88
1,21.8,85.6,102.73
1,21.8,70.0,105.19
2,21.8,70.0,98.88
1,21.8,79.3,99.05
2,21.8,70.0,80.19
1,21.8,83.5,92.82
2,21.8,70.0,97.69
2,21.8,83.5,104.44
1,21.8,70.0,99.19
1,21.8,62.5,76.14
2,21.8,113.0,118.0
2,21.8,103.5,131.88
1,21.8,50.5,52.0
1,21.8,70.0,96.19
1,21.8,46.5,48.0
1,21.8,102.1,152.93
1,21.8,70.0,92.69
1,21.8,70.0,101.14
2,21.8,70.0,95.88
1,21.8,70.0,82.69
1,21.8,80.7,100.0
1,21.8,70.0,92.69
1,21.8,70.0,90.9
2,21.8,70.0,97.13
2,21.8,80.0,92.5
1,21.8,70.0,87.69
2,21.8,70.0,80.19
1,21.8,70.0,87.69
1,21.8,70.0,82.69
1,21.8,70.0,82.69
1,21.8,70.0,100.0
2,21.8,70.0,91.69
1,21.8,70.0,96.9
1,21.8,70.0,87.69
1,21.8,70.0,103.34
1,21.8,70.0,99.19
1,21.8,70.0,97.69
1,21.8,70.0,100.84
1,21.8,84.2,87.45
1,21.8,131.8,152.55
2,21.8,82.1,110.4
1,21.8,70.0,99.19
1,21.8,54.5,62.94
1,21.8,99.3,147.18
2,21.8,70.0,90.55
1,21.8,59.5,67.94
2,21.8,82.8,113.99
1,21.8,70.0,75.75
2,21.79,79.3,93.55
2,21.79,70.0,82.69
2,21.79,91.2,115.99
2,21.79,70.0,95.88
2,21.79,102.1,149.38
2,21.79,70.0,95.19
2,21.79,70.0,107.33
2,21.79,70.0,75.75
2,21.79,70.0,98.88
2,21.79,70.0,80.19
2,21.79,70.0,97.13
2,21.79,81.4,91.59
2,21.79,122.0,149.95
2,21.79,70.0,85.94
2,21.79,70.0,97.13
2,21.79,102.1,135.0
2,21.79,70.0,80.94
2,21.79,70.0,104.88
2,21.79,91.9,132.48
2,21.79,70.0,98.88
2,21.79,70.0,92.69
2,21.79,70.0,87.11
2,21.79,70.0,82.69
2,21.79,70.0,80.19
2,21.79,70.0,82.69
2,21.79,70.0,82.69
2,21.79,70.0,99.23
2,21.79,103.1,127.27
2,21.79,70.0,99.23
2,21.79,70.0,95.88
2,21.79,85.6,98.29
2,21.79,70.0,104.88
2,21.79,105.2,118.64
2,21.79,95.4,116.84
2,21.79,70.0,99.23
2,21.78,98.0,127.5
2,21.78,70.0,98.88
2,21.78,70.0,98.88
2,21.78,70.0,98.88
2,21.78,97.5,107.69
2,21.78,70.0,90.96
2,21.78,86.3,124.21
2,21.78,70.0,81.5
2,21.78,70.0,85.75
2,21.78,70.0,95.88
2,21.78,70.0,88.69
2,21.78,87.7,97.89
2,21.78,70.0,104.88
2,21.78,70.0,92.69
2,21.78,80.7,84.95
2,21.78,70.0,92.69
2,21.78,86.3,124.55
2,21.78,70.0,92.69
2,21.78,70.0,98.88
2,21.78,70.0,99.23
2,21.78,70.0,98.88
2,21.78,70.0,93.69
2,21.78,86.3,107.05
2,21.78,70.0,82.69
2,21.78,109.8,120.24
2,21.78,70.0,98.88
2,21.78,82.1,107.5
2,21.78,70.0,99.23
2,21.78,70.0,98.88
2,21.77,70.0,90.69
2,21.77,70.0,90.69
2,21.77,70.0,99.23
2,21.77,70.0,90.75
2,21.77,70.0,82.19
2,21.77,70.0,80.94
2,21.77,70.0,99.8
2,21.77,70.0,92.69
2,21.77,79.3,99.91
2,21.77,70.0,102.92
2,21.77,70.0,95.88
2,21.77,83.5,97.25
2,21.77,70.0,98.88
2,21.77,84.9,89.15
2,21.77,70.0,82.69
2,21.77,109.1,111.85
2,21.77,70.0,82.69
2,21.77,70.0,97.69
2,21.77,99.6,107.85
2,21.77,132.0,150.0
2,21.77,82.1,93.29
2,21.77,70.0,97.69
2,21.77,84.9,95.09
2,21.77,82.1,112.25
2,21.77,70.0,100.0
2,21.77,70.0,109.17
2,21.77,70.0,95.09
2,21.77,111.5,136.75
2,21.77,70.0,90.55
2,21.77,87.7,97.89
2,21.76,70.0,99.23
2,21.76,90.5,140.81
2,21.76,70.0,94.25
2,21.76,70.0,94.69
2,21.76,70.0,98.88
2,21.76,70.0,98.88
2,21.76,119.9,128.08
2,21.76,82.1,102.07
2,21.76,70.0,82.69
2,21.76,70.0,97.13
2,21.76,100.0,129.38
2,21.76,70.0,97.69
2,21.76,70.0,94.69
2,21.76,70.0,98.88
2,21.76,70.0,84.69
2,21.76,70.0,98.88
2,21.76,70.0,80.19
2,21.76,70.0,94.69
2,21.76,70.0,98.88
2,21.76,112.6,166.69
2,21.76,70.0,82.69
2,21.76,70.0,87.69
2,21.76,80.7,95.89
2,21.76,70.0,80.94
2,21.76,84.9,89.15
2,21.76,70.0,103.36
2,21.76,70.0,87.69
2,21.76,70.0,98.88
2,21.76,70.0,82.69
2,21.75,70.0,100.94
2,21.75,70.0,98.88
2,21.75,79.3,90.49
2,21.75,70.0,98.88
2,21.75,70.0,99.23
2,21.75,70.0,104.88
2,21.75,70.0,90.55
2,21.75,70.0,98.88
2,21.75,70.0,95.88
2,21.75,103.5,148.2
2,21.75,70.0,85.19
2,21.75,70.0,91.8
2,21.75,70.0,98.88
2,21.75,70.0,87.11
2,21.75,70.0,99.23
2,21.75,70.0,98.88
2,21.75,70.0,90.55
2,21.75,70.0,105.23
2,21.75,70.0,98.88
2,21.75,80.0,106.75
2,21.75,70.0,96.69
2,21.75,79.3,85.05
2,21.75,70.0,98.88
2,21.75,70.0,98.88
2,21.75,70.0,99.23
2,21.75,70.0,82.69
2,21.75,81.4,112.01
2,21.75,70.0,99.8
2,21.75,70.0,94.25
2,21.75,70.0,82.69
2,21.75,70.0,101.69
2,21.75,70.0,99.23
2,21.75,70.0,80.75
2,21.75,70.0,98.88
2,21.75,81.4,109.91
2,21.75,70.0,99.88
2,21.75,135.0,202.44
2,21.75,70.0,98.88
2,21.75,80.0,106.75
2,21.75,102.8,148.78
2,21.75,70.0,98.88
2,21.75,70.0,104.88
2,21.74,70.0,90.96
2,21.74,70.0,105.23
2,21.74,70.0,94.69
2,21.74,70.0,90.69
2,21.74,70.0,104.88
2,21.74,70.0,97.69
2,21.74,70.0,103.13
2,21.74,70.0,92.75
2,21.74,80.0,110.5
2,21.74,70.0,90.55
2,21.74,70.0,85.19
2,21.74,70.0,97.69
2,21.74,70.0,98.88
2,21.74,70.0,98.88
2,21.74,80.7,101.59
2,21.74,70.0,85.19
2,21.74,84.2,104.95
2,21.74,116.4,119.65
2,21.74,70.0,90.55
2,21.74,70.0,98.88
2,21.74,70.0,105.23
2,21.74,70.0,97.13
2,21.74,166.1,206.37
2,21.74,70.0,107.5
2,21.74,70.0,98.88
2,21.74,70.0,98.88
2,21.74,70.0,105.23
2,21.74,70.0,99.23
2,21.74,70.0,102.92
2,21.74,70.0,82.69
2,21.74,87.7,94.88
2,21.74,88.4,118.62
2,21.74,70.0,82.19
2,21.74,70.0,94.19
2,21.73,70.0,92.69
2,21.73,83.5,105.3
2,21.73,70.0,87.69
2,21.73,83.5,87.75
2,21.73,87.7,111.79
2,21.73,82.8,105.91
2,21.73,70.0,96.55
2,21.73,112.2,122.95
2,21.73,70.0,92.5
2,21.73,80.7,91.89
2,21.73,70.0,74.0
2,21.73,70.0,92.69
2,21.73,86.3,92.81
2,21.73,84.9,97.59
2,21.73,92.6,102.79
2,21.73,70.0,74.0
2,21.73,70.0,98.88
2,21.73,70.0,102.92
2,21.73,88.4,125.55
2,21.73,70.0,109.17
2,21.73,70.0,98.88
2,21.73,70.0,106.97
2,21.73,80.0,90.19
2,21.73,70.0,80.94
2,21.73,70.0,90.55
2,21.73,70.0,106.97
2,21.73,70.0,96.2
2,21.73,90.5,100.69
2,21.73,84.9,98.34
2,21.73,70.0,96.69
2,21.73,70.0,104.88
2,21.73,70.0,80.19
2,21.73,70.0,102.23
2,21.73,80.7,101.59
2,21.73,70.0,90.55
2,21.73,102.1,156.12
2,21.73,79.3,99.06
2,21.73,162.6,178.98
2,21.73,70.0,104.88
2,21.73,70.0,99.23
2,21.73,98.9,128.63
2,21.73,70.0,104.88
2,21.73,70.0,97.13
2,21.73,70.0,82.69
2,21.73,70.0,92.69
2,21.73,70.0,92.69
2,21.73,70.0,97.13
2,21.73,82.1,111.6
2,21.73,70.0,80.94
2,21.73,86.3,112.75
2,21.73,70.0,103.36
2,21.73,70.0,98.88
2,21.73,70.0,87.69
2,21.73,70.0,98.88
2,21.73,70.0,90.96
2,21.73,70.0,99.23
2,21.73,105.6,143.98
2,21.73,81.4,114.05
2,21.73,70.0,104.88
2,21.73,70.0,102.92
2,21.73,70.0,80.19
2,21.72,70.0,98.88
2,21.72,70.0,100.69
2,21.72,64.47,65.47
2,21.72,70.0,103.13
2,21.72,70.0,106.97
2,21.72,70.0,75.75
2,21.72,80.7,92.89
2,21.72,70.0,109.61
2,21.72,70.0,82.69
2,21.72,70.0,90.55
2,21.72,70.0,92.69
2,21.72,70.0,82.69
2,21.72,90.5,106.25
2,21.72,70.0,99.23
2,21.72,80.0,99.9
2,21.72,82.1,85.35
2,21.72,84.2,94.39
2,21.72,88.4,93.4
2,21.72,102.1,156.58
2,21.72,70.0,99.23
2,21.72,70.0,92.69
2,21.72,70.0,90.69
2,21.72,85.6,88.85
2,21.72,80.7,110.27
2,21.72,82.8,101.05
2,21.72,70.0,90.69
2,21.72,70.0,86.84
2,21.72,70.0,97.13
2,21.72,133.9,164.23
2,21.72,70.0,92.69
2,21.72,70.0,87.69
2,21.72,70.0,98.88
2,21.72,70.0,96.55
2,21.72,70.0,99.23
2,21.71,80.7,92.2
2,21.71,70.0,100.84
2,21.71,70.0,97.95
2,21.71,70.0,92.69
2,21.71,70.0,97.13
2,21.71,70.0,90.55
2,21.71,70.0,92.61
2,21.71,70.0,99.23
2,21.71,70.0,98.88
2,21.71,70.0,98.88
2,21.71,70.0,99.23
2,21.71,70.0,90.96
2,21.71,70.0,90.55
2,21.71,70.0,98.88
2,21.71,70.0,85.19
2,21.71,70.0,98.88
2,21.71,70.0,82.69
2,21.71,70.0,95.09
2,21.71,70.0,99.23
2,21.71,100.7,127.7
2,21.71,70.0,89.69
2,21.71,70.0,82.69
2,21.71,70.0,82.69
2,21.71,133.9,172.25
2,21.71,70.0,99.23
2,21.71,70.0,100.2
2,21.71,70.0,98.88
2,21.71,70.0,98.88
2,21.71,96.1,128.25
2,21.7,70.0,89.31
1,21.7,70.0,97.69
2,21.7,70.0,96.69
1,21.7,74.5,76.0
2,21.7,70.0,90.55
2,21.7,70.0,99.23
2,21.7,70.0,98.88
1,21.7,70.0,82.69
2,21.7,80.7,101.59
2,21.7,70.0,75.75
1,21.7,70.0,92.94
2,21.7,79.3,105.49
2,21.7,70.0,92.69
1,21.7,70.0,82.69
1,21.7,70.0,85.75
2,21.7,80.7,100.39
1,21.7,70.0,97.09
2,21.7,70.0,80.19
1,21.7,150.0,151.0
2,21.7,70.0,82.69
1,21.7,66.5,77.54
1,21.7,91.2,103.99
2,21.7,70.0,95.09
1,21.7,70.0,80.94
1,21.7,84.9,95.09
2,21.7,70.0,92.75
1,21.7,99.3,140.06
1,21.7,70.0,88.8
1,21.7,63.5,71.94
2,21.7,81.4,95.7
1,21.7,70.0,105.19
1,21.7,70.0,90.19
2,21.7,70.0,105.23
1,21.7,70.0,97.09
2,21.7,70.0,98.88
1,21.7,70.0,84.0
2,21.7,70.0,96.55
1,21.7,70.0,95.94
2,21.7,70.0,95.09
1,21.7,70.0,75.75
2,21.7,95.4,116.9
1,21.7,70.0,99.24
2,21.7,70.0,98.88
1,21.7,84.2,101.89
2,21.7,81.4,97.34
1,21.7,70.0,109.59
2,21.7,70.0,94.69
2,21.7,70.0,85.75
2,21.7,70.0,75.75
2,21.7,70.0,104.88
1,21.7,70.0,98.04
1,21.7,70.0,99.19
1,21.7,70.0,99.19
1,21.7,80.0,90.19
1,21.7,63.5,70.2
1,21.7,85.6,91.35
1,21.7,63.5,65.0
1,21.7,70.0,96.69
1,21.7,81.4,91.59
2,21.7,70.0,99.8
1,21.7,50.5,52.0
1,21.7,102.1,126.48
1,21.7,70.0,94.09
1,21.7,60.5,62.0
1,21.7,70.0,92.69
1,21.7,70.0,82.69
2,21.7,88.4,103.59
1,21.7,70.0,103.34
2,21.7,90.0,91.0
2,21.7,70.0,98.88
1,21.7,70.0,99.19
2,21.7,98.2,122.64
1,21.7,70.0,109.59
1,21.7,70.0,94.69
1,21.7,70.0,82.69
1,21.7,70.0,80.94
2,21.7,90.5,122.03
1,21.7,70.0,82.69
1,21.7,21.5,23.0
1,21.7,80.0,90.19
2,21.7,70.0,103.36
2,21.7,100.7,141.7
2,21.7,70.0,94.25
2,21.7,70.0,80.94
1,21.7,70.0,99.19
2,21.7,70.0,97.13
2,21.7,70.0,96.55
1,21.7,70.0,105.19
1,21.7,70.0,99.19
2,21.7,101.4,146.88
1,21.7,70.0,80.75
2,21.7,70.0,90.75
1,21.7,70.0,105.19
2,21.7,70.0,95.09
2,21.7,80.7,88.95
1,21.7,65.5,79.14
1,21.7,78.6,107.74
1,21.7,70.0,87.69
1,21.7,70.0,99.19
1,21.7,70.0,105.19
1,21.7,70.0,90.19
2,21.7,70.0,80.94
2,21.7,94.7,126.77
1,21.7,56.5,58.0
1,21.7,79.3,90.49
1,21.7,80.7,100.7
1,21.7,70.0,87.69
1,21.7,70.0,85.94
1,21.7,70.0,90.94
1,21.7,70.0,99.19
1,21.7,66.5,74.94
1,21.7,64.5,66.0
1,21.7,54.5,62.94
2,21.7,80.0,86.75
1,21.7,70.0,97.69
1,21.7,64.5,66.0
1,21.7,70.0,97.09
1,21.7,70.0,88.8
1,21.7,70.0,97.69
2,21.7,79.3,96.96
1,21.7,70.0,97.69
1,21.7,131.1,149.35
1,21.7,66.5,68.0
2,21.69,70.0,90.9
2,21.69,70.0,85.69
2,21.69,80.7,108.72
2,21.69,104.9,151.06
2,21.69,70.0,99.23
2,21.69,137.4,141.65
2,21.69,70.0,105.23
2,21.69,70.0,97.13
2,21.69,70.0,92.69
2,21.69,70.0,105.23
2,21.69,87.0,97.19
2,21.69,130.0,158.95
2,21.69,70.0,98.88
2,21.69,129.7,139.6
2,21.69,70.0,82.69
2,21.69,70.0,88.8
2,21.69,70.0,92.5
2,21.69,70.0,80.19
2,21.69,86.3,123.62
2,21.69,80.0,85.75
2,21.69,70.0,81.4
2,21.69,70.0,104.45
2,21.69,70.0,95.88
2,21.69,87.0,112.81
2,21.68,70.0,82.69
2,21.68,70.0,106.97
2,21.68,101.7,141.12
2,21.68,70.0,85.75
2,21.68,70.0,92.69
2,21.68,82.8,102.05
2,21.68,81.4,84.65
2,21.68,70.0,79.0
2,21.68,70.0,87.69
2,21.68,70.0,98.88
2,21.68,81.4,102.43
2,21.68,70.0,97.13
2,21.68,70.0,80.75
2,21.68,70.0,96.23
2,21.68,70.0,98.88
2,21.68,70.0,94.25
2,21.68,83.5,86.75
2,21.68,70.0,89.44
2,21.68,70.0,103.36
2,21.68,70.0,96.55
2,21.68,70.0,82.69
2,21.68,79.3,94.49
2,21.68,70.0,98.88
2,21.68,70.0,92.69
2,21.68,82.1,92.29
2,21.68,70.0,98.88
2,21.68,84.9,96.09
2,21.68,70.0,82.69
2,21.68,70.0,98.88
2,21.68,70.0,98.88
2,21.68,88.4,98.59
2,21.68,70.0,80.19
2,21.68,80.7,105.75
2,21.68,141.86,169.28
2,21.68,70.0,82.69
2,21.68,70.0,98.88
2,21.68,70.0,90.55
2,21.68,87.0,109.2
2,21.68,70.0,98.88
2,21.68,70.0,79.0
2,21.68,70.0,99.23
2,21.68,70.0,95.88
2,21.68,161.0,214.61
2,21.67,82.1,91.35
2,21.67,70.0,98.88
2,21.67,79.3,94.05
2,21.67,70.0,90.96
2,21.67,70.0,91.69
2,21.67,70.0,87.69
2,21.67,70.0,98.88
2,21.67,70.0,90.55
2,21.67,70.0,82.69
2,21.67,108.4,129.7
2,21.67,88.4,109.98
2,21.67,70.0,98.88
2,21.67,81.4,94.65
2,21.67,70.0,98.88
2,21.67,70.0,95.88
2,21.67,70.0,104.88
2,21.67,70.0,98.88
2,21.67,70.0,99.23
2,21.67,87.7,113.89
2,21.67,70.0,99.23
2,21.67,70.0,99.23
2,21.67,80.7,90.89
2,21.67,70.0,95.69
2,21.67,83.5,113.28
2,21.67,70.0,97.69
2,21.67,70.0,101.18
2,21.67,70.0,112.64
2,21.67,86.3,97.24
2,21.67,70.0,92.69
2,21.67,70.0,92.69
2,21.66,70.0,97.13
2,21.66,70.0,90.9
2,21.66,70.0,92.69
2,21.66,70.0,94.69
2,21.66,70.0,83.44
2,21.66,70.0,83.33
2,21.66,70.0,98.88
2,21.66,70.0,102.92
2,21.66,70.0,92.69
2,21.66,89.8,95.55
2,21.66,70.0,88.8
2,21.66,70.0,99.8
2,21.66,112.2,135.89
2,21.66,104.2,148.51
2,21.66,70.0,96.23
2,21.66,70.0,98.88
2,21.66,70.0,94.62
2,21.66,70.0,82.69
2,21.66,70.0,102.92
2,21.66,98.9,110.95
2,21.66,94.7,117.19
2,21.66,70.0,97.13
2,21.66,70.0,90.55
2,21.66,88.4,98.59
2,21.66,70.0,95.09
2,21.66,70.0,90.55
2,21.66,70.0,88.8
2,21.66,70.0,92.69
2,21.66,85.6,110.62
2,21.66,70.0,87.19
2,21.66,108.0,154.49
2,21.66,70.0,99.23
2,21.66,70.0,94.69
2,21.66,82.8,103.26
2,21.66,70.0,82.69
2,21.66,70.0,98.88
2,21.66,70.0,98.88
2,21.66,70.0,97.69
2,21.66,70.0,90.94
2,21.66,70.0,95.09
2,21.66,70.0,103.13
2,21.66,70.0,104.88
2,21.66,70.0,90.19
2,21.66,70.0,85.94
2,21.66,70.0,80.94
2,21.65,70.0,87.69
2,21.65,82.8,103.99
2,21.65,70.0,98.88
2,21.65,70.0,95.09
2,21.65,81.4,108.0
2,21.65,70.0,90.9
2,21.65,98.2,103.95
2,21.65,79.3,108.24
2,21.65,70.0,104.88
2,21.65,91.9,131.74
2,21.65,70.0,80.75
2,21.65,70.0,98.88
2,21.65,70.0,82.69
2,21.65,70.0,98.88
2,21.65,70.0,87.69
2,21.65,70.0,98.88
2,21.65,102.8,144.34
2,21.65,70.0,98.88
2,21.65,70.0,90.9
2,21.65,70.0,99.8
2,21.65,70.0,98.88
2,21.65,70.0,95.94
2,21.65,70.0,75.75
2,21.65,70.0,75.75
2,21.65,85.6,90.6
2,21.65,70.0,90.96
2,21.65,88.4,91.65
2,21.65,84.9,90.65
2,21.64,70.0,98.88
2,21.64,70.0,90.96
2,21.64,70.0,98.88
2,21.64,70.0,96.23
2,21.64,70.0,90.9
2,21.64,112.2,134.45
2,21.64,70.0,92.94
2,21.64,78.6,88.79
2,21.64,70.0,90.96
2,21.64,70.0,92.22
2,21.64,80.7,100.24
2,21.64,70.0,90.69
2,21.64,100.0,151.2
2,21.64,70.0,99.23
2,21.64,80.7,110.43
2,21.64,70.0,90.96
2,21.64,70.0,105.23
2,21.64,70.0,99.23
2,21.64,70.0,90.96
2,21.64,70.0,94.69
2,21.64,81.4,102.43
2,21.64,70.0,95.88
2,21.64,70.0,99.23
2,21.64,70.0,90.69
2,21.64,85.6,112.62
2,21.64,97.5,118.25
2,21.64,70.0,127.69
2,21.64,112.9,153.27
2,21.63,70.0,98.88
2,21.63,84.9,99.59
2,21.63,70.0,80.94
2,21.63,87.0,110.4
2,21.63,89.1,120.0
2,21.63,84.9,97.59
2,21.63,70.0,96.46
2,21.63,81.4,95.65
2,21.63,70.0,85.11
2,21.63,84.9,89.15
2,21.63,70.0,84.69
2,21.63,70.0,103.13
2,21.63,104.2,130.58
2,21.63,70.0,91.69
2,21.63,70.0,98.88
2,21.63,145.0,168.07
2,21.63,82.1,94.79
2,21.63,70.0,103.13
2,21.63,134.6,168.42
2,21.63,70.0,90.55
2,21.63,81.4,91.59
2,21.63,70.0,90.96
2,21.63,70.0,82.69
2,21.63,70.0,80.94
2,21.63,70.0,87.69
2,21.63,70.0,85.94
2,21.63,104.9,143.14
2,21.63,70.0,92.94
2,21.63,85.6,106.27
2,21.63,70.0,105.23
2,21.63,84.2,107.45
2,21.63,78.6,99.07
2,21.63,70.0,90.96
2,21.63,70.0,85.75
2,21.62,70.0,95.09
2,21.62,70.0,92.94
2,21.62,70.0,96.69
2,21.62,115.0,124.75
2,21.62,70.0,87.69
2,21.62,70.0,99.23
2,21.62,125.0,146.0
2,21.62,70.0,94.62
2,21.62,147.2,162.05
2,21.62,70.0,98.88
2,21.62,96.8,106.99
2,21.62,70.0,98.88
2,21.62,70.0,88.8
2,21.62,81.4,91.59
2,21.62,70.0,92.69
2,21.62,70.0,98.69
2,21.62,80.7,90.95
2,21.62,70.0,87.69
2,21.62,79.3,104.44
2,21.62,70.0,99.23
2,21.62,70.0,98.88
2,21.62,70.0,92.22
2,21.62,70.0,90.96
2,21.62,70.0,98.88
2,21.62,80.0,110.33
2,21.62,80.0,88.25
2,21.62,70.0,86.96
2,21.62,94.0,128.93
2,21.62,70.0,97.88
2,21.62,80.7,101.59
2,21.62,70.0,92.22
2,21.62,70.0,83.33
2,21.62,70.0,95.88
2,21.62,101.7,138.17
2,21.61,70.0,78.44
2,21.61,70.0,82.69
2,21.61,83.5,96.19
2,21.61,70.0,103.13
2,21.61,70.0,93.08
2,21.61,70.0,98.88
2,21.61,70.0,90.96
2,21.61,70.0,97.69
2,21.61,70.0,82.69
2,21.61,70.0,98.88
2,21.61,70.0,98.88
2,21.61,70.0,90.19
2,21.61,91.9,102.09
2,21.61,70.0,94.69
2,21.61,70.0,96.23
2,21.61,84.2,96.89
2,21.61,70.0,85.69
2,21.61,70.0,104.88
2,21.61,70.0,99.23
2,21.61,70.0,90.55
2,21.61,91.9,95.15
2,21.61,101.4,124.15
2,21.61,70.0,83.44
2,21.61,70.0,82.7
2,21.61,102.8,151.97
2,21.61,70.0,83.75
2,21.61,70.0,82.69
2,21.61,70.0,82.69
2,21.61,70.0,98.88
2,21.61,91.9,95.15
2,21.61,70.0,104.88
2,21.61,70.0,98.88
2,21.61,96.1,105.35
2,21.61,70.0,82.69
2,21.61,70.0,92.69
2,21.61,70.0,96.69
2,21.61,70.0,90.69
2,21.61,79.3,91.99
2,21.61,70.0,85.75
2,21.61,70.0,97.13
2,21.61,70.0,102.92
2,21.61,79.3,104.71
2,21.61,70.0,102.92
2,21.61,83.5,109.75
2,21.61,79.3,100.26
2,21.61,70.0,104.88
2,21.61,70.0,97.13
2,21.61,79.3,90.49
2,21.6,70.0,100.69
1,21.6,89.1,116.98
1,21.6,55.5,63.94
1,21.6,61.5,63.0
1,21.6,87.0,91.0
1,21.6,80.0,101.1
1,21.6,61.5,63.0
2,21.6,94.7,99.7
1,21.6,70.0,95.69
2,21.6,81.4,101.23
1,21.6,70.0,96.9
2,21.6,70.0,109.17
2,21.6,103.5,126.5
2,21.6,78.6,99.35
1,21.6,70.0,97.09
1,21.6,70.0,99.19
1,21.6,70.0,103.34
1,21.6,70.0,82.69
1,21.6,43.5,45.0
2,21.6,70.0,95.88
1,21.6,58.5,60.0
1,21.6,47.5,55.94
1,21.6,70.0,97.69
2,21.6,80.7,103.39
1,21.6,70.0,97.09
1,21.6,70.0,100.69
1,21.6,63.5,71.94
2,21.6,70.0,92.69
1,21.6,113.6,121.85
1,21.6,46.5,48.0
2,21.6,70.0,98.88
2,21.6,70.0,92.69
1,21.6,70.0,105.23
2,21.6,70.0,99.8
1,21.6,70.0,99.19
1,21.6,56.5,58.0
2,21.6,93.3,128.09
2,21.6,70.0,109.17
1,21.6,68.5,70.0
1,21.6,84.9,112.65
1,21.6,70.0,82.69
1,21.6,79.3,88.55
2,21.6,70.0,102.92
1,21.6,102.25,123.63
1,21.6,60.5,62.0
1,21.6,83.5,99.19
1,21.6,70.0,84.69
1,21.6,70.0,80.94
2,21.6,70.0,82.69
1,21.6,70.0,97.69
1,21.6,70.0,80.94
2,21.6,70.0,95.88
1,21.6,70.0,85.75
2,21.6,70.0,99.23
2,21.6,70.0,80.94
1,21.6,3.0,7.25
2,21.6,70.0,106.97
2,21.6,70.0,80.94
1,21.6,86.3,119.64
1,21.6,56.5,58.0
1,21.6,70.0,105.19
1,21.6,70.0,80.94
1,21.6,61.5,82.08
1,21.6,70.0,94.8
1,21.6,89.8,99.99
2,21.6,70.0,87.74
1,21.6,56.5,58.0
1,21.6,120.0,145.2
1,21.6,70.0,99.24
2,21.6,86.3,112.75
1,21.6,102.8,147.78
2,21.6,70.0,99.23
1,21.6,70.0,95.69
2,21.6,82.1,85.35
1,21.6,70.0,82.69
1,21.6,90.5,100.69
2,21.6,70.0,82.69
2,21.6,70.0,82.69
1,21.6,70.0,87.69
2,21.6,70.0,92.69
1,21.6,70.0,99.19
1,21.6,38.5,40.0
1,21.6,66.5,74.94
1,21.6,81.4,108.75
2,21.6,70.0,98.88
1,21.6,72.5,74.0
2,21.6,70.0,102.92
1,21.6,133.9,146.4
1,21.6,70.0,99.19
1,21.6,57.5,59.0
2,21.6,70.0,103.13
1,21.6,68.5,76.94
2,21.6,102.8,155.52
2,21.6,70.0,90.55
1,21.6,70.0,80.19
1,21.6,70.0,87.75
1,21.6,70.0,90.19
2,21.6,70.0,85.94
1,21.6,70.0,109.59
1,21.6,70.0,85.19
2,21.6,70.0,96.0
2,21.6,70.0,90.19
1,21.6,70.0,99.19
1,21.6,70.0,92.5
2,21.6,70.0,88.8
1,21.6,70.0,97.69
2,21.6,82.1,85.35
1,21.6,129.0,133.25
1,21.6,70.0,85.94
1,21.6,70.0,87.69
1,21.6,80.7,84.95
2,21.6,82.8,92.99
2,21.6,70.0,97.13
1,21.6,70.0,99.19
2,21.6,81.4,109.56
2,21.6,80.0,88.25
1,21.6,70.0,97.09
1,21.6,45.5,53.94
2,21.6,70.0,109.17
1,21.6,70.0,99.19
2,21.6,70.0,98.88
1,21.6,70.0,80.19
1,21.6,62.5,64.0
1,21.6,70.0,90.9
1,21.6,43.5,45.0
1,21.6,70.0,99.19
1,21.6,82.1,114.24
2,21.6,70.0,101.88
1,21.6,104.2,127.7
1,21.6,99.3,148.38
1,21.6,70.0,99.19
2,21.6,70.0,87.69
2,21.6,70.0,101.17
1,21.6,56.5,58.0
1,21.6,70.0,80.19
1,21.6,70.0,79.0
2,21.6,70.0,97.57
1,21.6,89.8,103.05
1,21.6,70.0,99.19
2,21.6,70.0,82.69
2,21.6,70.0,102.69
1,21.6,84.2,89.95
1,21.6,52.5,60.94
2,21.6,70.0,82.69
2,21.6,85.6,100.29
1,21.6,70.0,99.19
1,21.6,70.0,103.34
1,21.6,70.0,88.69
1,21.6,57.5,65.94
2,21.6,70.0,97.13
1,21.6,53.5,61.94
1,21.6,70.0,105.19
2,21.6,70.0,73.25
2,21.6,70.0,98.88
1,21.6,70.0,99.19
2,21.6,70.0,93.69
1,21.6,84.9,95.84
1,21.6,103.5,122.38
1,21.6,67.5,69.0
2,21.6,70.0,93.08
1,21.6,86.3,92.05
1,21.6,70.0,97.14
1,21.6,70.0,106.44
2,21.59,70.0,99.23
2,21.59,70.0,98.88
2,21.59,70.0,101.17
2,21.59,70.0,98.88
2,21.59,70.0,98.88
2,21.59,70.0,102.92
2,21.59,80.0,101.1
2,21.59,70.0,95.09
2,21.59,89.8,100.55
2,21.59,84.2,113.16
2,21.59,70.0,104.88
2,21.59,80.7,86.45
2,21.59,81.4,99.09
2,21.59,70.0,88.69
2,21.59,70.0,80.19
2,21.59,70.0,105.23
2,21.59,70.0,99.23
2,21.59,70.0,87.69
2,21.59,70.0,82.69
2,21.59,84.2,89.2
2,21.59,70.0,98.88
2,21.59,70.0,98.88
2,21.59,85.6,105.79
2,21.59,70.0,102.92
2,21.59,70.0,95.0
2,21.59,70.0,99.23
2,21.59,70.0,98.88
2,21.59,70.0,98.88
2,21.59,70.0,105.23
2,21.59,70.0,105.23
2,21.59,70.0,80.94
2,21.59,70.0,98.88
2,21.59,84.9,98.59
2,21.59,83.5,92.25
2,21.59,70.0,90.78
2,21.59,70.0,88.64
2,21.59,70.0,82.69
2,21.59,70.0,98.88
2,21.59,70.0,98.88
2,21.59,70.0,101.17
2,21.59,70.0,95.88
2,21.59,70.0,99.23
2,21.58,104.2,154.48
2,21.58,70.0,99.23
2,21.58,70.0,104.88
2,21.58,70.0,96.75
2,21.58,70.0,87.69
2,21.58,78.5,95.69
2,21.58,100.0,121.0
2,21.58,70.0,105.76
2,21.58,84.9,88.15
2,21.58,80.0,110.88
2,21.58,81.4,111.35
2,21.58,70.0,92.69
2,21.58,70.0,98.88
2,21.58,70.0,99.23
2,21.58,85.6,120.44
2,21.58,84.2,101.72
2,21.58,131.1,162.07
2,21.58,70.0,97.13
2,21.58,84.2,88.2
2,21.58,70.0,92.69
2,21.58,70.0,104.88
2,21.58,70.0,98.88
2,21.58,80.0,107.7
2,21.58,261.0,278.43
2,21.58,70.0,90.55
2,21.58,70.0,98.88
2,21.58,70.0,99.23
2,21.58,70.0,104.88
2,21.58,70.0,95.69
2,21.58,70.0,97.13
2,21.58,126.2,157.99
2,21.58,70.0,98.88
2,21.58,70.0,104.88
2,21.58,80.7,90.89
2,21.58,70.0,74.0
2,21.58,70.0,99.23
2,21.58,70.0,95.88
2,21.58,70.0,102.92
2,21.58,84.2,96.14
2,21.58,85.6,89.85
2,21.58,70.0,92.69
2,21.58,70.0,103.36
2,21.58,70.0,99.23
2,21.57,70.0,98.88
2,21.57,70.0,92.69
2,21.57,83.5,93.69
2,21.57,103.5,149.58
2,21.57,81.4,85.65
2,21.57,70.0,88.8
2,21.57,70.0,87.69
2,21.57,70.0,96.23
2,21.57,83.5,94.69
2,21.57,70.0,95.69
2,21.57,70.0,80.94
2,21.57,70.0,85.94
2,21.57,70.0,87.11
2,21.57,70.0,98.88
2,21.57,70.0,102.92
2,21.57,70.0,95.09
2,21.57,84.9,106.63
2,21.57,70.0,90.9
2,21.57,70.0,90.55
2,21.57,84.9,105.43
2,21.57,70.0,99.23
2,21.57,85.6,95.79
2,21.57,70.0,86.75
2,21.57,82.1,93.85
2,21.57,70.0,92.69
2,21.57,100.0,133.25
2,21.57,70.0,95.09
2,21.57,70.0,106.97
2,21.57,82.8,98.05
2,21.57,70.0,102.92
2,21.57,80.7,101.59
2,21.57,70.0,97.13
2,21.57,84.9,89.15
2,21.57,70.0,87.69
2,21.57,70.0,97.57
2,21.57,70.0,87.69
2,21.57,79.3,91.55
2,21.57,70.0,82.69
2,21.57,70.0,96.23
2,21.57,70.0,99.23
2,21.57,70.0,105.22
2,21.57,70.0,80.19
2,21.57,70.0,78.75
2,21.57,70.0,102.69
2,21.56,133.54,201.89
2,21.56,70.0,99.23
2,21.56,70.0,101.17
2,21.56,70.0,98.88
2,21.56,70.0,104.88
2,21.56,70.0,106.97
2,21.56,70.0,82.69
2,21.56,70.0,75.75
2,21.56,70.0,92.69
2,21.56,70.0,98.88
2,21.56,70.0,97.13
2,21.56,70.0,82.69
2,21.56,70.0,80.94
2,21.56,70.0,90.55
2,21.56,70.0,99.23
2,21.56,70.0,82.69
2,21.56,70.0,84.69
2,21.56,85.0,106.2
2,21.56,70.0,82.69
2,21.56,70.0,100.94
2,21.56,70.0,99.23
2,21.56,70.0,103.36
2,21.56,70.0,87.69
2,21.56,70.0,103.13
2,21.56,70.0,104.88
2,21.56,70.0,95.88
2,21.56,70.0,97.13
2,21.56,79.3,96.94
2,21.56,70.0,85.75
2,21.56,70.0,92.69
2,21.56,70.0,105.23
2,21.56,70.0,85.19
2,21.56,70.0,82.69
2,21.56,70.0,98.88
2,21.56,80.0,100.31
2,21.56,70.0,97.13
2,21.56,70.0,99.23
2,21.56,70.0,109.13
2,21.56,70.0,90.55
2,21.56,70.0,77.75
2,21.56,82.1,92.29
2,21.56,70.0,102.69
2,21.56,82.8,93.55
2,21.56,70.0,87.69
2,21.56,70.0,82.69
2,21.56,70.0,103.36
2,21.56,70.0,106.61
2,21.56,70.0,99.23
2,21.56,102.1,124.68
2,21.56,70.0,98.88
2,21.56,70.0,89.63
2,21.56,70.0,105.23
2,21.56,70.0,96.69
2,21.56,70.0,87.69
2,21.55,70.0,98.19
2,21.55,70.0,83.75
2,21.55,70.0,99.23
2,21.55,70.0,102.92
2,21.55,70.0,104.88
2,21.55,70.0,98.88
2,21.55,70.0,104.88
2,21.55,70.0,96.23
2,21.55,70.0,92.69
2,21.55,70.0,101.17
2,21.55,87.7,100.39
2,21.55,87.7,118.67
2,21.55,70.0,82.69
2,21.55,85.6,116.67
2,21.55,70.0,98.88
2,21.55,86.3,109.56
2,21.55,70.0,90.55
2,21.55,70.0,89.69
2,21.55,70.0,90.55
2,21.55,91.2,110.2
2,21.55,70.0,98.88
2,21.55,70.0,80.19
2,21.55,70.0,103.13
2,21.55,70.0,90.96
2,21.55,70.0,98.88
2,21.55,129.0,133.25
2,21.55,70.0,82.75
2,21.55,106.3,163.19
2,21.55,80.7,104.94
2,21.55,84.2,96.89
2,21.55,70.0,98.88
2,21.55,70.0,98.88
2,21.55,70.0,97.13
2,21.55,70.0,97.13
2,21.55,70.0,88.8
2,21.55,78.6,89.79
2,21.54,70.0,74.0
2,21.54,70.0,98.88
2,21.54,70.0,98.88
2,21.54,70.0,82.69
2,21.54,82.8,108.18
2,21.54,70.0,102.92
2,21.54,70.0,96.23
2,21.54,70.0,104.88
2,21.54,70.0,95.88
2,21.54,70.0,82.69
2,21.54,70.0,100.84
2,21.54,70.0,98.88
2,21.54,79.3,98.71
2,21.54,70.0,97.13
2,21.54,70.0,101.88
2,21.54,82.8,87.05
2,21.54,70.0,76.5
2,21.54,70.0,83.75
2,21.54,70.0,98.88
2,21.54,70.0,97.57
2,21.54,70.0,105.23
2,21.54,102.8,148.56
2,21.54,70.0,86.82
2,21.54,70.0,98.88
2,21.54,105.0,112.75
2,21.54,70.0,106.97
2,21.54,70.0,82.69
2,21.54,102.8,140.18
2,21.54,70.0,94.8
2,21.54,70.0,98.88
2,21.54,70.0,90.55
2,21.54,107.7,148.9
2,21.54,70.0,92.69
2,21.54,70.0,99.23
2,21.54,70.0,97.13
2,21.54,70.0,95.88
2,21.54,70.0,97.13
2,21.54,70.0,92.5
2,21.54,70.0,104.88
2,21.54,81.4,101.58
2,21.54,70.0,80.94
2,21.53,70.0,93.19
2,21.53,70.0,107.5
2,21.53,70.0,97.13
2,21.53,70.0,90.94
2,21.53,94.7,101.2
2,21.53,79.3,92.99
2,21.53,82.8,107.12
2,21.53,70.0,80.75
2,21.53,70.0,97.13
2,21.53,70.0,105.23
2,21.53,70.0,97.13
2,21.53,70.0,99.23
2,21.53,70.0,94.88
2,21.53,80.0,89.25
2,21.53,70.0,94.94
2,21.53,70.0,88.8
2,21.53,88.4,120.96
2,21.53,70.0,104.88
2,21.53,79.3,104.44
2,21.53,81.4,85.65
2,21.53,70.0,97.13
2,21.53,70.0,82.69
2,21.53,81.4,94.09
2,21.53,78.6,92.79
2,21.53,70.0,83.75
2,21.53,70.0,95.88
2,21.53,147.9,206.14
2,21.53,80.7,90.89
2,21.53,70.0,90.55
2,21.53,70.0,80.19
2,21.53,70.0,80.94
2,21.53,70.0,85.1
2,21.53,70.0,94.69
2,21.53,70.0,82.69
2,21.53,70.0,97.13
2,21.53,70.0,98.83
2,21.53,114.0,169.06
2,21.53,70.0,98.88
2,21.53,85.6,95.79
2,21.53,82.1,93.04
2,21.53,70.0,105.23
2,21.53,70.0,90.55
2,21.52,94.7,113.95
2,21.52,107.0,141.45
2,21.52,70.0,90.69
2,21.52,70.0,93.19
2,21.52,70.0,88.8
2,21.52,80.7,108.72
2,21.52,70.0,104.88
2,21.52,70.0,94.25
2,21.52,70.0,105.23
2,21.52,70.0,104.88
2,21.52,70.0,104.88
2,21.52,80.7,90.89
2,21.52,70.0,75.75
2,21.52,70.0,109.98
2,21.52,70.0,85.94
2,21.52,70.0,82.69
2,21.52,70.0,98.88
2,21.52,70.0,104.88
2,21.52,70.0,97.69
2,21.52,70.0,80.19
2,21.52,70.0,99.8
2,21.52,70.0,82.69
2,21.52,91.9,138.69
2,21.52,80.0,101.1
2,21.52,70.0,102.92
2,21.52,70.0,99.23
2,21.52,70.0,85.75
2,21.52,70.0,100.24
2,21.52,80.0,99.25
2,21.52,70.0,96.23
2,21.52,70.0,98.88
2,21.52,89.1,101.29
2,21.52,70.0,98.88
2,21.52,70.0,80.19
2,21.52,70.0,98.88
2,21.52,70.0,92.69
2,21.52,70.0,82.69
2,21.52,70.0,82.69
2,21.52,70.0,90.9
2,21.52,70.0,98.88
2,21.52,86.3,114.39
2,21.52,80.7,106.19
2,21.52,70.0,98.88
2,21.52,70.0,80.94
2,21.52,102.8,126.18
2,21.52,88.4,121.31
2,21.52,70.0,104.88
2,21.51,79.3,99.06
2,21.51,70.0,98.88
2,21.51,132.5,140.75
2,21.51,70.0,75.75
2,21.51,89.1,121.8
2,21.51,70.0,92.69
2,21.51,70.0,87.69
2,21.51,70.0,99.8
2,21.51,70.0,98.88
2,21.51,70.0,104.88
2,21.51,70.0,80.19
2,21.51,81.4,101.58
2,21.51,150.0,165.75
2,21.51,70.0,92.69
2,21.51,70.0,92.69
2,21.51,70.0,97.69
2,21.51,104.2,134.58
2,21.51,70.0,80.94
2,21.51,70.0,90.55
2,21.51,80.7,91.89
2,21.51,81.4,109.52
2,21.51,70.0,97.13
2,21.51,83.5,90.25
2,21.51,84.9,111.44
2,21.51,70.0,98.88
2,21.51,70.0,90.55
2,21.51,70.0,90.55
2,21.51,70.0,103.36
2,21.51,70.0,99.23
2,21.51,70.0,87.69
2,21.51,70.0,98.88
2,21.51,70.0,91.94
2,21.51,70.0,83.25
2,21.51,70.0,98.88
2,21.5,102.8,154.44
1,21.5,70.0,80.19
1,21.5,70.0,100.95
1,21.5,65.5,67.0
1,21.5,70.0,83.75
1,21.5,70.0,102.69
2,21.5,70.0,90.94
2,21.5,70.0,74.0
1,21.5,70.0,99.19
1,21.5,87.7,104.83
1,21.5,70.0,92.5
1,21.5,70.0,97.09
2,21.5,70.0,96.46
2,21.5,80.0,92.25
1,21.5,32.5,34.0
1,21.5,70.0,82.69
1,21.5,70.0,99.69
2,21.5,70.0,109.61
1,21.5,70.0,78.75
1,21.5,70.0,82.69
1,21.5,70.0,90.9
1,21.5,70.0,105.19
1,21.5,70.0,87.69
1,21.5,70.0,95.09
1,21.5,70.0,97.69
1,21.5,70.0,99.19
1,21.5,70.0,79.75
1,21.5,70.0,99.19
1,21.5,94.0,104.19
1,21.5,70.0,110.94
2,21.5,70.0,98.88
1,21.5,48.5,50.0
1,21.5,70.0,93.44
1,21.5,82.8,103.25
2,21.5,92.0,103.0
2,21.5,70.0,87.69
1,21.5,70.0,87.69
1,21.5,80.7,98.95
1,21.5,70.0,97.14
1,21.5,70.0,95.19
2,21.5,88.4,120.38
1,21.5,70.0,97.09
1,21.5,98.6,121.98
1,21.5,82.1,109.8
1,21.5,89.8,100.74
2,21.5,70.0,98.88
2,21.5,84.2,104.95
2,21.5,70.0,105.22
1,21.5,70.0,99.19
1,21.5,70.0,87.69
1,21.5,70.0,109.59
1,21.5,79.3,106.25
1,21.5,70.0,87.69
1,21.5,70.0,90.19
2,21.5,70.0,99.23
1,21.5,78.6,89.79
1,21.5,70.0,80.94
2,21.5,70.0,104.88
1,21.5,70.0,90.69
2,21.5,70.0,99.8
1,21.5,70.0,95.94
1,21.5,70.0,82.69
1,21.5,56.5,58.0
1,21.5,87.7,95.95
1,21.5,70.0,107.69
1,21.5,70.0,92.69
2,21.5,70.0,90.96
2,21.5,70.0,104.88
1,21.5,70.0,97.69
1,21.5,105.6,150.6
1,21.5,70.0,82.69
2,21.5,70.0,97.13
1,21.5,70.0,97.09
1,21.5,70.0,103.34
2,21.5,70.0,87.69
1,21.5,48.5,56.94
2,21.5,70.0,102.92
1,21.5,83.5,105.3
1,21.5,62.5,70.94
1,21.5,84.2,95.39
1,21.5,70.0,90.0
1,21.5,70.0,90.69
1,21.5,70.0,87.69
1,21.5,70.0,86.94
1,21.5,91.2,124.83
1,21.5,70.0,92.69
1,21.5,70.0,99.19
1,21.5,131.8,150.8
2,21.5,113.3,129.43
2,21.5,70.0,84.19
1,21.5,82.1,102.4
1,21.5,70.0,102.19
1,21.5,63.5,71.94
2,21.5,70.0,98.88
1,21.5,82.1,97.55
1,21.5,44.5,52.94
1,21.5,45.5,53.94
1,21.5,80.7,106.15
1,21.5,65.5,67.0
2,21.5,70.0,97.69
2,21.5,70.0,99.23
2,21.5,70.0,82.69
2,21.5,70.0,99.23
2,21.5,104.2,127.08
1,21.5,70.0,87.69
2,21.5,107.3,121.65
1,21.5,81.4,85.65
1,21.5,70.0,96.19
1,21.5,70.0,82.69
1,21.5,50.5,52.0
1,21.5,78.6,89.79
1,21.5,70.0,92.69
1,21.5,70.0,90.0
2,21.5,80.7,91.89
1,21.5,70.0,103.34
1,21.5,70.0,95.94
1,21.5,70.0,99.19
2,21.5,70.0,95.88
2,21.5,80.7,89.95
2,21.5,70.0,82.69
1,21.5,70.0,100.94
1,21.5,70.0,90.9
2,21.5,82.8,100.0
1,21.5,70.0,96.19
1,21.5,70.0,80.75
1,21.5,63.5,65.0
1,21.5,89.8,114.05
2,21.5,86.3,108.66
2,21.5,70.0,80.19
1,21.5,0.01,1.01
1,21.5,65.5,73.94
1,21.5,70.0,99.19
1,21.5,70.0,90.94
1,21.5,61.5,82.08
2,21.5,70.0,98.88
2,21.5,70.0,98.88
1,21.5,82.8,91.05
1,21.5,70.0,99.23
1,21.5,70.0,99.19
1,21.5,136.7,149.39
1,21.5,70.0,80.94
2,21.5,70.0,95.19
1,21.5,70.0,99.19
1,21.5,110.5,161.83
1,21.5,70.0,90.94
1,21.5,70.0,97.09
1,21.5,70.0,105.94
2,21.5,88.4,109.98
1,21.5,51.5,59.94
1,21.5,70.0,99.19
1,21.5,86.3,96.49
1,21.5,95.4,122.25
1,21.5,89.1,95.6
1,21.5,85.6,88.85
2,21.5,81.4,94.09
1,21.5,91.9,131.64
1,21.5,82.8,88.55
1,21.5,70.0,97.09
1,21.5,70.0,99.19
2,21.49,70.0,96.69
2,21.49,100.0,121.75
2,21.49,70.0,98.88
2,21.49,70.0,97.13
2,21.49,70.0,97.13
2,21.49,70.0,98.88
2,21.49,70.0,90.9
2,21.49,70.0,87.69
2,21.49,70.0,98.88
2,21.49,70.0,90.19
2,21.49,70.0,98.88
2,21.49,70.0,97.69
2,21.49,70.0,82.69
2,21.49,82.8,107.12
2,21.49,70.0,98.88
2,21.49,70.0,93.69
2,21.49,70.0,80.19
2,21.49,70.0,94.69
2,21.49,70.0,95.88
2,21.49,70.0,99.23
2,21.49,82.8,91.24
2,21.49,89.8,117.49
2,21.49,70.0,85.75
2,21.49,84.5,115.68
2,21.49,70.0,99.23
2,21.49,70.0,95.94
2,21.49,70.0,95.94
2,21.49,70.0,98.88
2,21.49,79.3,100.26
2,21.49,70.0,87.69
2,21.49,70.0,98.88
2,21.49,70.0,98.88
2,21.49,70.0,105.23
2,21.49,70.0,90.55
2,21.49,80.7,101.59
2,21.49,81.4,108.43
2,21.49,70.0,99.23
2,21.49,70.0,98.88
2,21.49,70.0,104.88
2,21.49,78.6,110.55
2,21.49,70.0,99.23
2,21.48,80.0,104.87
2,21.48,70.0,98.88
2,21.48,70.0,76.75
2,21.48,70.0,99.23
2,21.48,70.0,80.55
2,21.48,70.0,98.88
2,21.48,70.0,95.88
2,21.48,70.0,99.23
2,21.48,70.0,80.75
2,21.48,80.0,102.55
2,21.48,70.0,97.69
2,21.48,70.0,104.88
2,21.48,131.8,136.05
2,21.48,82.8,92.99
2,21.48,70.0,98.88
2,21.48,70.0,107.42
2,21.48,80.0,107.19
2,21.48,70.0,90.19
2,21.48,70.0,97.13
2,21.48,70.0,98.88
2,21.48,70.0,92.69
2,21.48,70.0,103.36
2,21.48,70.0,90.96
2,21.48,81.4,100.65
2,21.48,102.8,151.42
2,21.48,79.3,98.71
2,21.48,85.6,106.62
2,21.48,70.0,98.88
2,21.48,70.0,99.23
2,21.48,70.0,98.88
2,21.48,70.0,102.92
2,21.48,70.0,98.88
2,21.48,70.0,92.19
2,21.48,70.0,92.61
2,21.48,87.7,98.45
2,21.48,70.0,97.13
2,21.48,80.7,90.89
2,21.48,70.0,99.23
2,21.48,70.0,102.7
2,21.48,70.0,98.88
2,21.48,70.0,98.88
2,21.47,70.0,90.75
2,21.47,70.0,85.94
2,21.47,70.0,96.55
2,21.47,82.8,104.11
2,21.47,70.0,104.88
2,21.47,70.0,80.75
2,21.47,70.0,98.69
2,21.47,70.0,107.5
2,21.47,80.7,84.95
2,21.47,70.0,96.75
2,21.47,70.0,104.88
2,21.47,78.6,89.85
2,21.47,81.4,106.63
2,21.47,70.0,104.88
2,21.47,70.0,99.23
2,21.47,70.0,84.69
2,21.47,70.0,80.75
2,21.47,70.0,104.88
2,21.47,70.0,85.19
2,21.47,70.0,87.69
2,21.47,82.8,95.49
2,21.47,134.6,136.1
2,21.47,70.0,104.88
2,21.47,70.0,80.75
2,21.47,70.0,82.75
2,21.47,70.0,96.55
2,21.47,101.0,134.33
2,21.47,70.0,95.69
2,21.47,80.7,107.59
2,21.47,70.0,102.92
2,21.47,70.0,98.88
2,21.47,70.0,99.23
2,21.47,70.0,98.88
2,21.47,70.0,82.69
2,21.47,70.0,99.23
2,21.47,70.0,98.88
2,21.47,90.5,124.57
2,21.47,84.2,98.65
2,21.47,101.4,138.94
2,21.47,70.0,90.55
2,21.47,150.0,198.07
2,21.47,111.5,120.75
2,21.47,89.8,111.66
2,21.47,110.0,155.47
2,21.47,70.0,98.88
2,21.47,70.0,90.69
2,21.47,70.0,95.88
2,21.47,132.5,162.55
2,21.47,70.0,98.88
2,21.47,70.0,97.69
2,21.47,70.0,106.05
2,21.47,70.0,87.69
2,21.46,70.0,80.19
2,21.46,70.0,106.97
2,21.46,70.0,85.94
2,21.46,70.0,92.69
2,21.46,70.0,107.5
2,21.46,84.2,90.95
2,21.46,70.0,103.36
2,21.46,70.0,104.88
2,21.46,70.0,97.13
2,21.46,82.1,87.1
2,21.46,70.0,82.69
2,21.46,79.3,82.55
2,21.46,70.0,104.88
2,21.46,70.0,97.13
2,21.46,70.0,92.69
2,21.46,70.0,105.23
2,21.46,70.0,80.94
2,21.46,70.0,98.88
2,21.46,70.0,97.57
2,21.46,70.0,92.19
2,21.46,70.0,98.88
2,21.46,70.0,98.88
2,21.46,70.0,82.69
2,21.46,70.0,98.88
2,21.46,70.0,104.88
2,21.46,70.0,80.19
2,21.46,80.7,89.95
2,21.46,70.0,90.0
2,21.46,70.0,98.88
2,21.46,84.2,88.45
2,21.46,70.0,87.11
2,21.46,70.0,82.69
2,21.46,70.0,87.69
2,21.46,82.8,89.8
2,21.46,70.0,97.69
2,21.46,70.0,82.69
2,21.46,80.7,91.89
2,21.46,70.0,98.88
2,21.46,70.0,100.24
2,21.46,89.1,97.35
2,21.46,70.0,98.88
2,21.46,70.0,91.8
2,21.46,70.0,80.19
2,21.46,130.0,160.2
2,21.46,70.0,99.23
2,21.46,70.0,80.94
2,21.46,136.7,190.82
2,21.46,137.4,168.43
2,21.46,70.0,81.4
2,21.46,101.4,141.34
2,21.46,82.1,111.07
2,21.46,70.0,90.55
2,21.46,96.1,99.35
2,21.46,70.0,98.88
2,21.46,135.3,149.68
2,21.46,70.0,102.92
2,21.45,70.0,95.88
2,21.45,70.0,81.81
2,21.45,70.0,80.19
2,21.45,70.0,98.88
2,21.45,70.0,87.69
2,21.45,92.6,110.29
2,21.45,70.0,101.88
2,21.45,78.6,92.85
2,21.45,70.0,82.69
2,21.45,79.3,114.55
2,21.45,70.0,96.55
2,21.45,70.0,87.69
2,21.45,70.0,82.69
2,21.45,70.0,74.0
2,21.45,70.0,98.88
2,21.45,103.8,129.31
2,21.45,70.0,90.19
2,21.45,83.5,108.44
2,21.45,70.0,95.94
2,21.45,79.3,89.49
2,21.45,70.0,82.69
2,21.45,84.2,92.45
2,21.45,70.0,95.88
2,21.45,85.6,88.85
2,21.45,82.1,91.35
2,21.45,70.0,98.88
2,21.45,70.0,75.75
2,21.45,70.0,99.8
2,21.45,70.0,95.88
2,21.45,70.0,104.88
2,21.45,70.0,91.35
2,21.45,70.0,80.19
2,21.45,70.0,102.92
2,21.45,70.0,83.33
2,21.45,70.0,98.88
2,21.45,97.5,103.25
2,21.45,70.0,98.88
2,21.45,70.0,101.18
2,21.45,70.0,92.69
2,21.45,70.0,95.09
2,21.45,70.0,90.96
2,21.45,102.8,127.93
2,21.45,70.0,107.5
2,21.45,70.0,98.88
2,21.45,78.6,99.07
2,21.45,70.0,82.69
2,21.45,70.0,98.88
2,21.44,102.1,139.02
2,21.44,70.0,94.25
2,21.44,70.0,90.69
2,21.44,70.0,80.94
2,21.44,70.0,93.0
2,21.44,70.0,97.13
2,21.44,70.0,99.23
2,21.44,81.4,102.43
2,21.44,70.0,96.23
2,21.44,70.0,82.69
2,21.44,70.0,88.75
2,21.44,70.0,102.23
2,21.44,70.0,102.92
2,21.44,70.0,100.5
2,21.44,70.0,90.55
2,21.44,70.0,98.88
2,21.44,70.0,102.92
2,21.44,70.0,90.9
2,21.44,78.6,110.55
2,21.44,70.0,90.9
2,21.44,70.0,90.96
2,21.44,70.0,95.88
2,21.44,70.0,88.69
2,21.44,70.0,98.88
2,21.44,70.0,75.75
2,21.44,70.0,105.23
2,21.44,70.0,98.88
2,21.44,92.6,95.85
2,21.44,70.0,82.69
2,21.44,70.0,98.88
2,21.44,70.0,94.25
2,21.44,70.0,98.88
2,21.44,70.0,98.88
2,21.44,70.0,97.69
2,21.44,107.0,179.57
2,21.44,70.0,98.88
2,21.44,70.0,102.92
2,21.44,70.0,109.17
2,21.44,70.0,85.19
2,21.44,70.0,82.69
2,21.44,82.8,104.11
2,21.44,70.0,90.55
2,21.44,70.0,99.23
2,21.44,70.0,98.88
2,21.44,91.9,119.83
2,21.44,70.0,94.8
2,21.44,70.0,90.55
2,21.44,70.0,99.23
2,21.44,87.0,107.95
2,21.44,87.0,125.55
2,21.44,70.0,98.88
2,21.44,70.0,94.25
2,21.44,70.0,80.94
2,21.44,70.0,90.69
2,21.43,70.0,88.8
2,21.43,70.0,85.69
2,21.43,70.0,103.13
2,21.43,70.0,80.75
2,21.43,70.0,104.88
2,21.43,70.0,91.0
2,21.43,70.0,99.89
2,21.43,70.0,99.23
2,21.43,70.0,82.69
2,21.43,70.0,99.23
2,21.43,70.0,98.88
2,21.43,70.0,123.68
2,21.43,83.5,90.0
2,21.43,70.0,82.69
2,21.43,70.0,99.23
2,21.43,80.7,117.68
2,21.43,70.0,75.75
2,21.43,70.0,107.5
2,21.43,70.0,97.13
2,21.43,70.0,95.88
2,21.43,98.9,147.21
2,21.43,70.0,92.69
2,21.43,70.0,100.69
2,21.43,70.0,95.88
2,21.43,70.0,99.23
2,21.43,77.9,98.23
2,21.43,70.0,98.88
2,21.43,82.1,112.85
2,21.43,70.0,99.23
2,21.43,70.0,107.5
2,21.43,70.0,99.23
2,21.43,70.0,98.88
2,21.43,70.0,102.92
2,21.43,70.0,85.94
2,21.43,70.0,97.13
2,21.43,84.9,105.43
2,21.43,70.0,111.72
2,21.43,80.0,108.53
2,21.43,70.0,95.88
2,21.43,79.3,83.55
2,21.42,70.0,96.29
2,21.42,70.0,92.69
2,21.42,70.0,104.88
2,21.42,70.0,87.69
2,21.42,89.1,113.47
2,21.42,70.0,87.69
2,21.42,70.0,102.92
2,21.42,70.0,90.96
2,21.42,70.0,85.94
2,21.42,70.0,87.69
2,21.42,70.0,104.88
2,21.42,70.0,98.88
2,21.42,70.0,87.11
2,21.42,70.0,90.96
2,21.42,70.0,80.94
2,21.42,70.0,98.88
2,21.42,70.0,101.86
2,21.42,90.5,96.25
2,21.42,70.0,96.46
2,21.42,70.0,97.13
2,21.42,84.2,115.92
2,21.42,79.3,108.24
2,21.42,70.0,98.88
2,21.42,70.0,95.94
2,21.42,70.0,85.75
2,21.42,70.0,109.17
2,21.42,70.0,92.69
2,21.42,141.6,177.98
2,21.42,70.0,102.23
2,21.42,70.0,92.69
2,21.42,80.7,99.94
2,21.42,70.0,95.09
2,21.42,70.0,97.69
2,21.42,80.7,107.59
2,21.42,86.3,99.55
2,21.42,70.0,92.69
2,21.42,70.0,82.0
2,21.42,70.0,92.69
2,21.42,70.0,99.23
2,21.42,70.0,102.69
2,21.42,70.0,82.69
2,21.42,103.8,129.31
2,21.42,91.9,114.18
2,21.42,70.0,95.88
2,21.42,70.0,98.88
2,21.42,70.0,90.9
2,21.41,70.0,106.97
2,21.41,79.3,99.91
2,21.41,70.0,85.69
2,21.41,70.0,92.69
2,21.41,70.0,82.69
2,21.41,70.0,102.92
2,21.41,70.0,87.69
2,21.41,70.0,87.69
2,21.41,70.0,97.69
2,21.41,70.0,88.0
2,21.41,70.0,99.23
2,21.41,70.0,99.23
2,21.41,70.0,96.23
2,21.41,70.0,96.75
2,21.41,70.0,98.88
2,21.41,70.0,109.17
2,21.41,70.0,82.69
2,21.41,70.0,94.8
2,21.41,70.0,90.0
2,21.41,70.0,87.69
2,21.41,70.0,98.88
2,21.41,70.0,80.75
2,21.41,70.0,98.88
2,21.41,70.0,103.36
2,21.41,70.0,106.97
2,21.41,70.0,85.19
2,21.41,70.0,98.88
2,21.41,70.0,97.13
2,21.41,70.0,99.23
2,21.41,70.0,99.8
2,21.41,70.0,92.69
2,21.41,70.0,90.55
2,21.41,70.0,96.55
2,21.41,80.7,91.89
2,21.41,70.0,101.17
2,21.41,70.0,87.94
2,21.41,70.0,98.88
2,21.41,117.5,166.56
2,21.41,70.0,98.88
2,21.41,70.0,95.94
2,21.41,89.8,103.05
2,21.41,103.5,155.4
2,21.41,70.0,98.88
2,21.41,79.3,98.71
2,21.41,70.0,98.88
2,21.41,70.0,87.69
2,21.41,70.0,99.23
2,21.41,70.0,98.88
2,21.41,70.0,97.13
2,21.41,70.0,87.69
2,21.41,99.6,113.85
2,21.41,70.0,92.5
2,21.41,82.8,87.8
2,21.41,70.0,87.69
2,21.41,70.0,87.9
2,21.41,70.0,104.88
1,21.4,81.4,82.9
1,21.4,80.0,95.19
1,21.4,70.0,90.69
1,21.4,33.5,35.0
2,21.4,70.0,104.88
2,21.4,70.0,95.88
2,21.4,70.0,99.23
2,21.4,70.0,80.75
1,21.4,82.1,93.29
2,21.4,70.0,80.75
2,21.4,89.1,119.15
2,21.4,70.0,106.97
1,21.4,70.0,82.69
2,21.4,70.0,74.0
1,21.4,70.0,105.19
1,21.4,70.0,88.8
1,21.4,70.0,82.69
1,21.4,70.0,103.34
1,21.4,56.5,58.0
2,21.4,70.0,90.9
2,21.4,70.0,90.69
1,21.4,70.0,92.5
2,21.4,88.4,99.59
1,21.4,70.0,105.19
1,21.4,60.5,62.0
1,21.4,70.0,103.34
1,21.4,36.5,38.0
2,21.4,82.1,102.07
1,21.4,82.8,86.05
1,21.4,70.0,87.69
1,21.4,70.0,87.69
1,21.4,51.5,53.0
1,21.4,78.6,82.85
1,21.4,109.1,132.85
2,21.4,70.0,105.23
1,21.4,64.5,72.94
1,21.4,135.0,173.64
2,21.4,70.0,101.17
1,21.4,61.5,65.45
1,21.4,70.0,100.69
1,21.4,70.0,103.09
1,21.4,70.0,87.69
1,21.4,70.0,113.99
1,21.4,101.4,126.15
1,21.4,70.0,79.0
2,21.4,84.2,104.59
2,21.4,70.0,74.0
1,21.4,70.0,89.69
1,21.4,80.0,101.1
2,21.4,70.0,98.88
2,21.4,70.0,98.88
2,21.4,103.5,141.46
1,21.4,80.0,100.8
2,21.4,70.0,85.75
1,21.4,70.0,99.19
1,21.4,70.0,87.69
1,21.4,56.5,64.94
2,21.4,87.0,90.25
1,21.4,70.0,100.69
2,21.4,70.0,104.88
1,21.4,66.5,68.0
2,21.4,88.0,91.5
1,21.4,70.0,99.19
1,21.4,70.0,99.19
1,21.4,70.0,92.69
2,21.4,70.0,80.94
1,21.4,92.6,96.6
1,21.4,70.0,97.94
2,21.4,70.0,98.88
1,21.4,82.8,104.15
1,21.4,70.0,88.69
1,21.4,55.5,57.0
1,21.4,70.0,87.69
1,21.4,70.0,80.94
1,21.4,44.5,52.94
1,21.4,56.5,58.0
1,21.4,70.0,105.19
1,21.4,62.5,64.0
1,21.4,82.1,95.54
1,21.4,134.6,147.85
1,21.4,89.0,110.1
2,21.4,70.0,75.75
2,21.4,70.0,85.75
1,21.4,70.0,82.69
1,21.4,67.5,69.0
1,21.4,70.0,92.69
2,21.4,70.0,98.88
2,21.4,70.0,98.88
2,21.4,82.1,92.29
1,21.4,57.5,59.0
1,21.4,70.0,97.69
1,21.4,70.0,82.69
1,21.4,43.5,45.0
2,21.4,70.0,95.88
1,21.4,79.3,89.49
2,21.4,85.6,106.62
1,21.4,70.0,99.19
2,21.4,107.0,154.5
1,21.4,70.0,97.57
2,21.4,70.0,92.5
1,21.4,70.0,99.24
1,21.4,70.0,99.19
1,21.4,70.0,109.59
1,21.4,65.5,69.6
1,21.4,70.0,82.69
1,21.4,70.0,101.14
1,21.4,45.5,53.94
1,21.4,70.0,105.19
1,21.4,70.0,99.19
2,21.4,103.5,155.4
1,21.4,70.0,85.75
1,21.4,70.0,90.0
2,21.4,70.0,80.94
1,21.4,100.0,104.18
1,21.4,83.5,96.75
1,21.4,70.0,103.34
1,21.4,32.5,34.0
2,21.4,70.0,85.94
1,21.4,55.5,57.0
1,21.4,70.0,92.69
1,21.4,70.0,90.69
2,21.4,70.0,99.23
1,21.4,70.0,96.46
2,21.4,102.8,126.3
1,21.4,70.0,82.69
1,21.4,70.0,90.9
2,21.4,70.0,98.88
1,21.4,140.0,171.13
1,21.4,70.0,99.19
1,21.4,63.5,70.2
1,21.4,70.0,99.24
2,21.4,70.0,90.55
2,21.4,70.0,82.69
1,21.4,70.0,99.19
1,21.4,70.0,99.94
1,21.4,70.0,102.69
1,21.4,96.8,127.99
1,21.4,70.0,85.94
2,21.4,70.0,90.94
1,21.4,70.0,85.75
1,21.4,70.0,95.19
1,21.4,70.0,100.69
1,21.4,70.0,90.9
1,21.4,70.0,82.69
1,21.4,70.0,105.19
1,21.4,70.0,92.69
1,21.4,107.0,168.76
1,21.4,96.8,101.8
2,21.4,70.0,102.69
1,21.4,65.5,67.0
1,21.4,70.0,103.34
1,21.4,70.0,90.9
1,21.4,70.0,82.69
1,21.4,70.0,97.09
1,21.4,55.5,63.94
1,21.4,70.0,100.19
1,21.4,70.0,99.23
2,21.4,102.1,143.2
2,21.4,70.0,98.88
1,21.4,70.0,99.19
1,21.4,70.0,92.69
1,21.4,61.5,63.0
1,21.4,70.5,72.0
1,21.4,70.0,90.9
2,21.4,70.0,104.88
1,21.4,59.5,61.0
2,21.4,70.0,82.69
1,21.4,70.0,103.69
2,21.4,70.0,90.55
1,21.4,70.0,101.14
2,21.4,80.0,102.55
1,21.4,79.3,90.05
1,21.4,79.3,101.74
1,21.4,70.0,82.69
1,21.4,106.3,125.28
1,21.4,70.0,96.15
1,21.4,56.5,64.94
1,21.4,70.0,93.94
2,21.4,84.2,109.95
1,21.4,40.5,42.0
1,21.4,104.5,135.3
1,21.4,70.0,86.94
1,21.4,70.0,99.24
2,21.39,70.0,92.69
2,21.39,70.0,98.88
2,21.39,70.0,80.94
2,21.39,70.0,90.69
2,21.39,70.0,98.88
2,21.39,70.0,82.69
2,21.39,70.0,82.69
2,21.39,70.0,103.0
2,21.39,70.0,98.88
2,21.39,70.0,99.23
2,21.39,70.0,92.69
2,21.39,119.2,124.2
2,21.39,101.4,128.45
2,21.39,70.0,98.88
2,21.39,70.0,87.69
2,21.39,87.7,108.79
2,21.39,70.0,95.88
2,21.39,90.5,130.45
2,21.39,70.0,90.55
2,21.39,70.0,101.17
2,21.39,70.0,102.92
2,21.39,70.0,90.69
2,21.39,70.0,80.19
2,21.39,70.0,92.69
2,21.39,80.0,84.25
2,21.39,104.9,105.9
2,21.39,70.0,95.19
2,21.39,70.0,82.81
2,21.39,96.1,123.75
2,21.39,82.69,97.94
2,21.39,70.0,97.13
2,21.39,85.6,107.47
2,21.39,70.0,92.69
2,21.39,80.0,84.25
2,21.39,70.0,87.69
2,21.39,70.0,82.69
2,21.39,70.0,98.88
2,21.39,70.0,87.69
2,21.39,70.0,87.69
2,21.39,70.0,85.94
2,21.39,70.0,97.13
2,21.39,70.0,90.55
2,21.39,70.0,99.23
2,21.39,70.0,98.88
2,21.38,70.0,94.25
2,21.38,70.0,95.88
2,21.38,100.0,116.85
2,21.38,70.0,82.69
2,21.38,70.0,104.88
2,21.38,70.0,90.69
2,21.38,89.1,99.29
2,21.38,80.0,90.19
2,21.38,88.4,96.65
2,21.38,70.0,99.23
2,21.38,70.0,80.19
2,21.38,70.0,95.88
2,21.38,84.9,115.01
2,21.38,70.0,80.19
2,21.38,70.0,80.19
2,21.38,70.0,94.25
2,21.38,70.0,87.69
2,21.38,70.0,90.9
2,21.38,70.0,98.88
2,21.38,70.0,104.88
2,21.38,80.7,104.5
2,21.38,70.0,75.75
2,21.38,77.9,91.59
2,21.38,70.0,98.88
2,21.38,70.0,98.88
2,21.38,70.0,98.88
2,21.38,70.0,92.5
2,21.38,70.0,105.23
2,21.38,85.6,106.27
2,21.38,83.5,103.75
2,21.38,83.5,106.75
2,21.38,70.0,88.8
2,21.38,79.3,100.49
2,21.38,88.4,120.64
2,21.38,70.0,102.92
2,21.38,79.3,83.55
2,21.38,70.0,98.88
2,21.38,70.0,98.88
2,21.38,70.0,99.23
2,21.38,70.0,92.69
2,21.38,70.0,80.75
2,21.38,116.8,165.82
2,21.38,82.8,116.69
2,21.38,70.0,102.92
2,21.38,70.0,109.17
2,21.38,70.0,98.88
2,21.38,70.0,90.69
2,21.38,77.9,89.09
2,21.38,70.0,90.69
2,21.38,70.0,87.69
2,21.38,70.0,104.88
2,21.38,70.0,98.88
2,21.38,119.2,177.92
2,21.37,70.0,104.88
2,21.37,70.0,99.23
2,21.37,80.7,105.75
2,21.37,70.0,88.8
2,21.37,70.0,98.88
2,21.37,70.0,82.69
2,21.37,77.9,82.15
2,21.37,70.0,80.94
2,21.37,70.0,97.13
2,21.37,70.0,97.13
2,21.37,70.0,94.69
2,21.37,70.0,101.17
2,21.37,70.0,95.88
2,21.37,70.0,99.23
2,21.37,70.0,96.46
2,21.37,83.5,93.69
2,21.37,70.0,103.36
2,21.37,70.0,96.23
2,21.37,70.0,95.88
2,21.37,70.0,99.23
2,21.37,70.0,87.69
2,21.37,80.0,99.55
2,21.37,70.0,98.88
2,21.37,70.0,94.25
2,21.37,70.0,94.25
2,21.37,70.0,90.69
2,21.37,70.0,103.36
2,21.37,70.0,95.51
2,21.37,70.0,98.88
2,21.37,70.0,104.88
2,21.37,79.3,91.99
2,21.37,70.0,97.13
2,21.37,70.0,95.09
2,21.37,80.0,83.25
2,21.37,70.0,82.69
2,21.37,89.1,92.35
2,21.37,70.0,90.9
2,21.37,70.0,98.88
2,21.37,87.7,100.49
2,21.37,70.0,82.69
2,21.37,87.0,114.13
2,21.37,70.0,101.88
2,21.37,70.0,99.23
2,21.37,104.2,151.36
2,21.37,70.0,98.88
2,21.37,70.0,98.88
2,21.37,82.1,114.95
2,21.37,114.3,138.55
2,21.37,70.0,96.69
2,21.36,70.0,97.13
2,21.36,134.6,138.85
2,21.36,70.0,94.8
2,21.36,70.0,92.69
2,21.36,70.0,80.75
2,21.36,70.0,109.61
2,21.36,102.1,148.1
2,21.36,123.4,127.65
2,21.36,86.3,95.74
2,21.36,70.0,99.23
2,21.36,70.0,98.88
2,21.36,70.0,103.13
2,21.36,82.1,86.35
2,21.36,78.6,99.07
2,21.36,70.0,96.69
2,21.36,82.1,92.1
2,21.36,70.0,82.69
2,21.36,70.0,82.69
2,21.36,124.8,167.46
2,21.36,70.0,105.23
2,21.36,70.0,92.69
2,21.36,70.0,93.0
2,21.36,70.0,102.92
2,21.36,70.0,98.88
2,21.36,84.2,104.95
2,21.36,70.0,100.84
2,21.36,70.0,98.88
2,21.36,82.8,104.46
2,21.36,70.0,93.94
2,21.36,70.0,102.92
2,21.36,70.0,88.8
2,21.36,70.0,98.88
2,21.36,70.0,95.09
2,21.36,70.0,99.23
2,21.36,70.0,90.69
2,21.36,70.0,102.92
2,21.36,70.0,82.69
2,21.36,78.6,107.4
2,21.36,98.0,100.76
2,21.36,70.0,82.69
2,21.36,77.9,101.23
2,21.36,70.0,95.88
2,21.36,104.2,156.24
2,21.36,70.0,95.09
2,21.36,70.0,98.88
2,21.36,70.0,94.19
2,21.36,70.0,99.23
2,21.36,70.0,96.46
2,21.36,80.7,94.95
2,21.36,70.0,103.13
2,21.36,81.4,91.59
2,21.35,100.3,117.48
2,21.35,70.0,97.69
2,21.35,104.9,126.65
2,21.35,70.0,97.13
2,21.35,70.0,74.0
2,21.35,90.5,115.15
2,21.35,70.0,80.19
2,21.35,70.0,97.13
2,21.35,70.0,104.88
2,21.35,79.3,89.49
2,21.35,70.0,80.94
2,21.35,70.0,97.13
2,21.35,70.0,97.69
2,21.35,70.0,96.23
2,21.35,70.0,98.49
2,21.35,80.0,99.25
2,21.35,70.0,98.88
2,21.35,70.0,80.94
2,21.35,84.2,105.79
2,21.35,70.0,101.17
2,21.35,70.0,104.88
2,21.35,78.6,99.42
2,21.35,70.0,103.13
2,21.35,70.0,106.97
2,21.35,70.0,99.23
2,21.35,105.9,138.47
2,21.35,84.9,95.84
2,21.35,70.0,102.92
2,21.35,70.0,86.69
2,21.35,115.0,159.76
2,21.35,70.0,104.88
2,21.35,79.3,94.55
2,21.35,70.0,104.88
2,21.35,70.0,99.23
2,21.35,70.0,98.88
2,21.35,70.0,104.88
2,21.35,70.0,104.88
2,21.35,70.0,98.88
2,21.35,70.0,84.0
2,21.35,70.0,102.92
2,21.35,70.0,95.09
2,21.35,101.4,154.68
2,21.35,70.0,104.88
2,21.35,80.0,112.08
2,21.35,70.0,98.88
2,21.35,80.7,90.89
2,21.35,70.0,98.88
2,21.35,70.0,97.19
2,21.35,120.0,142.75
2,21.35,101.4,125.72
2,21.35,70.0,82.69
2,21.35,70.0,90.9
2,21.35,80.0,98.25
2,21.35,78.6,91.29
2,21.35,70.0,98.88
2,21.35,70.0,99.23
2,21.34,78.6,92.29
2,21.34,70.0,98.88
2,21.34,70.0,85.69
2,21.34,70.0,99.23
2,21.34,70.0,109.17
2,21.34,86.3,107.46
2,21.34,100.0,119.69
2,21.34,70.0,98.88
2,21.34,70.0,99.23
2,21.34,70.0,95.88
2,21.34,70.0,75.75
2,21.34,70.0,87.69
2,21.34,70.0,97.13
2,21.34,70.0,80.94
2,21.34,70.0,99.8
2,21.34,70.0,95.94
2,21.34,110.0,117.75
2,21.34,70.0,103.13
2,21.34,70.0,84.69
2,21.34,70.0,96.69
2,21.34,70.0,102.92
2,21.34,70.0,87.69
2,21.34,70.0,82.69
2,21.34,70.0,92.69
2,21.34,70.0,99.23
2,21.34,100.7,164.0
2,21.34,70.0,86.82
2,21.34,83.5,96.19
2,21.34,102.8,155.58
2,21.34,70.0,95.09
2,21.34,70.0,88.44
2,21.34,70.0,99.23
2,21.34,133.2,148.95
2,21.34,70.0,92.69
2,21.34,82.8,93.55
2,21.34,70.0,85.94
2,21.34,83.5,106.19
2,21.34,70.0,98.88
2,21.34,70.0,97.69
2,21.34,70.0,82.69
2,21.34,85.6,115.85
2,21.34,70.0,98.88
2,21.34,70.0,99.23
2,21.34,70.0,107.69
2,21.34,70.0,99.69
2,21.34,87.0,108.3
2,21.34,84.9,96.09
2,21.34,70.0,99.23
2,21.34,80.0,99.9
2,21.34,82.0,99.92
2,21.34,70.0,92.94
2,21.34,70.0,104.88
2,21.34,85.6,106.27
2,21.34,70.0,95.09
2,21.34,79.3,87.55
2,21.34,70.0,80.94
2,21.34,70.0,80.94
2,21.34,70.0,99.23
2,21.34,70.0,99.69
2,21.34,70.0,102.92
2,21.34,70.0,99.23
2,21.34,70.0,105.23
2,21.34,117.5,118.5
2,21.34,70.0,95.51
2,21.34,70.0,97.69
2,21.34,70.0,92.69
2,21.33,70.0,98.21
2,21.33,70.0,82.69
2,21.33,129.0,181.92
2,21.33,70.0,87.69
2,21.33,83.5,103.75
2,21.33,70.0,95.88
2,21.33,80.0,102.69
2,21.33,80.0,102.55
2,21.33,70.0,98.88
2,21.33,70.0,99.69
2,21.33,70.0,87.69
2,21.33,102.8,116.63
2,21.33,70.0,98.88
2,21.33,70.0,88.19
2,21.33,70.0,92.69
2,21.33,111.5,140.57
2,21.33,70.0,98.88
2,21.33,70.0,90.69
2,21.33,70.0,97.13
2,21.33,70.0,96.23
2,21.33,70.0,103.13
2,21.33,70.0,98.88
2,21.33,70.0,75.75
2,21.33,91.9,96.9
2,21.33,70.0,98.88
2,21.33,70.0,99.23
2,21.33,70.0,99.23
2,21.33,70.0,109.17
2,21.33,70.0,95.88
2,21.33,70.0,98.88
2,21.33,70.0,91.69
2,21.33,70.0,98.88
2,21.33,70.0,97.13
2,21.33,70.0,75.75
2,21.33,70.0,74.0
2,21.33,70.0,80.94
2,21.33,70.0,82.69
2,21.33,70.0,90.19
2,21.33,70.0,104.88
2,21.33,70.0,103.36
2,21.33,80.0,90.94
2,21.33,115.0,150.55
2,21.33,70.0,104.88
2,21.33,70.0,98.88
2,21.33,81.4,97.14
2,21.33,70.0,99.23
2,21.33,114.7,160.3
2,21.32,70.0,109.17
2,21.32,70.0,98.88
2,21.32,82.1,87.1
2,21.32,83.5,86.75
2,21.32,70.0,90.19
2,21.32,70.0,83.75
2,21.32,70.0,98.83
2,21.32,70.0,90.75
2,21.32,70.0,104.25
2,21.32,89.1,114.29
2,21.32,70.0,105.23
2,21.32,70.0,84.69
2,21.32,70.0,85.51
2,21.32,70.0,80.19
2,21.32,70.0,109.17
2,21.32,70.0,95.88
2,21.32,70.0,109.17
2,21.32,70.0,105.23
2,21.32,70.0,102.23
2,21.32,70.0,74.0
2,21.32,70.0,98.88
2,21.32,70.0,96.23
2,21.32,78.6,97.87
2,21.32,79.3,97.99
2,21.32,70.0,80.19
2,21.32,70.0,88.8
2,21.32,70.0,85.75
2,21.32,70.0,98.88
2,21.32,70.0,98.88
2,21.32,80.0,110.88
2,21.32,70.0,89.03
2,21.32,123.4,129.15
2,21.32,70.0,80.75
2,21.32,70.0,80.75
2,21.32,106.3,153.82
2,21.32,150.0,166.13
2,21.32,70.0,105.22
2,21.32,70.0,93.19
2,21.32,70.0,98.88
2,21.32,79.3,108.24
2,21.32,70.0,88.8
2,21.32,86.3,107.11
2,21.32,70.0,80.75
2,21.32,70.0,99.23
2,21.32,70.0,104.88
2,21.32,70.0,97.13
2,21.32,80.7,101.59
2,21.32,81.4,87.15
2,21.32,70.0,104.88
2,21.32,70.0,82.69
2,21.32,70.0,88.75
2,21.32,70.0,85.94
2,21.32,107.3,116.55
2,21.32,70.0,98.88
2,21.31,70.0,98.88
2,21.31,70.0,86.75
2,21.31,105.9,145.31
2,21.31,70.0,99.23
2,21.31,70.0,79.0
2,21.31,100.0,137.75
2,21.31,70.0,96.23
2,21.31,85.6,99.54
2,21.31,70.0,99.23
2,21.31,70.0,92.69
2,21.31,78.6,91.13
2,21.31,99.3,122.05
2,21.31,70.0,105.22
2,21.31,80.7,102.84
2,21.31,102.8,140.6
2,21.31,70.0,92.69
2,21.31,70.0,99.23
2,21.31,100.0,108.5
2,21.31,77.9,98.23
2,21.31,70.0,98.88
2,21.31,70.0,98.88
2,21.31,83.5,116.67
2,21.31,82.1,105.07
2,21.31,86.3,94.55
2,21.31,70.0,107.5
2,21.31,70.0,87.69
2,21.31,70.0,90.55
2,21.31,70.0,105.23
2,21.31,70.0,82.69
2,21.31,70.0,102.92
2,21.31,70.0,96.69
2,21.31,70.0,100.19
2,21.31,70.0,80.19
2,21.31,78.6,111.8
2,21.31,70.0,97.13
2,21.31,70.0,85.94
2,21.31,70.0,99.23
2,21.31,127.6,157.02
2,21.31,70.0,98.88
2,21.31,70.0,95.88
2,21.31,70.0,102.92
2,21.31,70.0,92.69
2,21.31,70.0,98.88
2,21.31,70.0,90.55
2,21.3,84.9,90.65
1,21.3,70.0,102.19
2,21.3,70.0,92.69
1,21.3,49.5,51.0
1,21.3,70.0,80.19
1,21.3,70.0,82.69
1,21.3,70.0,90.9
1,21.3,70.0,87.69
1,21.3,78.6,87.85
1,21.3,102.1,154.8
1,21.3,70.0,87.69
1,21.3,70.0,105.19
1,21.3,70.0,99.19
1,21.3,70.0,90.9
2,21.3,70.0,90.19
2,21.3,70.0,82.69
1,21.3,70.0,82.69
1,21.3,51.5,53.0
1,21.3,70.0,103.34
1,21.3,51.5,59.94
1,21.3,62.5,64.0
2,21.3,70.0,92.69
1,21.3,103.5,150.3
1,21.3,70.0,99.19
2,21.3,70.0,99.23
1,21.3,70.0,97.09
2,21.3,91.2,94.45
1,21.3,70.0,97.13
1,21.3,65.5,73.94
2,21.3,70.0,102.92
1,21.3,70.0,92.5
1,21.3,82.8,104.45
1,21.3,104.9,161.85
1,21.3,70.0,87.69
1,21.3,70.0,87.69
2,21.3,70.0,80.19
2,21.3,82.1,87.85
1,21.3,70.0,99.19
1,21.3,56.5,58.0
1,21.3,122.22,153.54
2,21.3,70.0,92.69
1,21.3,70.0,82.69
1,21.3,70.0,80.19
1,21.3,70.0,80.94
2,21.3,70.0,103.13
2,21.3,80.0,88.25
1,21.3,70.0,99.19
1,21.3,70.0,75.75
1,21.3,70.0,109.59
1,21.3,70.0,101.14
2,21.3,70.0,94.69
2,21.3,107.3,133.51
2,21.3,70.0,82.69
1,21.3,78.6,106.54
1,21.3,70.0,82.69
1,21.3,70.0,85.75
2,21.3,70.0,86.75
1,21.3,70.0,80.94
1,21.3,70.0,105.19
1,21.3,70.0,99.19
1,21.3,70.0,105.24
1,21.3,70.0,74.0
2,21.3,70.0,102.92
1,21.3,70.0,92.69
1,21.3,100.0,145.35
1,21.3,50.5,52.0
1,21.3,70.0,80.19
1,21.3,70.0,100.24
1,21.3,79.3,109.45
1,21.3,83.5,94.75
1,21.3,70.0,99.19
2,21.3,70.0,82.69
1,21.3,79.3,91.99
1,21.3,80.0,115.84
1,21.3,70.0,80.75
1,21.3,70.0,99.24
1,21.3,70.0,93.94
1,21.3,70.0,98.8
2,21.3,70.0,86.69
1,21.3,70.0,80.19
1,21.3,70.0,95.09
1,21.3,70.0,97.14
1,21.3,79.3,112.79
2,21.3,70.0,98.88
1,21.3,70.0,82.69
2,21.3,70.0,98.88
1,21.3,70.0,103.34
1,21.3,70.0,92.69
2,21.3,70.0,94.69
1,21.3,3.0,4.5
1,21.3,70.0,99.19
1,21.3,70.0,97.69
1,21.3,70.0,90.69
1,21.3,70.0,97.09
1,21.3,60.5,62.0
1,21.3,60.5,62.0
2,21.3,79.3,90.81
1,21.3,113.6,121.85
1,21.3,60.5,62.0
1,21.3,82.8,102.05
1,21.3,98.6,146.33
2,21.3,70.0,97.13
1,21.3,126.2,139.45
1,21.3,70.0,96.15
1,21.3,70.0,97.09
2,21.3,70.0,80.19
1,21.3,70.0,105.24
1,21.3,97.9,121.28
1,21.3,70.0,80.75
2,21.3,70.0,82.69
1,21.3,78.6,98.2
1,21.3,70.0,105.24
1,21.3,70.0,99.19
1,21.3,70.0,99.24
2,21.3,70.0,99.23
1,21.3,70.0,103.34
1,21.3,70.0,99.19
1,21.3,42.5,44.0
1,21.3,70.0,82.69
1,21.3,175.0,208.75
2,21.3,70.0,80.19
2,21.3,70.0,97.13
1,21.3,70.0,80.94
1,21.3,82.1,94.79
2,21.3,70.0,98.88
1,21.3,64.5,75.39
2,21.3,79.3,98.71
2,21.3,70.0,92.69
1,21.3,70.0,93.88
1,21.3,70.0,79.75
1,21.3,70.0,96.19
1,21.3,70.0,85.94
2,21.3,78.6,82.85
1,21.3,53.5,55.0
2,21.3,85.0,92.94
1,21.3,70.0,87.69
1,21.3,70.0,99.19
1,21.3,70.0,99.24
1,21.3,70.0,99.24
1,21.3,70.0,80.94
1,21.3,70.0,96.19
1,21.3,91.2,96.95
1,21.3,70.0,99.19
1,21.3,80.0,113.64
1,21.3,63.5,71.94
1,21.3,70.0,92.69
1,21.3,70.0,97.09
1,21.3,70.0,95.69
2,21.3,70.0,98.88
2,21.3,77.2,90.45
1,21.3,50.5,58.94
1,21.3,70.0,92.69
1,21.3,70.0,96.69
1,21.3,70.0,87.69
1,21.3,70.0,99.19
2,21.3,82.8,105.36
1,21.3,37.5,39.0
2,21.3,100.0,158.75
2,21.3,70.0,104.88
1,21.3,63.5,67.45
1,21.3,83.5,86.75
1,21.3,70.0,105.19
1,21.3,90.5,108.19
2,21.3,84.2,92.45
2,21.3,81.4,87.53
1,21.3,100.0,149.23
1,21.3,70.0,95.94
1,21.3,70.0,99.19
2,21.3,82.1,104.52
1,21.3,81.4,119.04
2,21.3,70.0,105.23
1,21.3,70.0,97.09
1,21.3,70.0,92.69
1,21.3,70.0,99.19
1,21.3,70.0,80.94
2,21.3,77.9,98.23
1,21.3,70.0,87.69
2,21.3,70.0,77.75
1,21.3,70.0,82.69
1,21.3,70.0,97.69
2,21.3,70.0,92.69
1,21.3,59.5,61.0
1,21.3,70.0,88.8
1,21.3,70.0,99.69
2,21.3,70.0,87.69
1,21.3,50.5,52.0
1,21.3,70.0,98.0
2,21.3,70.0,98.88
2,21.29,70.0,95.09
2,21.29,83.5,93.69
2,21.29,70.0,82.69
2,21.29,70.0,82.69
2,21.29,100.0,120.75
2,21.29,105.6,152.82
2,21.29,70.0,87.94
2,21.29,85.6,115.8
2,21.29,77.9,86.15
2,21.29,70.0,82.69
2,21.29,70.0,105.23
2,21.29,70.0,85.75
2,21.29,70.0,74.0
2,21.29,70.0,94.13
2,21.29,84.2,93.45
2,21.29,70.0,75.75
2,21.29,81.4,112.91
2,21.29,70.0,100.19
2,21.29,70.0,82.69
2,21.29,70.0,96.46
2,21.29,70.0,98.69
2,21.29,70.0,105.23
2,21.29,70.0,102.92
2,21.29,70.0,99.23
2,21.29,80.7,95.89
2,21.29,70.0,98.88
2,21.29,78.6,81.85
2,21.29,70.0,87.69
2,21.29,70.0,98.88
2,21.29,81.4,90.65
2,21.29,70.0,98.88
2,21.29,81.4,89.65
2,21.29,70.0,90.96
2,21.29,70.0,99.23
2,21.29,70.0,98.47
2,21.29,70.0,98.88
2,21.29,88.0,111.55
2,21.29,70.0,98.88
2,21.29,83.0,108.12
2,21.29,80.0,94.25
2,21.29,70.0,85.19
2,21.29,85.6,93.85
2,21.29,70.0,80.19
2,21.28,70.0,97.13
2,21.28,101.4,141.78
2,21.28,70.0,96.2
2,21.28,70.0,97.13
2,21.28,70.0,82.69
2,21.28,70.0,102.92
2,21.28,70.0,82.69
2,21.28,109.4,119.59
2,21.28,70.0,94.69
2,21.28,70.0,90.55
2,21.28,70.0,99.23
2,21.28,70.0,98.88
2,21.28,70.0,95.88
2,21.28,70.0,98.88
2,21.28,70.0,99.23
2,21.28,70.0,104.88
2,21.28,94.7,97.95
2,21.28,70.0,90.96
2,21.28,70.0,95.88
2,21.28,70.0,79.0
2,21.28,70.0,97.69
2,21.28,70.0,82.69
2,21.28,70.0,94.69
2,21.28,70.0,98.88
2,21.28,70.0,103.36
2,21.28,70.0,75.75
2,21.28,70.0,75.75
2,21.28,70.0,98.88
2,21.28,70.0,90.55
2,21.28,70.0,84.69
2,21.28,128.3,159.06
2,21.28,70.0,95.88
2,21.28,70.0,87.11
2,21.28,70.0,75.75
2,21.28,81.4,102.43
2,21.28,80.0,93.69
2,21.28,70.0,90.55
2,21.28,82.8,104.11
2,21.28,70.0,90.96
2,21.28,95.0,117.9
2,21.28,70.0,102.69
2,21.28,70.0,99.23
2,21.28,70.0,105.23
2,21.28,70.0,97.13
2,21.28,70.0,99.23
2,21.28,101.0,105.0
2,21.28,70.0,92.22
2,21.28,70.0,99.23
2,21.28,79.3,106.34
2,21.28,70.0,90.55
2,21.27,70.0,83.44
2,21.27,106.6,131.82
2,21.27,70.0,88.8
2,21.27,70.0,75.75
2,21.27,70.0,98.88
2,21.27,88.4,117.96
2,21.27,84.2,105.79
2,21.27,70.0,82.69
2,21.27,70.0,85.94
2,21.27,70.0,75.75
2,21.27,70.0,102.92
2,21.27,70.0,98.88
2,21.27,70.0,80.19
2,21.27,70.0,100.24
2,21.27,70.0,94.69
2,21.27,70.0,92.69
2,21.27,70.0,103.36
2,21.27,70.0,104.88
2,21.27,70.0,98.88
2,21.27,70.0,99.23
2,21.27,80.7,88.95
2,21.27,70.0,80.94
2,21.27,70.0,90.0
2,21.27,70.0,92.69
2,21.27,91.9,114.59
2,21.27,70.0,104.88
2,21.27,70.0,82.69
2,21.27,70.0,96.46
2,21.27,78.6,99.07
2,21.27,70.0,97.13
2,21.27,70.0,104.88
2,21.27,70.0,103.13
2,21.27,86.3,107.46
2,21.27,70.0,96.23
2,21.27,70.0,98.88
2,21.27,70.0,103.13
2,21.27,70.0,90.96
2,21.27,80.0,92.69
2,21.27,70.0,98.88
2,21.27,70.0,100.24
2,21.27,70.0,98.88
2,21.27,70.0,90.0
2,21.27,70.0,80.94
2,21.27,70.0,105.23
2,21.27,101.4,124.78
2,21.27,91.9,130.65
2,21.27,70.0,95.88
2,21.27,70.0,102.92
2,21.27,70.0,91.8
2,21.27,70.0,87.69
2,21.27,70.0,98.88
2,21.27,70.0,97.69
2,21.27,115.0,139.69
2,21.27,70.0,98.88
2,21.27,84.9,97.59
2,21.27,70.0,83.75
2,21.27,70.0,107.42
2,21.27,70.0,104.88
2,21.27,89.8,99.99
2,21.26,103.5,155.4
2,21.26,70.0,103.36
2,21.26,78.6,88.79
2,21.26,99.3,123.68
2,21.26,70.0,90.55
2,21.26,78.6,97.87
2,21.26,70.0,98.88
2,21.26,70.0,92.69
2,21.26,70.0,83.44
2,21.26,70.0,90.96
2,21.26,70.0,106.97
2,21.26,70.0,98.88
2,21.26,70.0,92.69
2,21.26,70.0,90.19
2,21.26,70.0,85.19
2,21.26,70.0,96.55
2,21.26,70.0,105.23
2,21.26,70.0,90.55
2,21.26,70.0,87.69
2,21.26,123.4,154.63
2,21.26,70.0,98.88
2,21.26,100.7,170.34
2,21.26,70.0,99.23
2,21.26,70.0,98.88
2,21.26,87.7,103.64
2,21.26,70.0,98.88
2,21.26,70.0,82.69
2,21.26,70.0,95.88
2,21.26,70.0,102.92
2,21.26,70.0,102.92
2,21.26,70.0,99.0
2,21.26,150.0,186.3
2,21.26,70.0,98.88
2,21.26,70.0,98.88
2,21.26,70.0,90.55
2,21.26,79.3,90.49
2,21.26,70.0,95.88
2,21.26,70.0,88.75
2,21.26,70.0,97.69
2,21.26,70.0,103.36
2,21.26,70.0,104.88
2,21.26,70.0,93.08
2,21.26,70.0,102.92
2,21.26,70.0,82.69
2,21.26,70.0,104.88
2,21.26,105.6,161.52
2,21.26,70.0,95.88
2,21.26,70.0,85.19
2,21.26,70.0,96.23
2,21.26,70.0,98.88
2,21.25,77.9,105.36
2,21.25,99.3,143.88
2,21.25,70.0,104.28
2,21.25,70.0,95.88
2,21.25,70.0,100.84
2,21.25,70.0,98.88
2,21.25,78.6,92.79
2,21.25,119.9,130.65
2,21.25,70.0,100.0
2,21.25,80.7,88.95
2,21.25,70.0,104.88
2,21.25,77.9,92.15
2,21.25,70.0,98.88
2,21.25,100.7,140.5
2,21.25,85.6,117.6
2,21.25,70.0,89.69
2,21.25,70.0,87.69
2,21.25,70.0,90.9
2,21.25,70.0,98.88
2,21.25,70.0,80.19
2,21.25,70.0,102.92
2,21.25,70.0,87.69
2,21.25,82.1,85.35
2,21.25,70.0,90.9
2,21.25,70.0,92.69
2,21.25,70.0,82.69
2,21.25,70.0,98.88
2,21.25,70.0,97.13
2,21.25,80.0,106.75
2,21.25,70.0,98.88
2,21.25,70.0,87.69
2,21.25,70.0,98.88
2,21.25,70.0,90.89
2,21.25,92.6,102.79
2,21.25,70.0,98.88
2,21.25,70.0,98.88
2,21.25,70.0,104.88
2,21.25,70.0,85.94
2,21.25,70.0,100.11
2,21.25,70.0,98.88
2,21.25,70.0,109.17
2,21.25,70.0,98.88
2,21.25,70.0,95.88
2,21.25,70.0,95.09
2,21.25,70.0,82.69
2,21.25,70.0,94.8
2,21.25,70.0,104.88
2,21.25,70.0,80.75
2,21.25,70.0,90.9
2,21.25,70.0,90.55
2,21.25,82.8,86.05
2,21.25,70.0,98.88
2,21.24,70.0,97.13
2,21.24,93.3,104.49
2,21.24,70.0,90.55
2,21.24,70.0,102.92
2,21.24,70.0,87.69
2,21.24,70.0,83.69
2,21.24,79.3,99.49
2,21.24,70.0,107.5
2,21.24,70.0,102.92
2,21.24,70.0,99.23
2,21.24,70.0,99.23
2,21.24,70.0,89.69
2,21.24,70.0,98.88
2,21.24,70.0,82.69
2,21.24,70.0,82.69
2,21.24,80.0,101.1
2,21.24,70.0,87.69
2,21.24,70.0,97.69
2,21.24,70.0,82.69
2,21.24,70.0,104.88
2,21.24,77.9,105.36
2,21.24,109.1,142.2
2,21.24,70.0,99.23
2,21.24,70.0,98.88
2,21.24,70.0,95.88
2,21.24,82.8,92.99
2,21.24,70.0,87.69
2,21.24,70.0,103.36
2,21.24,70.0,92.69
2,21.24,70.0,98.7
2,21.24,70.0,98.88
2,21.24,70.0,95.19
2,21.24,70.0,104.88
2,21.24,70.0,97.69
2,21.24,70.0,80.94
2,21.24,70.0,90.9
2,21.24,70.0,80.19
2,21.24,80.0,99.94
2,21.24,70.0,99.23
2,21.24,70.0,82.69
2,21.24,70.0,107.69
2,21.24,70.0,95.88
2,21.24,78.6,82.85
2,21.24,70.0,90.69
2,21.24,70.0,97.13
2,21.24,70.0,97.13
2,21.24,70.0,98.88
2,21.24,70.0,104.88
2,21.24,70.0,99.23
2,21.24,91.2,103.89
2,21.24,70.0,99.8
2,21.23,70.0,90.96
2,21.23,70.0,80.19
2,21.23,70.0,87.69
2,21.23,70.0,85.75
2,21.23,70.0,99.23
2,21.23,70.0,104.88
2,21.23,70.0,87.69
2,21.23,79.3,91.55
2,21.23,70.0,98.88
2,21.23,70.0,98.88
2,21.23,102.1,121.91
2,21.23,79.3,109.49
2,21.23,70.0,97.69
2,21.23,70.0,94.69
2,21.23,100.0,115.5
2,21.23,70.0,95.88
2,21.23,70.0,90.96
2,21.23,70.0,82.69
2,21.23,70.0,97.69
2,21.23,70.0,98.88
2,21.23,70.0,96.55
2,21.23,70.0,98.88
2,21.23,80.7,93.39
2,21.23,70.0,95.88
2,21.23,70.0,104.88
2,21.23,113.6,139.35
2,21.23,70.0,90.55
2,21.23,70.0,101.17
2,21.23,70.0,98.88
2,21.23,70.0,80.75
2,21.23,70.0,95.88
2,21.23,70.0,101.17
2,21.23,86.3,93.05
2,21.23,70.0,87.69
2,21.23,70.0,87.69
2,21.23,70.0,96.69
2,21.23,70.0,96.55
2,21.23,70.0,105.23
2,21.23,70.0,101.18
2,21.23,70.0,92.22
2,21.23,70.0,103.36
2,21.23,70.0,90.55
2,21.23,70.0,100.94
2,21.23,70.0,75.75
2,21.23,70.0,99.69
2,21.23,70.0,98.88
2,21.23,70.0,104.88
2,21.23,70.0,99.23
2,21.23,70.0,97.69
2,21.23,70.0,102.92
2,21.23,70.0,82.69
2,21.23,70.0,98.88
2,21.23,70.0,80.19
2,21.23,80.0,98.95
2,21.22,99.3,126.8
2,21.22,70.0,103.13
2,21.22,70.0,99.23
2,21.22,70.0,101.88
2,21.22,70.0,97.69
2,21.22,70.0,95.88
2,21.22,70.0,98.88
2,21.22,82.8,87.8
2,21.22,70.0,87.69
2,21.22,111.5,114.75
2,21.22,70.0,96.55
2,21.22,70.0,90.89
2,21.22,70.0,96.23
2,21.22,70.0,103.36
2,21.22,70.0,98.47
2,21.22,70.0,104.88
2,21.22,70.0,98.88
2,21.22,70.0,85.75
2,21.22,100.0,149.1
2,21.22,70.0,109.17
2,21.22,70.0,97.57
2,21.22,70.0,90.55
2,21.22,70.0,104.88
2,21.22,80.0,96.89
2,21.22,70.0,80.19
2,21.22,70.0,98.88
2,21.22,81.4,92.65
2,21.22,70.0,85.19
2,21.22,82.1,113.75
2,21.22,70.0,100.84
2,21.22,70.0,102.92
2,21.22,70.0,94.69
2,21.22,70.0,104.88
2,21.22,70.0,99.23
2,21.22,99.3,146.68
2,21.22,100.7,150.7
2,21.22,78.6,97.32
2,21.22,133.9,139.65
2,21.22,70.0,97.13
2,21.22,70.0,92.69
2,21.22,70.0,82.69
2,21.22,70.0,97.69
2,21.22,83.5,100.44
2,21.22,89.1,90.1
2,21.22,103.5,115.5
2,21.21,70.0,92.69
2,21.21,70.0,97.13
2,21.21,70.0,98.88
2,21.21,77.9,81.15
2,21.21,70.0,87.69
2,21.21,70.0,80.19
2,21.21,70.0,80.94
2,21.21,70.0,90.75
2,21.21,70.0,94.69
2,21.21,70.0,104.88
2,21.21,101.7,140.27
2,21.21,70.0,98.88
2,21.21,70.0,97.13
2,21.21,70.0,98.88
2,21.21,70.0,97.13
2,21.21,81.4,94.65
2,21.21,70.0,105.23
2,21.21,78.6,88.79
2,21.21,70.0,75.75
2,21.21,70.0,95.88
2,21.21,70.0,95.09
2,21.21,70.0,98.88
2,21.21,101.4,140.65
2,21.21,70.0,106.05
2,21.21,87.0,119.28
2,21.21,80.0,92.67
2,21.21,70.0,92.69
2,21.21,70.0,95.88
2,21.21,70.0,80.19
2,21.21,70.0,76.5
2,21.21,105.6,153.42
2,21.21,93.3,126.29
2,21.21,70.0,103.36
2,21.21,70.0,98.88
2,21.21,123.4,127.65
2,21.21,70.0,99.23
2,21.21,70.0,87.69
2,21.21,70.0,82.69
2,21.21,70.0,105.22
2,21.21,70.0,104.88
2,21.21,70.0,95.09
2,21.21,70.0,97.13
2,21.21,70.0,90.19
2,21.21,70.0,96.23
2,21.21,70.0,99.23
2,21.21,79.3,101.0
2,21.21,70.0,99.23
2,21.21,70.0,80.25
2,21.21,70.0,95.09
2,21.21,70.0,98.88
2,21.21,91.2,122.57
2,21.21,70.0,99.23
2,21.21,70.0,82.69
2,21.21,79.3,90.49
2,21.21,70.0,98.88
2,21.21,70.0,105.23
2,21.21,82.1,86.35
2,21.21,70.0,82.19
2,21.21,70.0,99.23
2,21.21,70.0,98.88
2,21.21,70.0,98.88
2,21.21,82.1,102.07
2,21.21,70.0,97.69
2,21.21,70.0,104.88
2,21.21,70.0,90.55
2,21.21,88.4,98.59
2,21.21,70.0,103.36
2,21.21,70.0,98.88
2,21.2,70.0,90.55
1,21.2,58.5,60.0
2,21.2,83.5,112.77
1,21.2,82.8,114.59
1,21.2,70.0,82.69
1,21.2,70.0,103.34
1,21.2,70.0,99.24
1,21.2,70.0,88.8
2,21.2,70.0,98.88
2,21.2,70.0,97.13
2,21.2,70.0,98.88
1,21.2,70.0,100.69
2,21.2,70.0,102.69
1,21.2,98.6,135.6
1,21.2,70.0,87.69
2,21.2,70.0,90.69
1,21.2,78.6,82.85
1,21.2,58.5,60.0
1,21.2,49.5,51.0
1,21.2,70.0,103.34
2,21.2,99.3,155.16
1,21.2,70.0,96.19
1,21.2,70.0,90.19
1,21.2,70.0,99.19
2,21.2,82.8,86.05
1,21.2,61.5,63.0
1,21.2,53.5,55.0
1,21.2,79.3,92.24
2,21.2,70.0,94.69
1,21.2,66.5,68.0
1,21.2,84.9,114.09
1,21.2,70.0,82.69
2,21.2,70.0,90.96
1,21.2,122.0,154.35
1,21.2,70.0,101.14
2,21.2,70.0,99.23
1,21.2,35.5,37.0
1,21.2,70.0,80.94
2,21.2,70.0,99.23
1,21.2,70.0,105.19
1,21.2,70.0,80.75
1,21.2,70.0,97.69
2,21.2,70.0,98.88
1,21.2,70.0,88.8
2,21.2,70.0,98.88
1,21.2,70.0,99.19
1,21.2,70.0,92.69
2,21.2,70.0,99.23
2,21.2,78.6,108.65
1,21.2,51.5,53.0
1,21.2,70.0,99.24
1,21.2,70.0,97.09
2,21.2,70.0,87.69
1,21.2,70.0,103.34
1,21.2,70.0,92.69
1,21.2,70.0,87.69
1,21.2,70.0,97.09
2,21.2,70.0,101.88
2,21.2,84.9,109.75
1,21.2,70.0,83.54
1,21.2,61.5,63.0
1,21.2,70.0,82.69
1,21.2,87.0,120.55
1,21.2,70.0,107.49
1,21.2,59.5,61.0
1,21.2,70.0,90.94
1,21.2,70.0,80.19
1,21.2,70.0,94.69
1,21.2,70.0,99.19
2,21.2,70.0,103.13
1,21.2,70.0,87.69
2,21.2,80.7,101.59
1,21.2,63.5,65.0
1,21.2,70.0,101.14
1,21.2,70.0,96.19
1,21.2,70.0,87.69
1,21.2,70.0,99.19
1,21.2,44.5,46.0
1,21.2,70.0,99.24
2,21.2,70.0,102.92
1,21.2,70.0,99.19
1,21.2,70.0,101.19
1,21.2,109.8,131.18
1,21.2,80.0,98.44
2,21.2,70.0,95.88
2,21.2,70.0,95.94
1,21.2,100.0,102.75
2,21.2,78.6,98.79
1,21.2,83.5,86.75
1,21.2,100.0,119.38
2,21.2,70.0,90.55
1,21.2,129.0,140.0
2,21.2,100.0,147.46
2,21.2,70.0,80.19
2,21.2,80.7,101.59
1,21.2,56.5,58.0
1,21.2,97.9,146.73
1,21.2,70.0,80.75
1,21.2,81.4,110.78
2,21.2,70.0,90.96
1,21.2,70.0,99.19
2,21.2,70.0,109.61
1,21.2,70.0,94.19
1,21.2,70.0,98.19
1,21.2,70.0,92.22
2,21.2,70.0,90.9
1,21.2,70.0,80.19
1,21.2,64.5,66.0
2,21.2,77.9,96.48
1,21.2,70.0,99.19
1,21.2,70.0,99.19
1,21.2,82.8,92.99
1,21.2,70.0,99.19
2,21.2,70.0,101.17
1,21.2,70.0,99.24
2,21.2,70.0,94.25
2,21.2,83.5,87.75
2,21.2,70.0,102.92
1,21.2,70.0,92.19
2,21.2,70.0,96.69
2,21.2,82.8,107.12
1,21.2,70.0,87.69
1,21.2,70.0,105.19
1,21.2,70.0,97.09
1,21.2,70.0,97.09
1,21.2,78.6,88.79
1,21.2,70.0,105.19
2,21.2,70.0,102.92
1,21.2,104.5,120.69
1,21.2,70.0,82.71
2,21.2,70.0,87.69
2,21.2,83.5,121.96
1,21.2,70.0,82.69
1,21.2,70.0,80.19
1,21.2,70.0,85.44
1,21.2,70.0,80.19
2,21.2,78.6,90.35
2,21.2,80.0,84.25
1,21.2,84.9,115.29
2,21.2,78.6,98.22
2,21.2,85.0,87.75
2,21.2,70.0,99.23
2,21.2,70.0,85.29
2,21.2,70.0,99.23
1,21.2,70.0,100.84
1,21.2,70.0,103.09
1,21.2,70.0,90.0
1,21.2,70.0,89.03
1,21.2,57.5,65.94
1,21.2,70.0,81.75
2,21.2,70.0,104.35
1,21.2,79.3,105.24
1,21.2,70.0,99.19
1,21.2,89.1,119.8
1,21.2,70.0,90.69
2,21.2,70.0,96.46
2,21.2,70.0,87.69
1,21.2,149.0,171.94
1,21.2,70.0,80.94
1,21.2,70.0,96.19
2,21.2,87.0,97.19
1,21.2,70.0,101.14
2,21.2,70.0,105.23
2,21.2,70.0,98.88
1,21.2,43.5,45.0
2,21.2,70.0,97.13
1,21.2,70.0,111.69
1,21.2,70.0,87.19
1,21.2,70.0,82.69
2,21.2,70.0,84.69
1,21.2,70.0,99.19
1,21.2,84.9,95.09
1,21.2,70.0,80.94
1,21.2,105.0,138.07
1,21.2,54.5,56.0
2,21.2,70.0,105.23
2,21.2,70.0,87.69
1,21.2,78.6,99.4
2,21.2,80.7,92.64
2,21.19,70.0,96.23
2,21.19,70.0,97.69
2,21.19,70.0,90.19
2,21.19,70.0,99.23
2,21.19,101.4,102.4
2,21.19,70.0,103.13
2,21.19,100.0,127.19
2,21.19,70.0,97.57
2,21.19,70.0,85.75
2,21.19,70.0,99.23
2,21.19,70.0,90.69
2,21.19,86.3,98.99
2,21.19,70.0,98.88
2,21.19,70.0,99.23
2,21.19,70.0,99.8
2,21.19,77.9,102.69
2,21.19,70.0,107.69
2,21.19,70.0,95.69
2,21.19,70.0,98.88
2,21.19,70.0,90.9
2,21.19,70.0,87.69
2,21.19,70.0,82.69
2,21.19,70.0,80.75
2,21.19,70.0,87.69
2,21.19,70.0,82.69
2,21.19,70.0,82.69
2,21.19,120.0,173.73
2,21.19,82.8,88.55
2,21.19,91.9,121.03
2,21.19,70.0,92.69
2,21.19,85.6,106.27
2,21.19,126.9,131.15
2,21.19,70.0,97.13
2,21.19,70.0,98.88
2,21.19,100.0,153.12
2,21.19,78.6,107.18
2,21.19,70.0,97.13
2,21.19,70.0,82.69
2,21.19,70.0,92.69
2,21.19,81.4,97.35
2,21.19,70.0,95.09
2,21.19,70.0,75.75
2,21.19,70.0,99.23
2,21.19,101.7,125.59
2,21.19,70.0,105.94
2,21.19,70.0,94.25
2,21.19,70.0,92.69
2,21.19,79.3,114.05
2,21.19,70.0,98.88
2,21.19,70.0,101.17
2,21.18,70.0,109.17
2,21.18,84.2,122.05
2,21.18,70.0,90.55
2,21.18,70.0,80.94
2,21.18,70.0,80.94
2,21.18,70.0,100.69
2,21.18,70.0,99.23
2,21.18,70.0,99.23
2,21.18,70.0,92.22
2,21.18,70.0,90.55
2,21.18,70.0,105.23
2,21.18,82.1,106.69
2,21.18,70.0,109.17
2,21.18,70.0,75.75
2,21.18,70.0,99.23
2,21.18,100.7,124.95
2,21.18,70.0,98.88
2,21.18,97.2,132.2
2,21.18,70.0,81.5
2,21.18,70.0,97.13
2,21.18,70.0,82.69
2,21.18,70.0,87.69
2,21.18,83.5,103.75
2,21.18,70.0,92.69
2,21.18,70.0,98.88
2,21.18,87.69,117.76
2,21.18,70.0,92.69
2,21.18,70.0,104.88
2,21.18,102.1,153.72
2,21.18,70.0,95.09
2,21.18,70.0,97.13
2,21.18,70.0,98.88
2,21.18,70.0,95.88
2,21.18,70.0,102.92
2,21.18,80.7,84.95
2,21.18,70.0,84.0
2,21.18,70.0,96.9
2,21.18,70.0,96.55
2,21.18,70.0,90.19
2,21.18,70.0,87.69
2,21.18,70.0,96.9
2,21.18,70.0,90.75
2,21.18,83.5,105.81
2,21.18,70.0,102.92
2,21.18,86.3,115.44
2,21.18,70.0,98.88
2,21.18,80.0,118.1
2,21.18,80.7,101.59
2,21.18,70.0,82.69
2,21.18,84.2,112.92
2,21.18,98.6,135.71
2,21.18,70.0,97.69
2,21.18,80.7,100.39
2,21.18,70.0,98.88
2,21.17,77.9,80.4
2,21.17,79.3,108.59
2,21.17,70.0,85.6
2,21.17,70.0,95.09
2,21.17,70.0,106.61
2,21.17,70.0,98.88
2,21.17,70.0,104.88
2,21.17,95.4,103.84
2,21.17,70.0,96.55
2,21.17,91.2,102.95
2,21.17,70.0,104.88
2,21.17,70.0,98.19
2,21.17,70.0,98.88
2,21.17,70.0,98.88
2,21.17,70.0,82.69
2,21.17,70.0,104.88
2,21.17,70.0,92.69
2,21.17,70.0,82.69
2,21.17,70.0,98.88
2,21.17,70.0,82.69
2,21.17,70.0,104.88
2,21.17,70.0,102.92
2,21.17,70.0,101.17
2,21.17,70.0,80.19
2,21.17,70.0,80.94
2,21.17,70.0,90.55
2,21.17,77.2,97.39
2,21.17,70.0,85.75
2,21.17,70.0,82.69
2,21.17,70.0,90.96
2,21.17,70.0,98.88
2,21.17,70.0,84.69
2,21.17,70.0,75.75
2,21.17,70.0,99.23
2,21.17,70.0,87.69
2,21.17,70.0,98.88
2,21.17,70.0,84.0
2,21.17,70.0,98.88
2,21.17,77.9,97.82
2,21.17,70.0,97.69
2,21.17,81.4,91.59
2,21.17,70.0,94.69
2,21.17,70.0,90.55
2,21.17,70.0,109.17
2,21.17,70.0,87.69
2,21.17,70.0,82.69
2,21.17,70.0,82.69
2,21.17,70.0,91.19
2,21.17,70.0,107.5
2,21.17,143.7,167.08
2,21.17,84.2,106.89
2,21.17,77.2,107.52
2,21.17,70.0,96.55
2,21.17,70.0,82.69
2,21.17,87.0,97.94
2,21.17,99.6,113.85
2,21.17,70.0,85.75
2,21.17,70.0,82.69
2,21.17,70.0,98.88
2,21.16,70.0,95.88
2,21.16,70.0,98.88
2,21.16,93.3,127.19
2,21.16,70.0,97.13
2,21.16,70.0,92.69
2,21.16,76.5,85.75
2,21.16,70.0,82.69
2,21.16,70.0,82.69
2,21.16,84.2,87.45
2,21.16,70.0,98.88
2,21.16,70.0,97.13
2,21.16,140.0,163.75
2,21.16,79.3,108.61
2,21.16,70.0,82.69
2,21.16,84.9,88.15
2,21.16,70.0,97.13
2,21.16,70.0,95.92
2,21.16,77.9,92.15
2,21.16,70.0,90.55
2,21.16,86.3,104.55
2,21.16,70.0,92.69
2,21.16,70.0,82.75
2,21.16,70.0,75.75
2,21.16,70.0,98.88
2,21.16,78.6,94.79
2,21.16,70.0,105.23
2,21.16,70.0,99.23
2,21.16,81.4,108.43
2,21.16,70.0,85.94
2,21.16,70.0,98.88
2,21.16,70.0,82.69
2,21.16,97.2,138.67
2,21.16,70.0,92.22
2,21.16,70.0,98.88
2,21.16,70.0,92.69
2,21.16,70.0,107.5
2,21.16,70.0,96.23
2,21.16,70.0,82.69
2,21.16,70.0,99.23
2,21.16,70.0,98.88
2,21.16,70.0,89.39
2,21.16,70.0,99.23
2,21.16,78.6,87.85
2,21.16,70.0,97.13
2,21.16,70.0,86.94
2,21.16,70.0,94.62
2,21.16,70.0,105.23
2,21.16,70.0,95.94
2,21.16,70.0,99.23
2,21.16,70.0,98.88
2,21.16,70.0,75.75
2,21.16,70.0,90.9
2,21.16,89.1,117.72
2,21.16,70.0,104.88
2,21.16,70.0,104.88
2,21.15,80.7,101.59
2,21.15,70.0,98.88
2,21.15,70.0,103.36
2,21.15,70.0,102.92
2,21.15,70.0,95.88
2,21.15,130.4,137.15
2,21.15,70.0,85.19
2,21.15,70.0,104.88
2,21.15,77.2,101.38
2,21.15,70.0,82.69
2,21.15,70.0,96.69
2,21.15,70.0,106.05
2,21.15,70.0,92.69
2,21.15,70.0,83.75
2,21.15,70.0,87.69
2,21.15,70.0,99.23
2,21.15,70.0,82.69
2,21.15,70.0,75.75
2,21.15,83.5,93.69
2,21.15,70.0,98.88
2,21.15,70.0,90.55
2,21.15,70.0,98.88
2,21.15,157.0,231.25
2,21.15,70.0,95.88
2,21.15,70.0,85.19
2,21.15,84.9,105.78
2,21.15,70.0,104.88
2,21.15,70.0,99.8
2,21.15,89.1,94.85
2,21.15,70.0,85.75
2,21.15,79.3,89.49
2,21.15,70.0,105.23
2,21.15,70.0,98.88
2,21.15,70.0,105.22
2,21.15,70.0,105.23
2,21.15,132.2,155.27
2,21.15,81.4,109.75
2,21.15,70.0,102.92
2,21.15,70.0,90.55
2,21.15,70.0,80.19
2,21.15,70.0,89.69
2,21.15,70.0,98.88
2,21.15,124.1,137.35
2,21.15,70.0,100.13
2,21.15,70.0,98.88
2,21.15,70.0,80.19
2,21.15,70.0,88.8
2,21.15,70.0,109.17
2,21.15,102.1,167.23
2,21.15,70.0,86.28
2,21.15,70.0,99.23
2,21.15,70.0,103.13
2,21.15,70.0,80.19
2,21.15,86.3,117.89
2,21.15,70.0,99.23
2,21.15,70.0,98.88
2,21.15,80.7,86.45
2,21.15,70.0,94.25
2,21.15,70.0,82.69
2,21.15,70.0,103.36
2,21.15,70.0,88.8
2,21.14,79.3,99.91
2,21.14,70.0,87.69
2,21.14,70.0,90.96
2,21.14,70.0,98.88
2,21.14,88.4,101.09
2,21.14,70.0,90.9
2,21.14,78.6,97.79
2,21.14,70.0,101.88
2,21.14,70.0,96.75
2,21.14,70.0,92.69
2,21.14,100.0,136.5
2,21.14,70.0,98.88
2,21.14,70.0,98.88
2,21.14,70.0,82.69
2,21.14,78.6,99.42
2,21.14,70.0,97.13
2,21.14,70.0,80.94
2,21.14,70.0,99.23
2,21.14,70.0,88.8
2,21.14,70.0,104.88
2,21.14,96.8,100.8
2,21.14,80.0,85.0
2,21.14,70.0,98.88
2,21.14,70.0,88.69
2,21.14,113.3,173.22
2,21.14,70.0,82.69
2,21.14,86.3,101.49
2,21.14,79.3,90.49
2,21.14,70.0,95.88
2,21.14,70.0,102.92
2,21.14,70.0,84.19
2,21.14,70.0,105.23
2,21.14,70.0,76.91
2,21.14,70.0,97.13
2,21.14,70.0,106.97
2,21.14,86.3,96.49
2,21.14,80.0,99.55
2,21.14,70.0,80.94
2,21.14,70.0,98.88
2,21.14,70.0,99.23
2,21.14,70.0,94.69
2,21.14,95.4,98.65
2,21.14,70.0,95.88
2,21.14,70.0,80.19
2,21.14,70.0,80.94
2,21.14,70.0,98.88
2,21.14,70.0,96.75
2,21.14,70.0,104.88
2,21.14,70.0,97.13
2,21.14,70.0,106.05
2,21.14,70.0,98.88
2,21.14,70.0,90.55
2,21.14,70.0,95.88
2,21.14,70.0,90.55
2,21.14,70.0,90.9
2,21.14,70.0,105.23
2,21.14,70.0,104.88
2,21.13,70.0,98.88
2,21.13,70.0,82.69
2,21.13,70.0,74.0
2,21.13,70.0,98.88
2,21.13,70.0,82.69
2,21.13,70.0,98.88
2,21.13,97.9,148.68
2,21.13,70.0,106.97
2,21.13,70.0,101.18
2,21.13,70.0,74.0
2,21.13,70.0,92.69
2,21.13,115.0,152.5
2,21.13,141.6,163.35
2,21.13,70.0,87.69
2,21.13,70.0,99.23
2,21.13,70.0,89.69
2,21.13,70.0,98.88
2,21.13,99.3,116.15
2,21.13,70.0,97.69
2,21.13,70.0,85.94
2,21.13,70.0,97.13
2,21.13,70.0,95.88
2,21.13,70.0,85.75
2,21.13,70.0,94.69
2,21.13,70.0,83.44
2,21.13,70.0,90.55
2,21.13,101.4,102.4
2,21.13,70.0,105.23
2,21.13,70.0,102.92
2,21.13,70.0,102.69
2,21.13,70.0,82.69
2,21.13,70.0,95.88
2,21.13,70.0,97.13
2,21.13,70.0,92.5
2,21.13,70.0,80.19
2,21.13,70.0,105.23
2,21.13,101.7,147.73
2,21.13,70.0,80.94
2,21.13,70.0,90.9
2,21.13,70.0,97.69
2,21.13,81.4,112.56
2,21.13,70.0,103.13
2,21.13,70.0,98.88
2,21.13,80.0,114.26
2,21.13,100.7,158.73
2,21.13,70.0,82.69
2,21.13,70.0,96.69
2,21.13,70.0,105.22
2,21.13,70.0,102.69
2,21.13,80.7,111.41
2,21.13,70.0,97.13
2,21.12,70.0,97.13
2,21.12,70.0,80.75
2,21.12,70.0,92.69
2,21.12,70.0,97.69
2,21.12,70.0,92.69
2,21.12,70.0,85.19
2,21.12,70.0,105.23
2,21.12,97.9,157.17
2,21.12,82.8,103.26
2,21.12,89.1,94.85
2,21.12,70.0,90.96
2,21.12,70.0,98.88
2,21.12,70.0,92.22
2,21.12,70.0,95.69
2,21.12,70.0,98.88
2,21.12,70.0,99.23
2,21.12,120.0,121.0
2,21.12,100.7,148.8
2,21.12,70.0,97.13
2,21.12,100.0,138.9
2,21.12,70.0,87.69
2,21.12,70.0,99.23
2,21.12,102.1,155.75
2,21.12,70.0,79.0
2,21.12,70.0,90.96
2,21.12,70.0,105.23
2,21.12,70.0,102.92
2,21.12,70.0,98.88
2,21.12,70.0,98.88
2,21.12,70.0,97.13
2,21.12,70.0,75.75
2,21.12,70.0,104.88
2,21.12,82.8,105.49
2,21.12,70.0,107.5
2,21.12,78.6,89.79
2,21.12,70.0,93.19
2,21.12,70.0,87.9
2,21.12,79.3,92.55
2,21.12,70.0,102.92
2,21.12,70.0,92.69
2,21.12,70.0,97.13
2,21.12,70.0,99.94
2,21.12,102.1,157.78
2,21.12,80.7,112.97
2,21.12,70.0,75.75
2,21.12,70.0,90.55
2,21.12,97.9,118.22
2,21.12,82.8,92.99
2,21.12,89.8,99.99
2,21.12,70.0,98.88
2,21.12,70.0,85.19
2,21.12,70.0,102.92
2,21.11,70.0,98.88
2,21.11,70.0,97.13
2,21.11,86.3,112.05
2,21.11,70.0,98.88
2,21.11,70.0,99.23
2,21.11,70.0,110.22
2,21.11,70.0,95.88
2,21.11,77.9,104.84
2,21.11,87.0,110.95
2,21.11,70.0,98.88
2,21.11,77.9,105.71
2,21.11,70.0,82.69
2,21.11,70.0,111.72
2,21.11,102.8,143.02
2,21.11,70.0,97.69
2,21.11,70.0,98.88
2,21.11,70.0,98.88
2,21.11,70.0,98.88
2,21.11,70.0,99.69
2,21.11,70.0,104.88
2,21.11,70.0,82.69
2,21.11,79.3,85.05
2,21.11,70.0,89.93
2,21.11,70.0,98.88
2,21.11,83.5,86.75
2,21.11,70.0,98.88
2,21.11,87.0,95.25
2,21.11,70.0,85.94
2,21.11,70.0,90.69
2,21.11,70.0,105.23
2,21.11,70.0,99.23
2,21.11,70.0,88.19
2,21.11,70.0,98.88
2,21.11,70.0,102.92
2,21.11,70.0,97.69
2,21.11,70.0,100.0
2,21.11,70.0,98.88
2,21.11,70.0,102.69
2,21.11,70.0,87.69
2,21.11,70.0,100.84
2,21.11,70.0,95.51
2,21.11,70.0,102.92
2,21.11,70.0,80.19
2,21.11,70.0,99.23
2,21.11,70.0,90.55
2,21.11,70.0,98.88
2,21.11,80.7,102.84
2,21.11,70.0,84.19
2,21.11,83.5,97.19
2,21.11,77.2,81.45
2,21.11,70.0,98.88
2,21.11,70.0,92.69
2,21.11,70.0,98.88
2,21.11,100.0,151.31
2,21.11,70.0,91.0
2,21.11,70.0,98.88
2,21.11,100.0,125.74
2,21.11,70.0,99.23
2,21.11,79.3,90.05
2,21.11,70.0,99.23
2,21.11,70.0,113.47
2,21.11,83.5,103.75
2,21.11,70.0,99.23
2,21.11,100.0,126.0
2,21.11,70.0,97.13
2,21.11,70.0,92.94
2,21.11,70.0,85.19
2,21.11,104.9,159.82
1,21.1,70.0,103.09
1,21.1,81.4,101.55
1,21.1,70.0,90.9
1,21.1,70.0,97.14
2,21.1,78.6,106.2
1,21.1,70.0,97.69
1,21.1,63.5,65.0
1,21.1,70.0,82.69
2,21.1,70.0,83.75
1,21.1,70.0,101.14
1,21.1,70.0,80.94
2,21.1,70.0,90.55
1,21.1,70.0,79.54
1,21.1,77.9,98.6
1,21.1,70.0,82.75
1,21.1,70.0,81.11
1,21.1,70.0,90.69
1,21.1,80.0,90.0
1,21.1,77.2,99.6
1,21.1,51.5,53.0
1,21.1,100.0,102.75
1,21.1,70.0,99.19
1,21.1,70.0,95.75
2,21.1,70.0,80.94
2,21.1,70.0,89.75
1,21.1,70.0,92.69
1,21.1,102.1,115.85
1,21.1,70.0,87.69
1,21.1,102.8,123.8
1,21.1,70.0,105.19
2,21.1,70.0,97.95
1,21.1,70.0,74.0
1,21.1,87.7,112.15
2,21.1,70.0,101.17
1,21.1,70.0,95.09
1,21.1,70.0,103.09
1,21.1,70.0,96.15
2,21.1,79.3,110.04
1,21.1,70.0,75.75
2,21.1,70.0,103.69
2,21.1,70.0,87.69
1,21.1,70.0,99.19
1,21.1,79.3,83.55
1,21.1,70.0,99.19
1,21.1,70.0,85.19
2,21.1,70.0,80.94
1,21.1,70.0,90.94
2,21.1,70.0,85.94
1,21.1,140.0,142.75
1,21.1,111.5,122.75
1,21.1,74.5,82.94
2,21.1,70.0,82.69
1,21.1,70.0,97.69
1,21.1,70.0,92.94
1,21.1,70.0,96.9
2,21.1,70.0,98.88
1,21.1,82.1,84.6
1,21.1,70.0,107.49
2,21.1,79.3,83.55
2,21.1,70.0,98.88
1,21.1,53.5,55.0
1,21.1,70.0,80.19
1,21.1,70.0,99.19
1,21.1,70.0,97.09
1,21.1,61.5,63.0
2,21.1,70.0,75.75
1,21.1,76.5,86.69
1,21.1,70.0,74.0
2,21.1,70.0,82.69
1,21.1,102.0,143.4
1,21.1,39.5,41.0
1,21.1,70.0,90.96
1,21.1,70.0,90.0
1,21.1,83.5,110.69
1,21.1,141.6,144.85
1,21.1,70.0,97.09
1,21.1,70.0,99.19
2,21.1,87.7,102.89
1,21.1,70.0,96.19
1,21.1,70.0,96.19
2,21.1,70.0,82.69
1,21.1,70.0,105.19
1,21.1,70.0,94.94
1,21.1,70.0,82.69
1,21.1,81.4,99.65
1,21.1,78.6,81.85
1,21.1,102.1,147.39
1,21.1,109.4,120.15
1,21.1,70.0,92.5
1,21.1,70.0,99.19
2,21.1,84.2,105.79
2,21.1,70.0,106.97
2,21.1,70.0,100.84
1,21.1,59.5,61.0
1,21.1,61.5,63.0
1,21.1,70.0,87.69
1,21.1,80.0,99.25
1,21.1,60.5,62.0
2,21.1,70.0,95.88
2,21.1,70.0,98.88
1,21.1,70.0,80.94
1,21.1,70.0,99.19
1,21.1,70.0,80.19
1,21.1,70.0,97.09
2,21.1,70.0,98.88
1,21.1,70.0,82.69
2,21.1,70.0,80.94
1,21.1,70.0,82.69
1,21.1,70.0,74.0
1,21.1,70.0,103.34
2,21.1,70.0,99.23
2,21.1,70.0,90.69
1,21.1,70.0,99.19
1,21.1,90.5,98.94
2,21.1,82.8,98.96
2,21.1,70.0,102.92
2,21.1,78.6,97.87
1,21.1,63.5,65.0
1,21.1,70.0,101.14
1,21.1,70.0,92.69
1,21.1,70.0,103.94
1,21.1,70.0,90.19
2,21.1,70.0,99.23
1,21.1,70.0,105.24
1,21.1,101.7,112.45
1,21.1,77.9,99.09
1,21.1,70.0,99.19
2,21.1,70.0,99.23
1,21.1,84.2,102.45
2,21.1,70.0,90.9
1,21.1,57.5,59.0
1,21.1,82.1,94.79
2,21.1,84.9,109.63
2,21.1,70.0,82.69
1,21.1,70.0,105.19
2,21.1,70.0,97.69
1,21.1,86.3,184.1
1,21.1,27.5,34.2
2,21.1,82.8,102.91
1,21.1,70.0,75.75
1,21.1,70.0,82.69
1,21.1,70.0,99.23
2,21.1,70.0,100.24
2,21.1,70.0,82.69
2,21.1,70.0,95.88
1,21.1,70.0,82.69
1,21.1,70.0,96.19
1,21.1,70.0,99.19
1,21.1,87.0,91.25
1,21.1,70.0,92.94
1,21.1,70.0,99.19
1,21.1,130.4,151.15
2,21.1,70.0,82.69
2,21.1,70.0,98.88
2,21.1,70.0,104.88
2,21.1,70.0,96.94
2,21.1,70.0,101.88
1,21.1,80.0,93.75
1,21.1,65.5,67.0
1,21.1,83.5,113.29
2,21.1,70.0,104.88
1,21.1,70.0,80.94
1,21.1,81.4,89.65
2,21.1,70.0,90.9
2,21.1,70.0,90.69
1,21.1,70.0,97.69
2,21.1,70.0,103.36
2,21.1,70.0,82.69
2,21.1,70.0,104.88
2,21.1,70.0,103.13
1,21.1,70.0,99.19
1,21.1,60.5,68.94
1,21.1,70.0,87.69
1,21.1,70.0,87.69
1,21.1,70.0,107.39
1,21.1,51.5,53.0
1,21.1,102.1,134.48
1,21.1,103.8,114.16
1,21.1,70.0,103.09
1,21.1,78.6,89.35
1,21.1,70.0,99.19
1,21.1,70.0,99.23
1,21.1,70.0,80.19
2,21.1,70.0,90.55
1,21.1,70.0,99.24
1,21.1,70.0,84.0
2,21.1,70.0,98.88
2,21.1,104.2,126.61
1,21.1,70.0,100.94
2,21.1,70.0,97.69
2,21.1,70.0,98.94
1,21.1,70.0,86.49
2,21.1,77.9,96.15
1,21.1,62.5,76.14
1,21.1,70.0,90.9
1,21.1,70.0,96.19
2,21.09,70.0,98.88
2,21.09,70.0,99.23
2,21.09,70.0,98.88
2,21.09,106.3,135.05
2,21.09,70.0,94.8
2,21.09,102.1,153.49
2,21.09,70.0,85.94
2,21.09,86.3,96.49
2,21.09,70.0,99.23
2,21.09,70.0,99.23
2,21.09,70.0,87.69
2,21.09,70.0,89.69
2,21.09,70.0,97.69
2,21.09,80.7,93.39
2,21.09,70.0,98.88
2,21.09,70.0,85.94
2,21.09,70.0,95.09
2,21.09,70.0,172.69
2,21.09,80.0,95.0
2,21.09,70.0,90.96
2,21.09,70.0,97.13
2,21.09,80.0,100.75
2,21.09,70.0,99.23
2,21.09,70.0,90.55
2,21.09,70.0,98.88
2,21.09,90.5,93.75
2,21.09,70.0,82.69
2,21.09,80.0,106.75
2,21.09,70.0,96.69
2,21.09,70.0,82.69
2,21.09,70.0,79.75
2,21.09,70.0,92.69
2,21.09,70.0,96.69
2,21.09,70.0,98.88
2,21.09,80.7,100.39
2,21.09,70.0,104.88
2,21.09,70.0,92.69
2,21.09,70.0,104.88
2,21.09,70.0,90.9
2,21.09,70.0,98.47
2,21.09,70.0,104.88
2,21.09,70.0,98.88
2,21.09,70.0,80.75
2,21.09,70.0,87.69
2,21.09,70.0,95.19
2,21.09,70.0,99.23
2,21.09,70.0,97.13
2,21.09,70.0,97.69
2,21.09,70.0,99.23
2,21.09,70.0,102.92
2,21.09,78.6,89.54
2,21.09,79.3,91.05
2,21.09,70.0,94.25
2,21.08,70.0,98.88
2,21.08,70.0,104.88
2,21.08,70.0,82.69
2,21.08,77.9,98.23
2,21.08,70.0,95.69
2,21.08,70.0,100.69
2,21.08,82.8,93.74
2,21.08,70.0,97.13
2,21.08,70.0,85.75
2,21.08,70.0,90.69
2,21.08,70.0,92.69
2,21.08,70.0,95.09
2,21.08,70.0,90.55
2,21.08,70.0,98.88
2,21.08,70.0,82.69
2,21.08,70.0,101.18
2,21.08,70.0,98.88
2,21.08,70.0,98.88
2,21.08,70.0,109.17
2,21.08,70.0,80.19
2,21.08,70.0,79.54
2,21.08,84.2,105.84
2,21.08,70.0,95.88
2,21.08,70.0,94.25
2,21.08,100.3,120.8
2,21.08,79.3,98.71
2,21.08,70.0,95.69
2,21.08,70.0,105.23
2,21.08,80.0,84.25
2,21.08,70.0,87.19
2,21.08,70.0,84.19
2,21.08,70.0,87.69
2,21.08,70.0,98.88
2,21.08,86.3,107.11
2,21.08,77.2,87.39
2,21.08,70.0,98.88
2,21.08,70.0,98.88
2,21.08,70.0,104.88
2,21.08,70.0,94.94
2,21.08,70.0,98.88
2,21.08,70.0,97.13
2,21.08,70.0,96.69
2,21.08,84.2,87.45
2,21.08,78.6,99.07
2,21.08,70.0,87.11
2,21.08,70.0,98.88
2,21.08,98.6,153.46
2,21.08,97.2,116.76
2,21.08,79.3,83.55
2,21.08,97.2,138.91
2,21.08,70.0,98.88
2,21.08,70.0,101.17
2,21.08,77.2,97.39
2,21.08,77.9,95.08
2,21.08,70.0,98.88
2,21.08,70.0,95.88
2,21.08,81.4,89.65
2,21.08,70.0,104.88
2,21.08,79.3,111.24
2,21.08,87.7,97.89
2,21.08,70.0,89.69
2,21.08,70.0,98.88
2,21.08,70.0,97.69
2,21.08,70.0,98.88
2,21.08,70.0,103.13
2,21.08,70.0,99.23
2,21.07,70.0,103.13
2,21.07,77.2,87.4
2,21.07,77.9,97.38
2,21.07,70.0,94.25
2,21.07,70.0,99.23
2,21.07,70.0,104.88
2,21.07,70.0,105.23
2,21.07,70.0,102.69
2,21.07,70.0,99.23
2,21.07,70.0,103.0
2,21.07,83.5,86.75
2,21.07,70.0,97.13
2,21.07,91.2,112.99
2,21.07,108.4,116.34
2,21.07,70.0,98.88
2,21.07,70.0,75.75
2,21.07,70.0,92.69
2,21.07,70.0,107.5
2,21.07,70.0,98.88
2,21.07,70.0,85.94
2,21.07,70.0,103.36
2,21.07,70.0,104.88
2,21.07,70.0,80.94
2,21.07,70.0,97.13
2,21.07,98.6,151.18
2,21.07,70.0,101.88
2,21.07,125.5,135.75
2,21.07,70.0,98.88
2,21.07,80.0,99.55
2,21.07,78.6,81.1
2,21.07,70.0,90.69
2,21.07,81.4,105.81
2,21.07,70.0,95.09
2,21.07,70.0,98.88
2,21.07,77.9,81.15
2,21.07,89.1,95.6
2,21.07,79.3,82.55
2,21.07,70.0,92.69
2,21.07,87.0,116.28
2,21.07,70.0,104.88
2,21.07,70.0,97.13
2,21.07,70.0,98.88
2,21.07,82.8,103.49
2,21.07,91.9,100.15
2,21.07,70.0,98.88
2,21.07,70.0,99.23
2,21.07,70.0,82.69
2,21.07,131.1,134.35
2,21.07,70.0,87.69
2,21.07,80.7,90.89
2,21.07,70.0,82.69
2,21.07,70.0,82.69
2,21.07,70.0,91.69
2,21.07,77.9,88.09
2,21.07,70.0,104.88
2,21.07,70.0,98.88
2,21.07,70.0,92.69
2,21.07,70.0,87.69
2,21.07,70.0,99.23
2,21.07,70.0,109.17
2,21.07,70.0,104.88
2,21.07,70.0,99.23
2,21.07,81.4,90.65
2,21.07,70.0,104.88
2,21.07,103.5,141.46
2,21.07,70.0,97.13
2,21.07,70.0,98.88
2,21.07,70.0,80.19
2,21.07,70.0,96.23
2,21.07,70.0,100.69
2,21.06,87.0,108.3
2,21.06,99.6,129.54
2,21.06,70.0,90.19
2,21.06,70.0,95.88
2,21.06,80.0,90.19
2,21.06,79.3,90.49
2,21.06,70.0,87.11
2,21.06,70.0,88.69
2,21.06,70.0,91.19
2,21.06,70.0,74.0
2,21.06,70.0,90.55
2,21.06,70.0,102.23
2,21.06,70.0,95.88
2,21.06,70.0,95.88
2,21.06,70.0,96.46
2,21.06,76.5,93.6
2,21.06,102.8,162.57
2,21.06,97.9,144.65
2,21.06,70.0,82.69
2,21.06,70.0,97.13
2,21.06,79.3,82.55
2,21.06,77.2,88.39
2,21.06,70.0,105.23
2,21.06,70.0,99.23
2,21.06,70.0,101.17
2,21.06,70.0,98.88
2,21.06,100.7,140.5
2,21.06,95.4,113.65
2,21.06,80.0,90.19
2,21.06,70.0,94.25
2,21.06,70.0,85.19
2,21.06,82.1,122.29
2,21.06,70.0,82.69
2,21.06,70.0,97.13
2,21.06,140.0,163.07
2,21.06,70.0,87.69
2,21.06,81.4,89.65
2,21.06,70.0,98.88
2,21.06,70.0,102.92
2,21.06,70.0,84.0
2,21.06,70.0,90.94
2,21.06,70.0,85.69
2,21.06,84.9,89.15
2,21.06,100.7,148.44
2,21.06,70.0,103.98
2,21.06,70.0,102.92
2,21.06,70.0,82.84
2,21.06,70.0,98.88
2,21.06,70.0,85.19
2,21.06,70.0,98.88
2,21.06,95.4,122.28
2,21.06,70.0,99.69
2,21.06,70.0,122.69
2,21.06,70.0,105.23
2,21.06,70.0,99.23
2,21.06,85.6,112.31
2,21.06,70.0,105.23
2,21.06,70.0,82.69
2,21.06,70.0,88.8
2,21.06,70.0,88.8
2,21.06,70.0,109.17
2,21.05,70.0,101.17
2,21.05,70.0,94.69
2,21.05,70.0,102.93
2,21.05,70.0,98.88
2,21.05,70.0,98.88
2,21.05,70.0,100.19
2,21.05,70.0,97.13
2,21.05,98.6,125.1
2,21.05,70.0,104.88
2,21.05,70.0,92.69
2,21.05,102.1,140.1
2,21.05,70.0,98.88
2,21.05,70.0,98.88
2,21.05,70.0,80.75
2,21.05,70.0,101.18
2,21.05,70.0,98.88
2,21.05,70.0,82.69
2,21.05,80.7,90.89
2,21.05,70.0,100.5
2,21.05,89.1,110.47
2,21.05,70.0,92.69
2,21.05,70.0,80.75
2,21.05,70.0,99.23
2,21.05,98.6,121.85
2,21.05,70.0,105.23
2,21.05,100.7,152.38
2,21.05,70.0,82.69
2,21.05,77.9,92.15
2,21.05,70.0,82.69
2,21.05,100.7,153.69
2,21.05,70.0,99.23
2,21.05,100.0,151.3
2,21.05,70.0,80.94
2,21.05,70.0,98.88
2,21.05,82.1,102.85
2,21.05,70.0,98.88
2,21.05,70.0,90.55
2,21.05,78.6,89.79
2,21.05,70.0,96.23
2,21.05,70.0,98.88
2,21.05,70.0,89.69
2,21.05,70.0,96.94
2,21.05,82.1,114.6
2,21.05,85.6,107.47
2,21.05,80.7,84.95
2,21.05,70.0,98.88
2,21.05,70.0,99.23
2,21.05,70.0,92.69
2,21.05,70.0,90.96
2,21.05,70.0,90.55
2,21.05,70.0,90.96
2,21.05,70.0,98.88
2,21.05,70.0,98.88
2,21.05,80.0,90.94
2,21.05,70.0,98.88
2,21.05,70.0,82.69
2,21.05,82.1,85.35
2,21.05,70.0,106.97
2,21.05,70.0,102.69
2,21.05,70.0,97.13
2,21.05,70.0,88.94
2,21.05,70.0,92.69
2,21.04,70.0,92.69
2,21.04,70.0,96.55
2,21.04,70.0,104.88
2,21.04,77.9,88.15
2,21.04,70.0,105.23
2,21.04,70.0,104.88
2,21.04,80.0,83.25
2,21.04,70.0,87.69
2,21.04,70.0,88.57
2,21.04,70.0,83.44
2,21.04,70.0,105.23
2,21.04,70.0,102.92
2,21.04,80.0,105.19
2,21.04,70.0,102.92
2,21.04,70.0,86.69
2,21.04,70.0,87.69
2,21.04,70.0,105.23
2,21.04,70.0,82.69
2,21.04,70.0,75.75
2,21.04,70.0,85.19
2,21.04,70.0,104.88
2,21.04,70.0,82.69
2,21.04,77.9,90.59
2,21.04,70.0,92.5
2,21.04,70.0,103.36
2,21.04,70.0,97.69
2,21.04,70.0,90.96
2,21.04,70.0,98.88
2,21.04,70.0,101.88
2,21.04,70.0,104.88
2,21.04,70.0,101.18
2,21.04,70.0,98.88
2,21.04,70.0,87.69
2,21.04,78.6,84.35
2,21.04,120.0,164.4
2,21.04,70.0,87.69
2,21.04,70.0,75.75
2,21.04,78.6,82.85
2,21.04,70.0,97.69
2,21.04,70.0,98.88
2,21.04,70.0,98.88
2,21.04,89.8,93.05
2,21.04,70.0,98.88
2,21.04,79.3,100.26
2,21.04,70.0,80.19
2,21.04,70.0,98.88
2,21.04,123.4,136.65
2,21.04,70.0,87.69
2,21.04,70.0,103.72
2,21.04,84.2,112.92
2,21.04,70.0,85.75
2,21.04,70.0,98.88
2,21.04,70.0,99.23
2,21.04,70.0,82.69
2,21.04,70.0,98.88
2,21.04,70.0,102.92
2,21.04,79.3,99.06
2,21.04,70.0,92.69
2,21.04,70.0,90.94
2,21.04,70.0,98.88
2,21.04,70.0,90.75
2,21.04,70.0,98.88
2,21.04,90.5,106.69
2,21.03,70.0,90.9
2,21.03,170.0,187.5
2,21.03,70.0,82.69
2,21.03,70.0,87.69
2,21.03,70.0,104.88
2,21.03,70.0,80.19
2,21.03,70.0,88.75
2,21.03,78.6,101.85
2,21.03,70.0,98.88
2,21.03,70.0,109.17
2,21.03,77.9,90.95
2,21.03,70.0,80.75
2,21.03,70.0,83.75
2,21.03,70.0,90.9
2,21.03,70.0,97.69
2,21.03,70.0,95.88
2,21.03,70.0,97.13
2,21.03,70.0,104.88
2,21.03,100.0,146.4
2,21.03,70.0,85.94
2,21.03,70.0,98.88
2,21.03,77.9,83.15
2,21.03,70.0,97.13
2,21.03,70.0,92.69
2,21.03,70.0,95.69
2,21.03,79.3,89.49
2,21.03,70.0,104.88
2,21.03,70.0,105.22
2,21.03,70.0,94.69
2,21.03,70.0,100.19
2,21.03,70.0,104.88
2,21.03,70.0,105.23
2,21.03,70.0,92.69
2,21.03,70.0,93.69
2,21.03,70.0,98.88
2,21.03,70.0,98.88
2,21.03,70.0,98.88
2,21.03,70.0,90.94
2,21.03,70.0,99.23
2,21.03,70.0,102.92
2,21.03,70.0,99.23
2,21.03,70.0,109.2
2,21.03,80.0,84.25
2,21.03,70.0,98.88
2,21.03,70.0,99.23
2,21.03,70.0,95.94
2,21.03,70.0,102.92
2,21.03,70.0,98.88
2,21.03,70.0,102.92
2,21.03,80.7,86.45
2,21.03,70.0,98.88
2,21.03,79.3,96.05
2,21.03,70.0,98.88
2,21.03,78.6,102.07
2,21.03,70.0,90.55
2,21.03,70.0,75.75
2,21.03,70.0,107.5
2,21.03,70.0,82.69
2,21.03,70.0,99.23
2,21.03,70.0,98.88
2,21.03,70.0,90.55
2,21.03,77.9,88.09
2,21.03,70.0,75.75
2,21.03,70.0,98.88
2,21.03,70.0,102.92
2,21.03,70.0,87.69
2,21.03,70.0,102.92
2,21.03,70.0,98.88
2,21.03,70.0,96.23
2,21.03,80.0,104.87
2,21.03,102.1,149.38
2,21.03,70.0,101.17
2,21.03,77.9,104.58
2,21.03,83.5,104.95
2,21.03,81.4,84.65
2,21.03,87.0,99.19
2,21.03,70.0,90.9
2,21.03,70.0,104.88
2,21.03,70.0,107.72
2,21.03,114.3,144.06
2,21.03,70.0,105.23
2,21.03,70.0,95.94
2,21.03,70.0,96.55
2,21.02,70.0,89.69
2,21.02,70.0,82.69
2,21.02,129.0,147.25
2,21.02,70.0,80.29
2,21.02,102.8,133.8
2,21.02,70.0,109.17
2,21.02,70.0,95.09
2,21.02,70.0,82.69
2,21.02,70.0,85.19
2,21.02,84.2,100.14
2,21.02,70.0,99.23
2,21.02,70.0,114.0
2,21.02,70.0,98.88
2,21.02,70.0,75.75
2,21.02,70.0,102.92
2,21.02,70.0,98.88
2,21.02,77.9,98.23
2,21.02,70.0,98.88
2,21.02,70.0,80.19
2,21.02,70.0,90.94
2,21.02,70.0,98.88
2,21.02,70.0,84.69
2,21.02,80.0,100.75
2,21.02,70.0,100.84
2,21.02,70.0,98.88
2,21.02,100.7,150.84
2,21.02,70.0,82.69
2,21.02,70.0,98.88
2,21.02,82.8,91.05
2,21.02,70.0,90.55
2,21.02,70.0,90.9
2,21.02,70.0,85.19
2,21.02,77.9,89.09
2,21.02,70.0,95.88
2,21.02,70.0,97.69
2,21.02,78.6,92.85
2,21.02,70.0,96.75
2,21.02,70.0,85.19
2,21.02,82.8,87.05
2,21.02,70.0,98.88
2,21.02,70.0,82.69
2,21.02,70.0,90.9
2,21.02,70.0,89.91
2,21.02,98.6,124.1
2,21.02,70.0,97.57
2,21.02,70.0,80.19
2,21.02,70.0,93.69
2,21.02,70.0,95.88
2,21.02,70.0,85.19
2,21.02,70.0,92.69
2,21.02,70.0,90.9
2,21.02,70.0,89.69
2,21.02,91.9,113.83
2,21.02,82.1,137.1
2,21.02,70.0,96.23
2,21.02,79.3,96.05
2,21.02,80.7,100.39
2,21.02,70.0,90.69
2,21.02,86.3,96.49
2,21.02,70.0,101.18
2,21.02,70.0,92.5
2,21.02,70.0,98.88
2,21.02,79.3,101.71
2,21.02,87.7,112.95
2,21.02,70.0,94.69
2,21.02,70.0,104.88
2,21.02,70.0,97.13
2,21.02,78.6,92.85
2,21.02,70.0,99.23
2,21.02,70.0,98.88
2,21.02,70.0,80.19
2,21.01,70.0,80.19
2,21.01,70.0,99.69
2,21.01,70.0,92.69
2,21.01,70.0,101.88
2,21.01,70.0,98.88
2,21.01,70.0,98.88
2,21.01,70.0,106.97
2,21.01,79.3,92.55
2,21.01,70.0,80.94
2,21.01,70.0,109.61
2,21.01,70.0,98.88
2,21.01,89.8,114.31
2,21.01,78.6,82.85
2,21.01,100.7,142.74
2,21.01,70.0,99.23
2,21.01,70.0,75.75
2,21.01,70.0,104.88
2,21.01,70.0,104.88
2,21.01,70.0,92.69
2,21.01,70.0,95.88
2,21.01,77.9,107.25
2,21.01,70.0,98.88
2,21.01,70.0,80.94
2,21.01,70.0,101.17
2,21.01,70.0,98.88
2,21.01,70.0,95.09
2,21.01,70.0,88.94
2,21.01,77.2,97.74
2,21.01,70.0,90.55
2,21.01,70.0,98.88
2,21.01,103.1,108.1
2,21.01,115.0,145.75
2,21.01,70.0,95.09
2,21.01,70.0,88.8
2,21.01,70.0,104.88
2,21.01,70.0,94.69
2,21.01,70.0,100.84
2,21.01,77.9,98.23
2,21.01,70.0,99.23
2,21.01,70.0,87.94
2,21.01,70.0,102.92
2,21.01,70.0,90.19
2,21.01,70.0,90.69
2,21.01,70.0,90.55
2,21.01,70.0,86.69
2,21.01,70.0,102.92
2,21.01,70.0,99.23
2,21.01,70.0,92.69
2,21.01,77.2,106.07
2,21.01,70.0,87.69
2,21.01,70.0,98.88
2,21.01,70.0,99.8
2,21.01,70.0,98.88
2,21.01,70.0,88.94
2,21.01,70.0,98.88
2,21.01,70.0,104.25
2,21.01,70.0,98.88
2,21.01,70.0,98.88
2,21.01,70.0,97.13
2,21.01,70.0,87.11
2,21.01,70.0,98.88
2,21.01,70.0,104.88
2,21.01,82.1,113.4
2,21.0,70.0,80.19
1,21.0,70.0,97.69
1,21.0,70.0,100.69
1,21.0,70.0,97.09
1,21.0,61.5,63.0
1,21.0,70.0,103.34
1,21.0,70.0,80.75
1,21.0,70.0,80.94
2,21.0,70.0,97.13
2,21.0,70.0,103.47
1,21.0,70.0,96.19
2,21.0,104.2,149.94
1,21.0,70.0,97.14
2,21.0,70.0,82.75
1,21.0,100.7,144.45
1,21.0,84.2,104.95
2,21.0,97.9,132.65
2,21.0,70.0,99.55
2,21.0,70.0,83.75
2,21.0,70.0,102.92
1,21.0,53.5,55.0
1,21.0,70.0,83.44
2,21.0,70.0,106.97
1,21.0,70.0,85.19
1,21.0,70.0,87.69
1,21.0,70.0,110.94
1,21.0,77.2,96.64
1,21.0,70.0,90.9
1,21.0,70.0,95.69
2,21.0,70.0,98.88
1,21.0,70.0,103.34
2,21.0,70.0,99.23
1,21.0,70.0,99.23
1,21.0,70.0,85.75
1,21.0,70.0,95.94
2,21.0,70.0,99.23
1,21.0,70.0,99.19
1,21.0,70.0,82.69
1,21.0,84.2,102.45
1,21.0,70.0,75.75
2,21.0,70.0,97.69
2,21.0,70.0,98.88
1,21.0,62.5,70.94
1,21.0,70.0,90.9
2,21.0,127.6,141.85
1,21.0,70.0,90.75
1,21.0,70.0,78.44
1,21.0,70.0,75.75
2,21.0,70.0,103.36
2,21.0,70.0,97.69
1,21.0,70.0,90.96
1,21.0,64.5,72.94
2,21.0,80.0,111.23
1,21.0,70.0,105.19
1,21.0,70.0,105.94
2,21.0,70.0,82.69
2,21.0,70.0,103.13
1,21.0,79.5,90.54
1,21.0,70.0,99.19
1,21.0,70.0,90.69
1,21.0,79.3,90.24
1,21.0,52.5,54.0
1,21.0,70.0,99.19
2,21.0,82.1,92.29
1,21.0,62.5,70.94
1,21.0,70.0,99.24
1,21.0,51.5,53.0
1,21.0,70.0,99.19
1,21.0,52.5,54.0
1,21.0,70.0,105.19
1,21.0,70.0,99.19
2,21.0,70.0,102.23
1,21.0,70.0,99.19
2,21.0,70.0,82.69
1,21.0,70.0,97.09
1,21.0,88.4,101.65
1,21.0,70.0,80.94
2,21.0,70.0,94.25
1,21.0,70.0,92.44
1,21.0,70.0,85.19
1,21.0,62.5,64.0
2,21.0,70.0,101.88
2,21.0,70.0,105.23
1,21.0,70.0,105.24
1,21.0,70.0,87.69
1,21.0,70.0,97.14
1,21.0,70.0,99.19
2,21.0,70.0,98.88
1,21.0,52.5,54.0
1,21.0,77.9,82.15
2,21.0,70.0,102.69
2,21.0,77.9,97.03
1,21.0,70.0,99.19
2,21.0,70.0,94.13
2,21.0,70.0,88.03
2,21.0,80.7,109.39
2,21.0,70.0,97.13
2,21.0,79.3,89.49
1,21.0,70.0,87.69
1,21.0,70.0,90.9
1,21.0,80.7,91.89
1,21.0,115.0,144.25
1,21.0,70.0,80.75
1,21.0,70.0,99.19
2,21.0,70.0,88.94
2,21.0,70.0,89.19
2,21.0,80.7,89.95
1,21.0,70.0,103.34
1,21.0,82.1,105.4
2,21.0,70.0,98.88
1,21.0,86.3,89.55
1,21.0,70.0,74.0
2,21.0,70.0,97.13
1,21.0,70.0,90.69
1,21.0,70.0,98.69
1,21.0,70.0,92.69
1,21.0,108.7,114.45
1,21.0,70.0,96.69
1,21.0,59.5,67.94
1,21.0,70.0,97.14
1,21.0,70.0,103.34
2,21.0,70.0,80.19
1,21.0,70.0,90.94
1,21.0,70.0,103.34
1,21.0,70.0,99.24
1,21.0,70.0,74.0
1,21.0,70.0,81.3
1,21.0,76.5,108.64
1,21.0,112.9,145.4
1,21.0,70.0,101.14
1,21.0,70.0,88.2
1,21.0,70.0,96.19
2,21.0,70.0,90.55
2,21.0,70.0,98.88
1,21.0,70.0,97.09
1,21.0,70.0,99.19
1,21.0,70.0,99.19
2,21.0,70.0,100.84
1,21.0,80.7,91.74
1,21.0,100.3,109.55
1,21.0,70.0,107.49
1,21.0,3.0,7.0
2,21.0,70.0,96.69
1,21.0,70.0,82.69
2,21.0,70.0,90.55
1,21.0,70.0,85.94
2,21.0,70.0,82.69
1,21.0,80.0,90.19
1,21.0,81.4,91.59
2,21.0,70.0,92.69
2,21.0,70.0,97.69
1,21.0,70.0,97.09
1,21.0,70.0,89.63
2,21.0,70.0,98.88
1,21.0,111.9,138.28
1,21.0,70.0,89.0
2,21.0,70.0,102.69
1,21.0,59.5,67.94
1,21.0,70.0,87.11
2,21.0,70.0,91.94
1,21.0,70.0,90.0
1,21.0,101.0,105.0
1,21.0,70.0,97.14
1,21.0,89.1,102.54
1,21.0,101.7,116.89
1,21.0,70.0,75.75
1,21.0,83.5,101.38
1,21.0,70.0,87.69
1,21.0,103.5,151.03
2,21.0,98.9,106.08
1,21.0,103.8,134.33
1,21.0,70.0,95.09
1,21.0,44.5,49.18
1,21.0,114.0,161.63
1,21.0,70.0,90.9
1,21.0,68.5,70.0
2,21.0,70.0,98.88
1,21.0,70.0,80.94
1,21.0,70.0,105.19
1,21.0,70.0,99.24
1,21.0,70.0,95.94
1,21.0,70.0,105.19
1,21.0,115.0,165.97
1,21.0,70.0,90.69
2,21.0,70.0,96.2
2,21.0,70.0,87.69
1,21.0,70.0,99.19
1,21.0,58.5,60.0
2,21.0,70.0,103.13
1,21.0,70.0,107.49
1,21.0,70.0,105.19
2,21.0,70.0,75.75
1,21.0,70.0,100.69
1,21.0,70.0,100.84
1,21.0,58.5,62.45
1,21.0,70.0,99.19
1,21.0,70.0,97.13
1,21.0,70.0,88.8
2,20.99,70.0,97.69
2,20.99,70.0,98.88
2,20.99,87.0,107.95
2,20.99,70.0,84.69
2,20.99,70.0,90.55
2,20.99,70.0,87.11
2,20.99,70.0,98.88
2,20.99,70.0,92.69
2,20.99,70.0,86.28
2,20.99,70.0,99.23
2,20.99,70.0,97.57
2,20.99,70.0,92.69
2,20.99,70.0,99.23
2,20.99,70.0,101.17
2,20.99,70.0,80.75
2,20.99,70.0,82.69
2,20.99,101.4,135.4
2,20.99,70.0,99.23
2,20.99,70.0,102.69
2,20.99,70.0,98.88
2,20.99,70.0,105.46
2,20.99,70.0,105.23
2,20.99,70.0,99.23
2,20.99,70.0,90.55
2,20.99,70.0,90.9
2,20.99,70.0,105.23
2,20.99,70.0,99.23
2,20.99,70.0,80.94
2,20.99,70.0,91.69
2,20.99,78.6,88.79
2,20.99,70.0,98.88
2,20.99,70.0,82.94
2,20.99,88.5,112.15
2,20.99,82.8,85.3
2,20.99,70.0,98.88
2,20.99,70.0,98.88
2,20.99,70.0,97.13
2,20.99,97.2,137.08
2,20.99,70.0,85.75
2,20.99,81.4,96.59
2,20.99,99.3,145.9
2,20.99,70.0,90.55
2,20.99,70.0,84.69
2,20.99,80.0,137.57
2,20.99,70.0,104.88
2,20.99,70.0,96.23
2,20.99,70.0,97.13
2,20.99,78.6,97.87
2,20.99,70.0,97.13
2,20.99,70.0,97.69
2,20.99,94.7,100.45
2,20.99,96.1,128.22
2,20.99,70.0,99.8
2,20.99,70.0,97.69
2,20.99,70.0,102.92
2,20.99,81.4,95.73
2,20.99,70.0,87.69
2,20.98,70.0,103.13
2,20.98,78.6,109.13
2,20.98,70.0,97.69
2,20.98,70.0,103.47
2,20.98,70.0,97.13
2,20.98,70.0,97.13
2,20.98,70.0,99.23
2,20.98,77.2,81.45
2,20.98,70.0,80.94
2,20.98,70.0,99.23
2,20.98,70.0,102.92
2,20.98,70.0,104.88
2,20.98,70.0,104.88
2,20.98,70.0,90.9
2,20.98,70.0,80.19
2,20.98,70.0,82.69
2,20.98,70.0,90.55
2,20.98,70.0,98.88
2,20.98,70.0,99.23
2,20.98,78.6,92.85
2,20.98,103.1,128.47
2,20.98,70.0,90.55
2,20.98,70.0,104.88
2,20.98,70.0,92.5
2,20.98,70.0,98.88
2,20.98,70.0,80.19
2,20.98,70.0,99.8
2,20.98,70.0,98.88
2,20.98,70.0,92.19
2,20.98,70.0,94.62
2,20.98,70.0,100.94
2,20.98,70.0,103.13
2,20.98,70.0,90.19
2,20.98,70.0,98.88
2,20.98,70.0,82.69
2,20.98,70.0,92.94
2,20.98,70.0,95.75
2,20.98,70.0,90.55
2,20.98,70.0,98.88
2,20.98,70.0,90.9
2,20.98,70.0,102.92
2,20.98,70.0,90.94
2,20.98,70.0,82.69
2,20.98,70.0,78.44
2,20.98,77.9,124.68
2,20.98,103.5,111.44
2,20.98,70.0,99.23
2,20.98,70.0,85.0
2,20.98,70.0,104.88
2,20.98,70.0,87.69
2,20.98,81.4,92.59
2,20.98,70.0,80.75
2,20.98,70.0,80.94
2,20.98,70.0,90.55
2,20.98,70.0,90.0
2,20.98,70.0,95.88
2,20.98,68.8,75.55
2,20.98,70.0,87.69
2,20.98,70.0,90.69
2,20.98,70.0,99.12
2,20.98,99.3,153.1
2,20.98,70.0,98.88
2,20.98,108.7,136.99
2,20.98,96.8,107.55
2,20.98,86.3,89.55
2,20.98,70.0,90.55
2,20.98,70.0,102.92
2,20.98,81.4,87.15
2,20.98,70.0,87.11
2,20.98,70.0,75.75
2,20.98,79.3,82.55
2,20.98,77.2,101.83
2,20.98,70.0,82.69
2,20.98,70.0,95.0
2,20.98,70.0,105.23
2,20.98,70.0,85.19
2,20.97,70.0,98.88
2,20.97,70.0,97.13
2,20.97,70.0,102.23
2,20.97,78.6,99.07
2,20.97,70.0,82.69
2,20.97,70.0,98.88
2,20.97,70.0,103.72
2,20.97,70.0,103.36
2,20.97,70.0,80.75
2,20.97,70.0,90.96
2,20.97,135.3,178.86
2,20.97,70.0,95.09
2,20.97,70.0,102.23
2,20.97,70.0,103.13
2,20.97,70.0,103.13
2,20.97,70.0,85.19
2,20.97,118.2,131.95
2,20.97,110.5,136.76
2,20.97,70.0,87.69
2,20.97,70.0,82.69
2,20.97,70.0,98.88
2,20.97,70.0,98.88
2,20.97,70.0,82.69
2,20.97,85.6,111.06
2,20.97,70.0,98.88
2,20.97,70.0,96.69
2,20.97,70.0,103.36
2,20.97,70.0,98.88
2,20.97,70.0,92.69
2,20.97,70.0,90.55
2,20.97,70.0,96.23
2,20.97,70.0,98.88
2,20.97,70.0,89.38
2,20.97,82.1,102.42
2,20.97,70.0,90.9
2,20.97,70.0,105.23
2,20.97,70.0,82.69
2,20.97,70.0,80.94
2,20.97,70.0,103.47
2,20.97,70.0,90.55
2,20.97,80.0,90.0
2,20.97,70.0,82.69
2,20.97,70.0,98.88
2,20.97,70.0,80.75
2,20.97,70.0,98.88
2,20.97,70.0,99.23
2,20.97,83.5,93.69
2,20.97,70.0,98.88
2,20.97,78.6,97.87
2,20.97,70.0,92.61
2,20.97,70.0,90.9
2,20.97,77.9,102.25
2,20.97,70.0,80.94
2,20.97,70.0,87.11
2,20.97,70.0,102.92
2,20.97,103.5,154.2
2,20.97,80.7,85.7
2,20.97,70.0,98.88
2,20.97,70.0,95.09
2,20.97,70.0,92.69
2,20.97,70.0,104.88
2,20.97,70.0,80.19
2,20.96,77.9,102.25
2,20.96,77.9,98.23
2,20.96,80.0,101.5
2,20.96,78.6,109.2
2,20.96,70.0,95.09
2,20.96,98.6,125.15
2,20.96,70.0,82.69
2,20.96,70.0,102.92
2,20.96,88.4,101.0
2,20.96,82.1,87.85
2,20.96,81.4,84.65
2,20.96,70.0,102.92
2,20.96,70.0,97.13
2,20.96,70.0,96.23
2,20.96,70.0,82.69
2,20.96,70.0,92.69
2,20.96,70.0,97.13
2,20.96,70.0,99.23
2,20.96,70.0,82.69
2,20.96,70.0,87.69
2,20.96,70.0,97.57
2,20.96,70.0,95.88
2,20.96,97.9,152.88
2,20.96,81.4,93.11
2,20.96,70.0,98.88
2,20.96,70.0,99.23
2,20.96,76.5,109.61
2,20.96,82.1,111.42
2,20.96,70.0,80.94
2,20.96,94.0,119.35
2,20.96,100.0,123.25
2,20.96,89.1,145.29
2,20.96,70.0,98.88
2,20.96,124.1,127.35
2,20.96,70.0,99.12
2,20.96,82.8,102.91
2,20.96,70.0,90.55
2,20.96,70.0,98.88
2,20.96,79.3,90.24
2,20.96,81.4,105.38
2,20.96,70.0,104.88
2,20.96,70.0,87.69
2,20.96,70.0,75.75
2,20.96,100.7,126.93
2,20.96,70.0,98.88
2,20.96,70.0,99.23
2,20.96,70.0,90.55
2,20.96,70.0,87.69
2,20.96,70.0,84.69
2,20.96,70.0,85.75
2,20.96,70.0,99.23
2,20.96,70.0,99.23
2,20.96,70.0,96.55
2,20.96,80.7,90.89
2,20.96,70.0,80.94
2,20.96,70.0,90.55
2,20.96,70.0,88.94
2,20.96,70.0,97.69
2,20.96,70.0,82.69
2,20.96,70.0,98.88
2,20.96,70.0,90.55
2,20.96,70.0,98.88
2,20.96,70.0,98.88
2,20.96,80.7,93.39
2,20.96,70.0,80.75
2,20.96,101.4,145.58
2,20.96,70.0,87.75
2,20.96,70.0,98.88
2,20.95,88.4,94.15
2,20.95,70.0,82.69
2,20.95,70.0,98.88
2,20.95,70.0,83.69
2,20.95,70.0,85.94
2,20.95,70.0,90.9
2,20.95,70.0,94.25
2,20.95,70.0,96.23
2,20.95,70.0,96.23
2,20.95,90.5,100.69
2,20.95,70.0,102.92
2,20.95,70.0,82.69
2,20.95,70.0,95.09
2,20.95,82.8,92.99
2,20.95,70.0,92.94
2,20.95,77.9,82.15
2,20.95,100.0,142.19
2,20.95,89.1,111.72
2,20.95,70.0,85.75
2,20.95,80.0,90.19
2,20.95,70.0,99.23
2,20.95,105.6,137.1
2,20.95,70.0,104.88
2,20.95,70.0,98.88
2,20.95,70.0,87.69
2,20.95,77.2,87.39
2,20.95,70.0,87.94
2,20.95,86.3,87.8
2,20.95,70.0,104.88
2,20.95,70.0,82.69
2,20.95,100.7,148.14
2,20.95,70.0,85.75
2,20.95,70.0,97.13
2,20.95,80.7,86.45
2,20.95,70.0,75.75
2,20.95,70.0,80.0
2,20.95,82.8,87.05
2,20.95,70.0,96.55
2,20.95,80.0,100.94
2,20.95,70.0,99.23
2,20.95,70.0,88.8
2,20.95,70.0,75.75
2,20.95,70.0,98.88
2,20.95,84.2,108.88
2,20.95,70.0,95.88
2,20.95,70.0,90.19
2,20.95,70.0,106.97
2,20.95,70.0,90.94
2,20.95,70.0,89.39
2,20.95,70.0,92.94
2,20.95,70.0,85.75
2,20.95,70.0,98.88
2,20.95,70.0,98.88
2,20.95,70.0,98.88
2,20.95,97.9,150.22
2,20.95,70.0,98.88
2,20.95,70.0,98.88
2,20.95,70.0,90.9
2,20.95,80.7,101.64
2,20.95,80.7,100.39
2,20.95,70.0,87.69
2,20.95,70.0,92.69
2,20.95,70.0,99.23
2,20.95,102.1,151.78
2,20.94,70.0,105.23
2,20.94,70.0,99.23
2,20.94,80.7,104.5
2,20.94,70.0,99.23
2,20.94,70.0,102.92
2,20.94,70.0,95.09
2,20.94,102.8,153.06
2,20.94,70.0,96.23
2,20.94,70.0,96.19
2,20.94,70.0,98.88
2,20.94,83.5,101.19
2,20.94,70.0,80.94
2,20.94,84.2,104.94
2,20.94,77.9,92.15
2,20.94,70.0,95.69
2,20.94,70.0,96.69
2,20.94,70.0,104.88
2,20.94,70.0,90.19
2,20.94,70.0,98.88
2,20.94,70.0,115.13
2,20.94,70.0,99.23
2,20.94,70.0,95.09
2,20.94,70.0,80.75
2,20.94,70.0,98.88
2,20.94,70.0,104.88
2,20.94,70.0,80.19
2,20.94,70.0,98.88
2,20.94,70.0,90.9
2,20.94,70.0,106.97
2,20.94,70.0,104.33
2,20.94,86.3,96.49
2,20.94,70.0,82.69
2,20.94,70.0,99.23
2,20.94,70.0,103.13
2,20.94,70.0,104.88
2,20.94,70.0,97.69
2,20.94,70.0,98.88
2,20.94,85.0,117.23
2,20.94,70.0,99.23
2,20.94,70.0,92.69
2,20.94,97.9,150.91
2,20.94,70.0,90.96
2,20.94,70.0,92.69
2,20.94,70.0,99.23
2,20.94,70.0,99.23
2,20.94,70.0,98.88
2,20.94,101.4,152.88
2,20.94,79.3,111.24
2,20.94,70.0,82.69
2,20.94,70.0,90.9
2,20.94,97.9,124.78
2,20.94,70.0,92.69
2,20.94,70.0,109.17
2,20.94,70.0,87.74
2,20.94,70.0,98.88
2,20.94,70.0,90.55
2,20.94,70.0,74.0
2,20.94,70.0,80.94
2,20.94,70.0,80.19
2,20.94,82.1,103.32
2,20.94,70.0,82.69
2,20.94,70.0,82.69
2,20.94,70.0,95.88
2,20.94,70.0,95.88
2,20.94,100.7,143.12
2,20.94,70.0,96.23
2,20.94,70.0,98.47
2,20.94,70.0,82.69
2,20.94,70.0,99.23
2,20.94,70.0,98.88
2,20.94,70.0,90.55
2,20.94,70.0,103.13
2,20.94,70.0,82.69
2,20.94,70.0,82.69
2,20.94,70.0,97.13
2,20.94,70.0,99.23
2,20.94,70.0,82.69
2,20.94,70.0,99.23
2,20.94,99.3,151.56
2,20.94,70.0,92.69
2,20.94,70.0,96.23
2,20.94,86.3,97.24
2,20.94,107.7,163.18
2,20.94,70.0,92.69
2,20.94,70.0,97.13
2,20.94,70.0,97.13
2,20.94,70.0,98.88
2,20.94,114.3,148.26
2,20.94,105.2,150.93
2,20.94,89.1,99.85
2,20.94,70.0,99.23
2,20.93,70.0,80.94
2,20.93,70.0,99.69
2,20.93,112.9,122.25
2,20.93,82.8,86.05
2,20.93,70.0,104.88
2,20.93,70.0,87.69
2,20.93,70.0,97.13
2,20.93,70.0,105.22
2,20.93,70.0,87.69
2,20.93,98.6,154.08
2,20.93,70.0,104.88
2,20.93,70.0,94.62
2,20.93,70.0,98.88
2,20.93,81.4,87.15
2,20.93,70.0,82.69
2,20.93,88.4,122.21
2,20.93,70.0,105.23
2,20.93,70.0,104.3
2,20.93,70.0,94.25
2,20.93,77.2,88.39
2,20.93,70.0,106.13
2,20.93,70.0,95.88
2,20.93,78.6,92.85
2,20.93,70.0,78.44
2,20.93,70.0,90.89
2,20.93,70.0,122.69
2,20.93,105.6,168.8
2,20.93,70.0,98.88
2,20.93,78.6,87.85
2,20.93,124.8,160.87
2,20.93,70.0,88.8
2,20.93,70.0,87.69
2,20.93,70.0,99.23
2,20.93,117.5,149.88
2,20.93,70.0,97.13
2,20.93,78.6,82.85
2,20.93,89.8,102.05
2,20.93,70.0,87.69
2,20.93,91.2,94.45
2,20.93,143.7,189.7
2,20.93,146.5,166.38
2,20.93,83.5,104.95
2,20.93,70.0,98.88
2,20.93,70.0,75.75
2,20.93,70.0,98.88
2,20.93,70.0,98.88
2,20.93,70.0,90.55
2,20.93,89.8,95.55
2,20.93,150.0,178.13
2,20.93,70.0,82.94
2,20.93,70.0,80.19
2,20.93,70.0,104.88
2,20.93,70.0,90.55
2,20.93,70.0,82.69
2,20.93,70.0,104.88
2,20.92,70.0,99.23
2,20.92,70.0,80.94
2,20.92,70.0,105.23
2,20.92,85.6,98.29
2,20.92,70.0,109.17
2,20.92,70.0,85.19
2,20.92,70.0,97.13
2,20.92,70.0,95.09
2,20.92,70.0,96.0
2,20.92,70.0,95.88
2,20.92,70.0,86.82
2,20.92,70.0,98.88
2,20.92,70.0,97.13
2,20.92,70.0,88.8
2,20.92,70.0,98.88
2,20.92,70.0,85.75
2,20.92,70.0,95.94
2,20.92,70.0,99.23
2,20.92,70.0,104.88
2,20.92,70.0,98.88
2,20.92,70.0,98.88
2,20.92,70.0,98.88
2,20.92,70.0,92.69
2,20.92,70.0,75.75
2,20.92,70.0,99.23
2,20.92,98.6,120.1
2,20.92,70.0,99.23
2,20.92,77.9,89.09
2,20.92,100.0,152.86
2,20.92,80.0,113.88
2,20.92,70.0,87.69
2,20.92,70.0,92.69
2,20.92,70.0,83.44
2,20.92,70.0,98.88
2,20.92,70.0,85.94
2,20.92,99.3,131.88
2,20.92,70.0,75.75
2,20.92,70.0,102.92
2,20.92,80.0,94.25
2,20.92,70.0,89.69
2,20.92,98.2,132.17
2,20.92,84.2,113.27
2,20.92,70.0,97.13
2,20.92,70.0,90.96
2,20.92,104.2,155.25
2,20.92,70.0,90.19
2,20.92,70.0,97.13
2,20.92,70.0,90.55
2,20.92,70.0,95.88
2,20.92,70.0,90.19
2,20.92,70.0,98.88
2,20.92,100.0,143.25
2,20.92,70.0,83.33
2,20.92,92.6,121.87
2,20.92,70.0,80.94
2,20.92,98.2,121.74
2,20.92,70.0,82.69
2,20.92,102.8,151.42
2,20.92,70.0,93.08
2,20.91,79.3,98.71
2,20.91,70.0,89.69
2,20.91,70.0,84.94
2,20.91,100.7,150.84
2,20.91,70.0,104.88
2,20.91,70.0,100.84
2,20.91,70.0,98.88
2,20.91,70.0,80.75
2,20.91,79.3,91.91
2,20.91,70.0,97.13
2,20.91,70.0,101.69
2,20.91,70.0,83.69
2,20.91,70.0,99.23
2,20.91,70.0,92.69
2,20.91,70.0,98.88
2,20.91,70.0,80.19
2,20.91,70.0,107.21
2,20.91,70.0,82.69
2,20.91,85.6,98.29
2,20.91,83.5,93.69
2,20.91,70.0,98.88
2,20.91,70.0,98.88
2,20.91,70.0,99.23
2,20.91,70.0,94.69
2,20.91,70.0,97.13
2,20.91,70.0,75.75
2,20.91,70.0,80.94
2,20.91,70.0,90.55
2,20.91,82.1,85.35
2,20.91,82.8,103.26
2,20.91,70.0,86.69
2,20.91,77.2,88.39
2,20.91,70.0,99.23
2,20.91,70.0,98.88
2,20.91,70.0,98.88
2,20.91,70.0,101.17
2,20.91,70.0,99.8
2,20.91,70.0,95.19
2,20.91,70.0,97.69
2,20.91,70.0,90.55
2,20.91,70.0,100.0
2,20.91,70.0,87.69
2,20.91,70.0,82.69
2,20.91,70.0,88.19
2,20.91,70.0,102.69
2,20.91,70.0,98.88
2,20.91,70.0,109.17
2,20.91,80.7,104.5
2,20.91,70.0,95.09
2,20.91,70.0,103.13
2,20.91,92.6,103.35
2,20.91,70.0,102.92
2,20.91,101.4,153.91
2,20.91,70.0,104.88
2,20.91,70.0,99.23
2,20.91,70.0,95.69
2,20.91,70.0,96.23
2,20.91,70.0,85.94
2,20.91,70.0,85.19
2,20.91,77.9,104.97
2,20.91,70.0,113.47
1,20.9,70.0,105.23
1,20.9,69.5,71.0
1,20.9,70.0,97.09
1,20.9,70.0,101.14
2,20.9,70.0,103.13
1,20.9,70.0,80.75
1,20.9,70.0,101.14
2,20.9,70.0,80.19
1,20.9,70.0,87.69
1,20.9,114.3,125.55
1,20.9,70.0,80.94
1,20.9,70.0,99.19
2,20.9,115.7,119.71
2,20.9,70.0,109.17
1,20.9,67.5,69.0
1,20.9,65.5,67.0
1,20.9,70.0,95.69
1,20.9,58.5,60.0
1,20.9,96.5,115.48
2,20.9,79.3,99.99
1,20.9,77.2,81.45
1,20.9,80.7,91.89
1,20.9,70.0,99.19
1,20.9,60.5,68.94
2,20.9,70.0,82.69
1,20.9,70.0,99.19
1,20.9,70.0,100.95
1,20.9,70.0,85.19
1,20.9,69.5,81.12
2,20.9,70.0,99.23
2,20.9,70.0,85.75
2,20.9,84.9,105.78
1,20.9,82.8,91.05
1,20.9,70.0,103.34
2,20.9,70.0,104.88
1,20.9,62.5,70.94
1,20.9,70.0,97.14
2,20.9,70.0,75.75
2,20.9,70.0,99.23
2,20.9,70.0,85.19
1,20.9,70.0,82.74
2,20.9,99.3,142.56
1,20.9,70.0,92.69
2,20.9,70.0,102.92
1,20.9,70.0,97.69
2,20.9,70.0,99.23
2,20.9,70.0,98.69
1,20.9,70.0,96.24
1,20.9,70.0,102.19
2,20.9,70.0,90.55
1,20.9,79.3,103.15
1,20.9,110.8,129.05
1,20.9,70.0,82.69
2,20.9,70.0,79.0
1,20.9,70.0,99.19
1,20.9,70.0,90.9
2,20.9,70.0,95.88
1,20.9,70.0,99.19
2,20.9,98.6,118.78
1,20.9,70.0,97.09
1,20.9,100.7,147.7
1,20.9,32.5,34.0
1,20.9,64.5,72.94
2,20.9,70.0,90.75
1,20.9,70.0,80.75
1,20.9,70.0,80.75
1,20.9,70.0,90.9
2,20.9,70.0,97.69
1,20.9,97.2,119.2
2,20.9,70.0,85.94
2,20.9,70.0,80.19
1,20.9,70.0,89.0
1,20.9,70.0,92.69
1,20.9,44.5,46.0
1,20.9,70.0,99.19
1,20.9,70.0,99.19
2,20.9,82.1,102.07
1,20.9,128.3,165.7
1,20.9,83.5,94.44
1,20.9,52.5,54.0
2,20.9,70.0,99.23
1,20.9,70.0,87.69
1,20.9,70.0,93.94
1,20.9,59.5,61.0
1,20.9,76.5,104.95
1,20.9,70.0,80.94
2,20.9,70.0,97.69
1,20.9,70.0,97.09
2,20.9,70.0,98.88
1,20.9,70.0,99.24
1,20.9,70.0,99.19
1,20.9,70.0,88.8
1,20.9,70.0,100.84
1,20.9,70.0,99.19
1,20.9,70.0,100.19
1,20.9,70.0,94.69
1,20.9,88.4,122.19
1,20.9,70.0,82.69
1,20.9,70.0,99.19
2,20.9,70.0,82.69
1,20.9,78.6,82.85
1,20.9,70.0,99.19
1,20.9,70.0,94.94
1,20.9,70.0,85.94
2,20.9,98.6,142.02
2,20.9,70.0,87.69
1,20.9,70.0,75.0
1,20.9,70.0,87.69
1,20.9,82.1,111.94
1,20.9,70.0,97.14
1,20.9,70.0,87.69
1,20.9,70.0,105.19
1,20.9,84.9,105.75
1,20.9,70.0,92.69
2,20.9,70.0,97.97
1,20.9,77.2,80.45
1,20.9,84.9,88.9
1,20.9,77.9,89.09
1,20.9,70.0,80.94
1,20.9,70.0,79.0
2,20.9,70.0,99.23
1,20.9,102.8,141.68
1,20.9,70.0,97.14
1,20.9,70.0,75.75
1,20.9,49.5,51.0
2,20.9,70.0,102.92
1,20.9,70.0,80.94
1,20.9,70.0,109.59
1,20.9,101.4,147.33
1,20.9,70.0,97.09
1,20.9,85.6,100.79
1,20.9,70.0,96.19
2,20.9,70.0,92.22
1,20.9,70.0,97.69
2,20.9,70.0,97.69
2,20.9,70.0,92.69
1,20.9,70.0,97.09
1,20.9,70.0,87.69
2,20.9,103.5,159.22
1,20.9,70.0,90.94
1,20.9,70.0,109.59
1,20.9,84.9,95.09
1,20.9,55.5,63.94
1,20.9,69.5,71.0
1,20.9,97.9,147.33
2,20.9,70.0,104.88
2,20.9,70.0,85.75
2,20.9,70.0,109.61
1,20.9,78.6,85.85
2,20.9,70.0,88.8
1,20.9,66.5,68.0
1,20.9,99.3,132.62
1,20.9,70.0,94.53
1,20.9,70.0,82.69
2,20.9,70.0,95.88
2,20.9,70.0,98.88
2,20.9,70.0,95.09
1,20.9,70.0,100.0
1,20.9,70.0,107.49
1,20.9,70.0,94.69
1,20.9,92.6,101.04
1,20.9,70.0,88.94
2,20.9,78.6,85.35
1,20.9,64.5,72.94
1,20.9,70.0,95.94
1,20.9,70.0,90.69
1,20.9,70.0,101.14
2,20.9,70.0,82.69
1,20.9,101.4,148.53
2,20.9,70.0,95.94
2,20.9,70.0,85.19
2,20.9,70.0,97.13
2,20.9,70.0,98.88
1,20.9,54.5,56.0
1,20.9,70.0,95.09
1,20.9,70.0,90.0
1,20.9,70.0,91.94
2,20.9,100.0,144.94
1,20.9,70.0,99.19
1,20.9,70.0,92.69
2,20.9,70.0,104.88
1,20.9,70.0,99.19
2,20.9,70.0,105.23
1,20.9,84.9,98.34
1,20.9,70.0,80.94
1,20.9,70.0,99.19
1,20.9,70.0,101.14
1,20.9,70.0,97.09
1,20.9,70.0,92.69
2,20.9,97.9,142.68
1,20.9,70.0,90.9
2,20.9,70.0,90.55
1,20.9,70.0,99.19
2,20.9,70.0,99.23
2,20.9,70.0,87.69
1,20.9,41.5,43.0
2,20.9,70.0,95.09
1,20.9,70.0,101.18
1,20.9,70.0,99.19
1,20.9,70.0,94.14
1,20.9,70.0,93.69
1,20.9,65.5,67.0
1,20.9,70.0,93.69
1,20.9,195.0,228.07
1,20.9,71.5,79.94
1,20.9,70.0,99.19
1,20.9,97.9,119.38
2,20.9,100.7,128.96
1,20.9,64.5,72.94
1,20.9,70.0,75.75
2,20.9,88.4,112.63
1,20.9,60.5,68.94
1,20.9,70.0,96.19
1,20.9,70.0,99.19
2,20.9,82.1,85.45
2,20.9,70.0,97.13
1,20.9,101.4,141.33
2,20.9,70.0,103.13
1,20.9,77.9,85.65
1,20.9,70.0,88.8
1,20.9,70.0,82.69
1,20.9,70.0,97.09
2,20.9,70.0,102.92
1,20.9,70.0,87.69
1,20.9,70.0,94.09
2,20.9,125.5,155.35
2,20.9,70.0,82.69
2,20.9,70.0,96.9
1,20.9,80.7,88.95
1,20.9,70.0,90.9
2,20.9,70.0,101.17
2,20.9,70.0,97.13
1,20.9,70.0,99.19
1,20.9,98.2,113.2
1,20.9,70.0,99.19
1,20.9,80.7,106.7
1,20.9,70.0,109.59
1,20.9,100.0,146.4
2,20.9,70.0,94.25
1,20.9,70.0,99.19
1,20.9,70.0,87.69
1,20.9,135.0,158.13
1,20.9,70.0,97.09
2,20.9,70.0,95.88
1,20.9,70.0,99.22
2,20.9,84.2,112.92
1,20.9,70.0,103.34
1,20.9,84.9,117.99
2,20.9,70.0,96.69
1,20.9,70.0,90.9
2,20.9,70.0,101.18
1,20.9,61.5,68.2
2,20.9,102.1,153.42
2,20.89,102.8,149.46
2,20.89,80.0,100.75
2,20.89,70.0,98.88
2,20.89,70.0,99.23
2,20.89,70.0,90.96
2,20.89,70.0,82.69
2,20.89,70.0,90.96
2,20.89,70.0,96.69
2,20.89,70.0,105.23
2,20.89,70.0,99.23
2,20.89,70.0,98.88
2,20.89,70.0,87.69
2,20.89,70.0,82.69
2,20.89,70.0,95.94
2,20.89,70.0,82.69
2,20.89,70.0,82.69
2,20.89,70.0,82.69
2,20.89,70.0,98.88
2,20.89,70.0,91.69
2,20.89,117.8,142.05
2,20.89,70.0,75.75
2,20.89,70.0,85.69
2,20.89,70.0,92.94
2,20.89,82.1,94.79
2,20.89,70.0,92.69
2,20.89,91.2,101.95
2,20.89,70.0,95.88
2,20.89,70.0,98.88
2,20.89,100.7,126.7
2,20.89,70.0,95.88
2,20.89,79.3,82.55
2,20.89,82.1,93.04
2,20.89,70.0,85.19
2,20.89,70.0,98.88
2,20.89,70.0,95.88
2,20.89,98.6,152.38
2,20.89,70.0,82.69
2,20.89,70.0,98.88
2,20.89,70.0,98.88
2,20.89,70.0,98.88
2,20.89,101.4,152.88
2,20.89,70.0,99.23
2,20.89,70.0,103.36
2,20.89,70.0,94.69
2,20.89,77.9,89.09
2,20.89,70.0,104.88
2,20.89,70.0,90.96
2,20.89,70.0,101.18
2,20.89,70.0,98.88
2,20.89,70.0,104.88
2,20.89,70.0,98.88
2,20.89,70.0,75.75
2,20.89,70.0,98.88
2,20.89,70.0,94.69
2,20.89,70.0,82.69
2,20.89,70.0,88.8
2,20.89,87.7,108.79
2,20.89,102.8,151.18
2,20.89,78.6,86.85
2,20.89,70.0,105.23
2,20.89,70.0,97.13
2,20.89,70.0,87.69
2,20.89,70.0,92.69
2,20.89,70.0,98.88
2,20.89,70.0,90.96
2,20.89,86.3,119.46
2,20.88,70.0,105.23
2,20.88,70.0,103.47
2,20.88,70.0,97.13
2,20.88,70.0,99.23
2,20.88,70.0,87.69
2,20.88,70.0,103.36
2,20.88,94.7,128.52
2,20.88,70.0,82.69
2,20.88,70.0,102.92
2,20.88,70.0,105.23
2,20.88,70.0,100.94
2,20.88,70.0,90.55
2,20.88,70.0,105.23
2,20.88,70.0,90.96
2,20.88,70.0,97.69
2,20.88,70.0,101.88
2,20.88,70.0,94.69
2,20.88,77.9,101.0
2,20.88,70.0,99.23
2,20.88,70.0,102.92
2,20.88,150.0,198.9
2,20.88,70.0,103.36
2,20.88,70.0,90.69
2,20.88,70.0,82.69
2,20.88,70.0,135.94
2,20.88,70.0,104.88
2,20.88,70.0,94.25
2,20.88,70.0,102.92
2,20.88,70.0,101.88
2,20.88,70.0,75.75
2,20.88,70.0,97.13
2,20.88,70.0,87.11
2,20.88,70.0,97.13
2,20.88,70.0,105.23
2,20.88,70.0,99.23
2,20.88,70.0,88.8
2,20.88,70.0,99.23
2,20.88,78.6,89.79
2,20.88,70.0,80.19
2,20.88,70.0,98.47
2,20.88,70.0,87.69
2,20.88,70.0,95.88
2,20.88,77.9,82.15
2,20.88,97.9,151.54
2,20.88,78.6,84.35
2,20.88,80.7,100.74
2,20.88,70.0,92.69
2,20.88,70.0,95.88
2,20.88,97.2,125.58
2,20.88,70.0,94.8
2,20.88,77.9,98.58
2,20.88,83.5,94.69
2,20.88,70.0,94.69
2,20.88,70.0,90.9
2,20.88,104.9,158.14
2,20.88,70.0,98.88
2,20.88,70.0,93.08
2,20.88,70.0,98.88
2,20.88,104.9,128.78
2,20.88,70.0,85.94
2,20.88,70.0,74.0
2,20.88,77.2,88.39
2,20.88,70.0,82.69
2,20.87,70.0,87.69
2,20.87,79.3,83.55
2,20.87,77.2,96.19
2,20.87,70.0,103.13
2,20.87,70.0,100.69
2,20.87,105.6,146.22
2,20.87,70.0,84.69
2,20.87,81.4,104.09
2,20.87,70.0,98.88
2,20.87,70.0,102.92
2,20.87,79.3,98.71
2,20.87,70.0,82.69
2,20.87,70.0,75.75
2,20.87,70.0,99.23
2,20.87,70.0,106.97
2,20.87,70.0,95.88
2,20.87,70.0,97.13
2,20.87,70.0,82.69
2,20.87,70.0,95.69
2,20.87,70.0,105.23
2,20.87,70.0,96.69
2,20.87,79.3,107.04
2,20.87,70.0,99.23
2,20.87,70.0,97.13
2,20.87,70.0,90.55
2,20.87,100.0,133.88
2,20.87,102.1,140.98
2,20.87,70.0,91.09
2,20.87,70.0,91.69
2,20.87,70.0,99.23
2,20.87,70.0,98.88
2,20.87,70.0,101.18
2,20.87,70.0,97.13
2,20.87,161.0,220.53
2,20.87,70.0,98.88
2,20.87,70.0,99.23
2,20.87,70.0,104.69
2,20.87,70.0,85.19
2,20.87,70.0,92.69
2,20.87,70.0,98.88
2,20.87,70.0,95.88
2,20.87,70.0,94.69
2,20.87,70.0,99.23
2,20.87,70.0,80.19
2,20.87,82.1,92.29
2,20.87,70.0,102.92
2,20.87,70.0,99.23
2,20.87,82.1,102.07
2,20.87,70.0,98.88
2,20.87,70.0,104.88
2,20.87,70.0,82.69
2,20.87,70.0,104.88
2,20.87,70.0,97.13
2,20.87,97.9,143.28
2,20.87,102.1,124.48
2,20.87,70.0,99.38
2,20.87,70.0,80.19
2,20.87,70.0,98.88
2,20.87,80.7,94.92
2,20.87,81.4,84.65
2,20.87,70.0,105.23
2,20.87,70.0,76.5
2,20.87,70.0,97.69
2,20.87,70.0,102.92
2,20.87,70.0,90.9
2,20.87,70.0,95.69
2,20.86,70.0,92.69
2,20.86,96.0,118.44
2,20.86,70.0,109.17
2,20.86,70.0,99.23
2,20.86,80.0,93.25
2,20.86,70.0,92.69
2,20.86,70.0,88.69
2,20.86,70.0,90.55
2,20.86,70.0,103.13
2,20.86,70.0,97.69
2,20.86,70.0,98.88
2,20.86,70.0,87.69
2,20.86,70.0,97.69
2,20.86,70.0,99.23
2,20.86,70.0,99.8
2,20.86,70.0,97.69
2,20.86,70.0,104.88
2,20.86,70.0,85.75
2,20.86,70.0,101.18
2,20.86,70.0,80.94
2,20.86,80.0,91.94
2,20.86,70.0,97.13
2,20.86,81.4,99.65
2,20.86,70.0,92.69
2,20.86,70.0,94.13
2,20.86,70.0,95.94
2,20.86,70.0,97.13
2,20.86,70.0,101.17
2,20.86,70.0,82.69
2,20.86,98.6,149.85
2,20.86,70.0,82.69
2,20.86,70.0,92.22
2,20.86,76.5,95.7
2,20.86,70.0,96.23
2,20.86,85.6,95.79
2,20.86,80.7,91.89
2,20.86,70.0,103.36
2,20.86,70.0,90.9
2,20.86,78.6,98.22
2,20.86,70.0,95.09
2,20.86,70.0,99.23
2,20.86,70.0,96.69
2,20.86,70.0,90.9
2,20.86,70.0,82.69
2,20.86,70.0,105.23
2,20.86,126.2,140.45
2,20.86,81.4,91.72
2,20.86,70.0,75.75
2,20.86,70.0,97.13
2,20.86,70.0,80.19
2,20.86,83.5,87.75
2,20.86,70.0,98.88
2,20.86,70.0,99.23
2,20.86,70.0,95.88
2,20.86,70.0,96.23
2,20.86,98.6,159.42
2,20.86,70.0,82.69
2,20.86,70.0,99.8
2,20.86,70.0,92.69
2,20.86,107.7,163.9
2,20.86,70.0,90.55
2,20.86,70.0,90.55
2,20.86,70.0,88.8
2,20.86,70.0,92.69
2,20.86,70.0,105.23
2,20.86,70.0,97.69
2,20.86,70.0,92.69
2,20.86,70.0,98.88
2,20.86,70.0,100.86
2,20.86,70.0,102.92
2,20.86,77.9,97.15
2,20.85,70.0,82.69
2,20.85,70.0,98.88
2,20.85,70.0,87.11
2,20.85,70.0,98.88
2,20.85,70.0,88.8
2,20.85,70.0,80.94
2,20.85,106.6,136.72
2,20.85,70.0,102.92
2,20.85,96.5,142.2
2,20.85,100.7,161.95
2,20.85,70.0,99.23
2,20.85,70.0,85.19
2,20.85,70.0,97.13
2,20.85,70.0,86.02
2,20.85,70.0,90.55
2,20.85,80.7,104.14
2,20.85,98.6,120.53
2,20.85,70.0,95.09
2,20.85,70.0,80.94
2,20.85,97.9,116.78
2,20.85,80.7,94.14
2,20.85,70.0,105.23
2,20.85,107.3,135.31
2,20.85,127.6,130.85
2,20.85,70.0,98.88
2,20.85,89.8,112.25
2,20.85,100.0,122.95
2,20.85,102.1,129.85
2,20.85,70.0,95.19
2,20.85,100.0,146.76
2,20.85,70.0,90.9
2,20.85,75.8,117.79
2,20.85,105.6,142.98
2,20.85,80.7,89.95
2,20.85,70.0,90.9
2,20.85,103.1,107.35
2,20.85,70.0,85.75
2,20.85,97.9,150.34
2,20.85,77.9,91.15
2,20.85,97.9,140.62
2,20.85,87.7,97.89
2,20.85,70.0,92.69
2,20.85,70.0,90.55
2,20.85,80.0,85.75
2,20.85,70.0,98.88
2,20.85,79.3,85.05
2,20.85,100.7,129.08
2,20.85,70.0,112.04
2,20.85,70.0,80.94
2,20.85,70.0,101.17
2,20.85,70.0,101.18
2,20.85,103.1,156.45
2,20.85,70.0,98.88
2,20.85,77.2,86.64
2,20.85,77.9,97.15
2,20.85,84.9,88.15
2,20.85,80.0,106.75
2,20.85,70.0,85.94
2,20.85,70.0,85.19
2,20.85,79.3,88.3
2,20.85,70.0,94.25
2,20.85,82.0,106.88
2,20.85,99.3,149.08
2,20.85,130.4,151.15
2,20.85,70.0,82.69
2,20.85,70.0,88.8
2,20.85,78.6,103.12
2,20.85,70.0,100.8
2,20.85,70.0,94.25
2,20.85,100.0,166.76
2,20.85,88.4,125.72
2,20.85,70.0,90.94
2,20.85,70.0,97.13
2,20.85,70.0,99.23
2,20.85,70.0,90.55
2,20.85,70.0,98.88
2,20.85,70.0,92.69
2,20.85,70.0,100.94
2,20.85,70.0,98.88
2,20.85,70.0,90.55
2,20.85,70.0,95.19
2,20.85,70.0,98.88
2,20.85,70.0,105.23
2,20.85,70.0,101.69
2,20.85,70.0,99.23
2,20.85,70.0,94.13
2,20.84,70.0,98.88
2,20.84,100.0,148.5
2,20.84,70.0,99.23
2,20.84,70.0,98.88
2,20.84,70.0,82.69
2,20.84,70.0,95.88
2,20.84,70.0,98.88
2,20.84,70.0,97.13
2,20.84,70.0,74.0
2,20.84,70.0,82.69
2,20.84,70.0,87.69
2,20.84,70.0,103.36
2,20.84,70.0,98.88
2,20.84,70.0,106.97
2,20.84,70.0,97.69
2,20.84,77.9,102.25
2,20.84,78.6,88.79
2,20.84,70.0,98.88
2,20.84,83.5,106.75
2,20.84,70.0,92.69
2,20.84,104.2,126.13
2,20.84,70.0,80.19
2,20.84,70.0,103.13
2,20.84,70.0,101.88
2,20.84,70.0,87.69
2,20.84,70.0,85.94
2,20.84,80.0,88.25
2,20.84,99.3,125.3
2,20.84,70.0,87.69
2,20.84,70.0,80.19
2,20.84,70.0,94.69
2,20.84,81.4,107.58
2,20.84,70.0,99.23
2,20.84,97.2,146.5
2,20.84,70.0,92.69
2,20.84,70.0,113.56
2,20.84,70.0,103.36
2,20.84,70.0,90.55
2,20.84,104.2,143.94
2,20.84,70.0,90.55
2,20.84,70.0,102.92
2,20.84,70.0,98.88
2,20.84,70.0,104.88
2,20.84,75.8,99.62
2,20.84,77.9,101.0
2,20.84,93.3,132.84
2,20.84,70.0,98.88
2,20.84,79.3,99.96
2,20.84,70.0,80.94
2,20.84,70.0,103.36
2,20.84,70.0,89.69
2,20.84,77.9,91.65
2,20.84,70.0,104.88
2,20.84,80.0,88.25
2,20.84,87.0,100.44
2,20.84,70.0,90.55
2,20.84,104.9,168.48
2,20.84,70.0,90.55
2,20.84,79.3,81.8
2,20.84,70.0,98.88
2,20.84,70.0,98.88
2,20.84,70.0,105.23
2,20.84,70.0,99.23
2,20.84,70.0,98.88
2,20.84,70.0,99.23
2,20.84,85.6,105.79
2,20.84,70.0,98.88
2,20.84,70.0,99.23
2,20.84,70.0,98.88
2,20.84,81.4,97.59
2,20.84,70.0,97.69
2,20.84,70.0,82.69
2,20.84,70.0,98.88
2,20.84,70.0,98.88
2,20.84,77.2,90.39
2,20.83,91.2,99.45
2,20.83,70.0,95.88
2,20.83,70.0,98.88
2,20.83,70.0,98.88
2,20.83,80.0,86.25
2,20.83,70.0,90.55
2,20.83,70.0,88.8
2,20.83,70.0,90.96
2,20.83,70.0,90.9
2,20.83,70.0,109.17
2,20.83,129.0,139.75
2,20.83,70.0,103.36
2,20.83,70.0,97.13
2,20.83,70.0,85.94
2,20.83,70.0,90.55
2,20.83,70.0,96.23
2,20.83,70.0,96.69
2,20.83,70.0,90.96
2,20.83,76.5,96.55
2,20.83,70.0,105.23
2,20.83,70.0,80.94
2,20.83,70.0,91.78
2,20.83,82.8,97.05
2,20.83,70.0,95.19
2,20.83,70.0,82.69
2,20.83,75.8,102.06
2,20.83,100.0,149.0
2,20.83,101.4,143.58
2,20.83,70.0,98.88
2,20.83,70.0,83.75
2,20.83,70.0,102.92
2,20.83,70.0,82.69
2,20.83,70.0,92.69
2,20.83,70.0,94.13
2,20.83,78.6,101.87
2,20.83,70.0,104.88
2,20.83,70.0,96.23
2,20.83,70.0,84.75
2,20.83,77.2,81.45
2,20.83,70.0,107.21
2,20.83,70.0,90.55
2,20.83,70.0,97.13
2,20.83,70.0,99.23
2,20.83,70.0,97.69
2,20.83,70.0,95.19
2,20.83,82.8,93.05
2,20.83,70.0,87.11
2,20.83,70.0,107.21
2,20.83,70.0,87.69
2,20.83,150.0,186.25
2,20.83,70.0,88.8
2,20.83,70.0,100.84
2,20.83,70.0,94.25
2,20.83,70.0,90.55
2,20.83,70.0,85.94
2,20.83,70.0,98.88
2,20.83,70.0,75.75
2,20.83,70.0,98.88
2,20.83,78.6,84.85
2,20.83,70.0,94.69
2,20.83,70.0,80.94
2,20.83,70.0,90.96
2,20.83,85.6,109.62
2,20.83,70.0,95.88
2,20.83,70.0,87.69
2,20.83,78.6,82.85
2,20.83,70.0,97.97
2,20.83,100.0,146.86
2,20.83,70.0,80.94
2,20.83,70.0,98.88
2,20.83,70.0,95.09
2,20.83,70.0,98.88
2,20.82,143.0,158.75
2,20.82,70.0,90.19
2,20.82,70.0,97.13
2,20.82,70.0,109.17
2,20.82,70.0,98.88
2,20.82,70.0,80.75
2,20.82,70.0,85.75
2,20.82,70.0,98.88
2,20.82,70.0,95.09
2,20.82,97.2,142.62
2,20.82,70.0,104.88
2,20.82,70.0,85.19
2,20.82,102.8,162.96
2,20.82,70.0,98.88
2,20.82,79.3,83.55
2,20.82,99.3,144.3
2,20.82,88.4,112.63
2,20.82,70.0,105.23
2,20.82,100.3,125.49
2,20.82,76.5,80.75
2,20.82,70.0,90.9
2,20.82,70.0,80.94
2,20.82,70.0,89.69
2,20.82,88.4,119.21
2,20.82,70.0,85.94
2,20.82,70.0,85.69
2,20.82,70.0,87.69
2,20.82,70.0,91.19
2,20.82,99.3,146.46
2,20.82,70.0,95.09
2,20.82,70.0,98.88
2,20.82,70.0,111.72
2,20.82,70.0,78.75
2,20.82,77.2,87.39
2,20.82,70.0,96.55
2,20.82,70.0,83.25
2,20.82,100.7,121.08
2,20.82,70.0,97.69
2,20.82,70.0,93.08
2,20.82,83.5,103.75
2,20.82,70.0,98.88
2,20.82,70.0,104.88
2,20.82,70.0,80.19
2,20.82,70.0,85.19
2,20.82,70.0,82.69
2,20.82,70.0,102.92
2,20.82,79.3,92.99
2,20.82,140.0,150.44
2,20.82,70.0,97.13
2,20.82,70.0,92.69
2,20.82,70.0,98.88
2,20.82,70.0,104.88
2,20.82,70.0,97.13
2,20.82,70.0,98.88
2,20.82,70.0,88.8
2,20.82,70.0,98.88
2,20.82,70.0,95.29
2,20.82,82.1,110.4
2,20.82,70.0,80.94
2,20.82,76.5,80.75
2,20.82,70.0,87.69
2,20.82,70.0,102.69
2,20.82,70.0,87.69
2,20.82,134.6,140.35
2,20.82,70.0,80.94
2,20.82,70.0,82.69
2,20.82,97.9,138.55
2,20.82,82.8,94.74
2,20.82,70.0,95.09
2,20.82,79.3,89.49
2,20.82,70.0,98.88
2,20.81,103.5,104.5
2,20.81,70.0,80.19
2,20.81,70.0,98.88
2,20.81,98.6,120.35
2,20.81,70.0,99.23
2,20.81,104.9,105.9
2,20.81,70.0,82.69
2,20.81,70.0,95.09
2,20.81,98.6,133.35
2,20.81,70.0,103.13
2,20.81,85.6,110.62
2,20.81,84.9,108.43
2,20.81,70.0,89.69
2,20.81,70.0,80.19
2,20.81,70.0,102.92
2,20.81,70.0,98.88
2,20.81,98.6,143.52
2,20.81,70.0,96.9
2,20.81,100.7,101.7
2,20.81,70.0,102.92
2,20.81,70.0,105.23
2,20.81,81.4,95.1
2,20.81,70.0,90.69
2,20.81,70.0,104.88
2,20.81,70.0,106.97
2,20.81,70.0,95.94
2,20.81,99.3,149.76
2,20.81,70.0,87.11
2,20.81,70.0,90.55
2,20.81,70.0,87.11
2,20.81,70.0,98.88
2,20.81,70.0,97.13
2,20.81,70.0,75.75
2,20.81,70.0,84.0
2,20.81,70.0,82.69
2,20.81,70.0,87.69
2,20.81,70.0,82.69
2,20.81,70.0,92.69
2,20.81,70.0,82.69
2,20.81,104.2,151.3
2,20.81,70.0,85.19
2,20.81,70.0,98.88
2,20.81,70.0,90.55
2,20.81,70.0,90.94
2,20.81,70.0,75.75
2,20.81,70.0,82.69
2,20.81,111.5,115.5
2,20.81,91.2,96.2
2,20.81,102.8,150.22
2,20.81,70.0,99.23
2,20.81,70.0,90.55
2,20.81,70.0,90.9
2,20.81,70.0,92.69
2,20.81,70.0,75.75
2,20.81,70.0,90.19
2,20.81,99.3,156.88
2,20.81,70.0,82.69
2,20.81,70.0,104.88
2,20.81,70.0,75.75
2,20.81,70.0,90.9
2,20.81,70.0,91.69
2,20.81,70.0,84.69
2,20.81,70.0,97.69
2,20.81,70.0,83.33
2,20.81,70.0,103.18
2,20.81,83.5,87.75
2,20.81,70.0,80.19
2,20.81,70.0,99.23
2,20.81,81.4,101.23
2,20.81,70.0,80.94
2,20.81,70.0,90.55
2,20.81,70.0,96.55
2,20.81,78.6,88.79
2,20.81,70.0,102.92
2,20.81,89.8,99.05
2,20.81,70.0,99.23
2,20.81,70.0,102.92
2,20.81,70.0,98.88
2,20.81,70.0,96.23
1,20.8,66.5,74.94
1,20.8,70.0,99.19
1,20.8,53.5,61.94
1,20.8,70.0,80.19
1,20.8,70.0,105.23
1,20.8,70.0,94.8
1,20.8,70.0,103.34
1,20.8,70.0,94.75
2,20.8,77.2,82.95
1,20.8,70.0,105.19
1,20.8,70.0,97.09
2,20.8,70.0,94.69
2,20.8,76.5,96.9
1,20.8,70.0,105.19
1,20.8,70.0,97.14
1,20.8,70.0,90.19
1,20.8,57.5,59.0
1,20.8,64.5,66.0
1,20.8,53.5,55.0
1,20.8,70.0,101.14
1,20.8,63.5,65.0
2,20.8,70.0,87.69
2,20.8,70.0,91.69
2,20.8,70.0,98.88
1,20.8,70.0,80.75
1,20.8,70.0,99.19
2,20.8,70.0,76.5
1,20.8,70.0,99.19
2,20.8,70.0,94.69
1,20.8,70.0,87.69
1,20.8,70.0,99.24
2,20.8,70.0,98.88
1,20.8,70.0,90.94
2,20.8,70.0,88.8
2,20.8,70.0,92.69
1,20.8,70.0,88.8
1,20.8,79.3,99.05
1,20.8,70.0,87.69
2,20.8,70.0,95.75
2,20.8,70.0,102.92
1,20.8,70.0,82.69
2,20.8,70.0,95.88
1,20.8,70.0,75.75
2,20.8,70.0,97.95
1,20.8,70.0,90.0
1,20.8,58.5,60.0
1,20.8,70.0,99.24
1,20.8,70.0,105.24
2,20.8,70.0,99.23
1,20.8,70.0,79.0
1,20.8,70.0,92.69
1,20.8,70.0,97.69
1,20.8,76.5,99.65
2,20.8,70.0,85.75
1,20.8,47.5,55.94
1,20.8,70.0,80.94
1,20.8,98.6,149.1
2,20.8,99.3,118.15
1,20.8,44.5,52.94
1,20.8,70.0,109.59
1,20.8,109.8,161.58
1,20.8,70.0,99.19
1,20.8,70.0,103.34
1,20.8,70.0,97.14
1,20.8,70.0,82.69
1,20.8,47.5,49.0
2,20.8,124.8,215.55
2,20.8,85.6,106.27
1,20.8,47.5,49.0
1,20.8,70.0,80.94
2,20.8,70.0,82.69
1,20.8,70.0,96.69
2,20.8,70.0,95.88
2,20.8,70.0,75.75
1,20.8,70.0,101.19
2,20.8,70.0,77.75
2,20.8,70.0,104.88
1,20.8,70.0,84.69
2,20.8,70.0,104.88
1,20.8,78.6,97.0
1,20.8,65.5,67.0
1,20.8,70.0,105.19
2,20.8,70.0,90.55
2,20.8,70.0,85.94
1,20.8,70.0,85.19
2,20.8,70.0,92.69
1,20.8,51.5,53.0
1,20.8,78.6,81.85
1,20.8,70.0,96.19
1,20.8,70.0,80.94
1,20.8,70.0,90.94
2,20.8,70.0,82.69
1,20.8,70.0,94.62
1,20.8,70.0,87.69
2,20.8,70.0,90.55
1,20.8,67.5,69.0
1,20.8,70.0,99.23
1,20.8,70.0,87.19
1,20.8,70.0,96.9
2,20.8,70.0,99.8
2,20.8,70.0,97.95
1,20.8,70.0,92.19
1,20.8,70.0,80.19
2,20.8,82.1,93.04
1,20.8,70.0,92.69
1,20.8,31.5,33.0
1,20.8,63.5,71.94
2,20.8,70.0,98.88
1,20.8,70.0,97.09
1,20.8,70.0,87.69
1,20.8,45.5,47.0
1,20.8,80.7,89.95
1,20.8,70.0,85.94
2,20.8,82.1,102.07
1,20.8,70.0,99.19
2,20.8,75.8,79.05
1,20.8,70.0,103.34
1,20.8,70.0,87.69
2,20.8,70.0,90.75
1,20.8,70.0,97.14
2,20.8,70.0,88.8
1,20.8,70.0,100.0
2,20.8,70.0,104.88
2,20.8,77.2,97.39
1,20.8,101.7,109.95
1,20.8,62.5,70.94
1,20.8,70.0,99.19
2,20.8,70.0,98.88
1,20.8,70.0,110.94
2,20.8,84.2,104.59
2,20.8,70.0,98.88
1,20.8,70.0,99.19
2,20.8,70.0,95.88
1,20.8,70.0,80.94
1,20.8,70.0,92.69
1,20.8,56.5,58.0
2,20.8,77.2,105.72
1,20.8,70.0,90.19
1,20.8,70.0,97.14
1,20.8,70.0,80.19
1,20.8,80.7,91.39
2,20.8,70.0,90.55
1,20.8,70.0,92.69
1,20.8,70.0,89.75
2,20.8,70.0,104.88
1,20.8,79.3,88.3
1,20.8,63.5,65.0
1,20.8,70.0,97.09
1,20.8,70.0,99.19
1,20.8,78.6,97.3
1,20.8,70.0,99.24
2,20.8,81.4,101.58
1,20.8,70.0,102.19
1,20.8,70.0,87.69
1,20.8,70.0,99.19
1,20.8,70.0,87.69
1,20.8,70.0,101.14
1,20.8,89.1,112.0
2,20.8,70.0,97.13
1,20.8,70.0,80.19
1,20.8,70.0,99.19
1,20.8,70.0,75.75
1,20.8,65.5,69.45
1,20.8,70.0,85.75
2,20.8,80.7,96.45
1,20.8,59.5,67.94
2,20.8,129.0,132.25
1,20.8,70.0,95.09
1,20.8,70.0,100.24
1,20.8,70.0,101.14
2,20.8,70.0,82.69
1,20.8,70.0,99.24
2,20.8,61.1,74.6
1,20.8,70.0,80.94
1,20.8,82.8,94.74
1,20.8,70.0,78.44
2,20.8,70.0,90.69
1,20.8,70.0,92.69
1,20.8,70.0,97.09
1,20.8,70.0,105.19
1,20.8,70.0,97.09
2,20.8,70.0,99.23
2,20.8,70.0,87.11
1,20.8,70.0,99.24
1,20.8,70.0,87.69
1,20.8,70.0,99.24
1,20.8,98.6,130.6
1,20.8,70.0,80.94
2,20.8,101.4,149.74
1,20.8,54.5,56.0
1,20.8,75.8,81.55
2,20.8,70.0,104.88
1,20.8,70.0,99.24
1,20.8,70.0,99.19
1,20.8,78.6,100.3
2,20.8,70.0,98.88
2,20.8,79.3,100.0
1,20.8,70.0,82.69
1,20.8,70.0,107.5
1,20.8,70.0,80.94
1,20.8,78.6,82.85
1,20.8,70.0,78.44
1,20.8,70.0,75.75
1,20.8,70.0,107.49
1,20.8,39.5,47.94
2,20.8,84.2,96.89
1,20.8,70.0,75.75
1,20.8,70.0,101.14
2,20.8,100.7,135.35
1,20.8,70.0,82.69
1,20.8,70.0,99.24
2,20.8,70.0,95.88
1,20.8,70.0,99.19
1,20.8,95.8,152.15
1,20.8,70.0,75.75
1,20.8,39.5,47.94
1,20.8,82.1,102.85
1,20.8,70.0,85.75
2,20.8,70.0,95.09
2,20.8,70.0,86.94
1,20.8,64.5,78.14
1,20.8,70.0,103.34
2,20.8,96.5,140.98
1,20.8,70.0,99.19
1,20.8,109.4,147.05
1,20.8,70.0,106.44
2,20.8,77.2,88.39
1,20.8,70.0,99.19
2,20.8,70.0,90.55
2,20.8,78.6,82.85
1,20.8,70.0,82.0
2,20.8,70.0,99.94
1,20.8,70.0,99.19
1,20.8,34.5,36.0
1,20.8,70.0,92.69
2,20.8,70.0,82.69
1,20.8,43.5,45.0
1,20.8,70.0,94.69
1,20.8,40.5,42.0
1,20.8,70.0,82.69
2,20.8,70.0,90.69
2,20.8,81.4,95.09
1,20.8,58.5,73.88
1,20.8,42.5,50.94
1,20.8,61.5,63.0
1,20.8,140.0,149.69
2,20.8,84.2,114.17
1,20.8,154.0,212.77
1,20.8,70.0,103.34
1,20.8,70.0,99.19
2,20.8,70.0,99.8
1,20.8,71.5,73.0
1,20.8,47.5,55.94
1,20.8,70.0,99.19
1,20.8,70.0,95.09
1,20.8,70.0,101.14
1,20.8,85.0,105.3
1,20.8,70.0,97.09
2,20.8,70.0,98.88
1,20.8,68.5,76.94
1,20.8,97.9,118.9
2,20.8,86.3,107.11
1,20.8,45.5,47.0
2,20.79,76.5,87.25
2,20.79,70.0,102.92
2,20.79,70.0,97.69
2,20.79,70.0,95.88
2,20.79,70.0,104.88
2,20.79,70.0,96.49
2,20.79,70.0,102.92
2,20.79,70.0,95.09
2,20.79,70.0,97.95
2,20.79,101.4,151.68
2,20.79,105.6,131.48
2,20.79,102.8,142.26
2,20.79,70.0,95.09
2,20.79,70.0,161.18
2,20.79,70.0,98.88
2,20.79,70.0,90.55
2,20.79,70.0,98.88
2,20.79,106.6,117.35
2,20.79,70.0,98.88
2,20.79,70.0,90.9
2,20.79,70.0,82.69
2,20.79,70.0,88.8
2,20.79,70.0,100.84
2,20.79,70.0,99.23
2,20.79,70.0,90.69
2,20.79,70.0,82.69
2,20.79,80.7,101.59
2,20.79,70.0,95.88
2,20.79,76.5,79.75
2,20.79,78.6,86.85
2,20.79,100.0,101.0
2,20.79,79.3,107.71
2,20.79,70.0,105.23
2,20.79,70.0,98.88
2,20.79,70.0,89.69
2,20.79,70.0,104.88
2,20.79,100.7,145.67
2,20.79,83.5,112.08
2,20.79,70.0,90.19
2,20.79,70.0,88.8
2,20.79,70.0,94.25
2,20.79,70.0,82.69
2,20.79,70.0,106.97
2,20.79,70.0,98.88
2,20.79,70.0,90.55
2,20.79,70.0,98.88
2,20.79,70.0,99.23
2,20.79,70.0,94.69
2,20.79,70.0,94.25
2,20.79,100.7,139.3
2,20.79,70.0,74.0
2,20.79,70.0,98.88
2,20.79,95.5,128.88
2,20.79,70.0,98.88
2,20.79,70.0,82.69
2,20.79,70.0,98.88
2,20.79,70.0,98.88
2,20.79,70.0,82.69
2,20.79,70.0,90.96
2,20.79,70.0,93.44
2,20.79,70.0,98.88
2,20.79,70.0,98.88
2,20.79,70.0,98.88
2,20.79,70.0,99.8
2,20.79,70.0,101.17
2,20.79,99.3,138.82
2,20.79,77.2,87.39
2,20.79,70.0,99.23
2,20.79,87.7,95.95
2,20.79,70.0,97.13
2,20.79,79.3,99.91
2,20.79,70.0,100.13
2,20.79,70.0,136.44
2,20.79,70.0,92.69
2,20.79,100.0,115.38
2,20.79,70.0,98.88
2,20.79,70.0,99.23
2,20.79,70.0,109.17
2,20.79,70.0,80.75
2,20.79,70.0,109.17
2,20.78,70.0,104.88
2,20.78,70.0,98.88
2,20.78,70.0,83.33
2,20.78,70.0,99.23
2,20.78,70.0,87.69
2,20.78,70.0,80.19
2,20.78,104.9,150.78
2,20.78,70.0,105.23
2,20.78,70.0,80.19
2,20.78,70.0,102.92
2,20.78,70.0,75.75
2,20.78,70.0,103.36
2,20.78,70.0,106.97
2,20.78,70.0,103.36
2,20.78,78.6,87.4
2,20.78,70.0,99.23
2,20.78,70.0,105.23
2,20.78,70.0,88.8
2,20.78,79.3,92.55
2,20.78,70.0,74.0
2,20.78,70.0,88.8
2,20.78,70.0,105.23
2,20.78,70.0,104.88
2,20.78,70.0,90.99
2,20.78,130.4,140.59
2,20.78,70.0,97.69
2,20.78,70.0,95.75
2,20.78,70.0,104.88
2,20.78,70.0,80.19
2,20.78,75.8,81.05
2,20.78,70.0,99.23
2,20.78,70.0,92.69
2,20.78,70.0,95.88
2,20.78,96.1,101.1
2,20.78,70.0,98.88
2,20.78,70.0,76.5
2,20.78,101.4,132.4
2,20.78,70.0,96.9
2,20.78,102.1,145.18
2,20.78,70.0,96.55
2,20.78,70.0,91.3
2,20.78,85.6,110.62
2,20.78,70.0,101.18
2,20.78,79.3,89.49
2,20.78,98.6,134.6
2,20.78,70.0,80.75
2,20.78,70.0,90.9
2,20.78,84.9,90.65
2,20.78,70.0,98.88
2,20.78,70.0,89.63
2,20.78,70.0,97.57
2,20.78,70.0,88.69
2,20.78,70.0,98.88
2,20.78,70.0,98.88
2,20.78,102.8,154.93
2,20.78,105.6,155.38
2,20.78,70.0,94.69
2,20.78,70.0,82.69
2,20.78,79.3,83.55
2,20.78,70.0,80.94
2,20.78,70.0,97.13
2,20.78,109.1,146.68
2,20.78,81.4,93.34
2,20.78,81.4,89.65
2,20.78,104.9,157.42
2,20.78,70.0,80.19
2,20.78,70.0,97.13
2,20.78,70.0,97.13
2,20.78,76.5,90.75
2,20.78,77.9,90.59
2,20.77,70.0,98.88
2,20.77,70.0,99.8
2,20.77,70.0,82.69
2,20.77,70.0,99.23
2,20.77,70.0,97.13
2,20.77,70.0,97.13
2,20.77,70.0,98.88
2,20.77,70.0,82.69
2,20.77,70.0,74.0
2,20.77,70.0,80.19
2,20.77,70.0,85.75
2,20.77,70.0,98.88
2,20.77,70.0,95.88
2,20.77,70.0,94.8
2,20.77,70.0,89.69
2,20.77,70.0,75.75
2,20.77,70.0,87.69
2,20.77,70.0,99.8
2,20.77,97.2,120.0
2,20.77,77.9,106.56
2,20.77,70.0,94.25
2,20.77,70.0,99.23
2,20.77,70.0,99.8
2,20.77,99.3,117.45
2,20.77,70.0,90.96
2,20.77,70.0,80.94
2,20.77,103.5,119.25
2,20.77,70.0,104.25
2,20.77,70.0,97.13
2,20.77,105.6,126.6
2,20.77,70.0,80.19
2,20.77,70.0,90.55
2,20.77,70.0,97.13
2,20.77,70.0,99.23
2,20.77,70.0,98.88
2,20.77,70.0,80.19
2,20.77,70.0,96.23
2,20.77,84.47,96.66
2,20.77,70.0,90.55
2,20.77,100.7,126.7
2,20.77,70.0,90.55
2,20.77,70.0,98.88
2,20.77,70.0,104.88
2,20.77,70.0,98.88
2,20.77,70.0,99.23
2,20.77,70.0,97.69
2,20.77,70.0,98.88
2,20.77,70.0,97.13
2,20.77,70.0,82.69
2,20.77,70.0,82.69
2,20.77,70.0,98.88
2,20.77,70.0,98.88
2,20.77,78.6,82.85
2,20.77,70.0,99.23
2,20.77,70.0,90.55
2,20.77,80.7,89.95
2,20.77,70.0,104.88
2,20.77,70.0,98.88
2,20.77,70.0,82.69
2,20.77,70.0,99.23
2,20.77,70.0,82.69
2,20.77,79.3,108.29
2,20.77,70.0,98.88
2,20.77,77.2,91.45
2,20.77,70.0,83.33
2,20.77,70.0,101.88
2,20.77,70.0,99.23
2,20.77,70.0,98.88
2,20.77,70.0,106.97
2,20.77,70.0,99.23
2,20.77,70.0,99.23
2,20.77,78.6,81.85
2,20.77,70.0,98.88
2,20.77,70.0,98.88
2,20.77,102.8,132.18
2,20.77,70.0,90.55
2,20.77,70.0,102.92
2,20.77,70.0,90.69
2,20.77,70.0,82.69
2,20.77,70.0,101.17
2,20.77,70.0,80.19
2,20.77,80.0,102.0
2,20.77,70.0,98.88
2,20.77,70.0,82.69
2,20.77,70.0,98.88
2,20.77,70.0,99.23
2,20.77,70.0,99.23
2,20.76,70.0,109.61
2,20.76,70.0,82.69
2,20.76,70.0,92.69
2,20.76,70.0,95.75
2,20.76,84.9,88.15
2,20.76,70.0,99.23
2,20.76,70.0,92.69
2,20.76,70.0,99.23
2,20.76,70.0,96.55
2,20.76,70.0,104.88
2,20.76,85.6,95.79
2,20.76,70.0,82.69
2,20.76,70.0,96.69
2,20.76,92.6,101.04
2,20.76,70.0,98.88
2,20.76,77.9,89.09
2,20.76,102.1,103.1
2,20.76,70.0,90.9
2,20.76,70.0,85.83
2,20.76,70.0,109.17
2,20.76,70.0,97.69
2,20.76,70.0,92.69
2,20.76,70.0,98.88
2,20.76,70.0,80.94
2,20.76,70.0,98.88
2,20.76,84.9,109.63
2,20.76,70.0,104.88
2,20.76,70.0,97.69
2,20.76,70.0,99.23
2,20.76,70.0,82.69
2,20.76,102.1,148.62
2,20.76,70.0,80.0
2,20.76,82.8,103.26
2,20.76,70.0,88.8
2,20.76,70.0,103.13
2,20.76,70.0,104.88
2,20.76,70.0,98.88
2,20.76,70.0,94.25
2,20.76,70.0,82.69
2,20.76,70.0,90.96
2,20.76,70.0,105.23
2,20.76,70.0,97.13
2,20.76,70.0,82.69
2,20.76,70.0,107.42
2,20.76,70.0,80.19
2,20.76,70.0,98.88
2,20.76,79.3,104.0
2,20.76,70.0,98.88
2,20.76,70.0,99.23
2,20.76,77.9,102.25
2,20.76,70.0,97.94
2,20.76,70.0,82.69
2,20.76,70.0,95.88
2,20.76,70.0,98.88
2,20.76,70.0,82.69
2,20.76,70.0,88.75
2,20.76,70.0,104.88
2,20.76,100.0,131.38
2,20.76,81.4,91.59
2,20.76,70.0,90.55
2,20.76,70.0,107.42
2,20.76,70.0,78.25
2,20.76,70.0,94.19
2,20.76,98.2,113.95
2,20.76,70.0,92.69
2,20.76,70.0,98.88
2,20.76,70.0,82.69
2,20.76,70.0,92.69
2,20.76,70.0,97.13
2,20.76,70.0,90.55
2,20.76,70.0,82.69
2,20.76,100.0,157.85
2,20.76,70.0,98.88
2,20.76,70.0,96.23
2,20.75,76.5,107.88
2,20.75,70.0,85.75
2,20.75,70.0,90.9
2,20.75,70.0,90.55
2,20.75,70.0,105.23
2,20.75,70.0,90.55
2,20.75,104.2,160.25
2,20.75,70.0,99.23
2,20.75,70.0,99.23
2,20.75,70.0,98.69
2,20.75,77.2,99.54
2,20.75,70.0,87.69
2,20.75,70.0,92.69
2,20.75,80.7,84.95
2,20.75,70.0,96.23
2,20.75,70.0,82.69
2,20.75,70.0,92.69
2,20.75,70.0,100.94
2,20.75,70.0,90.96
2,20.75,70.0,97.69
2,20.75,70.0,87.69
2,20.75,85.6,117.6
2,20.75,70.0,80.75
2,20.75,98.0,136.5
2,20.75,70.0,104.88
2,20.75,70.0,82.69
2,20.75,70.0,95.09
2,20.75,70.0,86.94
2,20.75,70.0,102.69
2,20.75,70.0,109.17
2,20.75,70.0,99.23
2,20.75,77.9,87.9
2,20.75,70.0,82.69
2,20.75,103.5,143.86
2,20.75,70.0,95.09
2,20.75,70.0,86.82
2,20.75,70.0,99.23
2,20.75,70.0,90.9
2,20.75,77.2,88.39
2,20.75,70.0,90.9
2,20.75,70.0,91.79
2,20.75,97.9,126.65
2,20.75,70.0,94.69
2,20.75,70.0,87.69
2,20.75,70.0,99.23
2,20.75,77.9,105.71
2,20.75,70.0,96.23
2,20.75,70.0,98.75
2,20.75,70.0,82.69
2,20.75,70.0,75.75
2,20.75,70.0,95.88
2,20.75,133.9,143.15
2,20.75,97.9,125.7
2,20.75,70.0,92.22
2,20.75,70.0,90.9
2,20.75,70.0,104.88
2,20.75,70.0,98.88
2,20.75,70.0,98.88
2,20.75,70.0,103.36
2,20.75,70.0,99.23
2,20.75,70.0,98.88
2,20.75,70.0,97.13
2,20.75,70.0,101.17
2,20.75,70.0,102.92
2,20.75,70.0,99.23
2,20.75,70.0,82.69
2,20.75,77.9,87.9
2,20.75,70.0,82.69
2,20.75,70.0,106.97
2,20.75,77.2,90.89
2,20.75,75.8,93.96
2,20.75,70.0,95.69
2,20.75,70.0,106.39
2,20.75,70.0,99.23
2,20.75,70.0,97.13
2,20.75,70.0,98.88
2,20.75,70.0,87.11
2,20.75,70.0,98.88
2,20.75,70.0,96.23
2,20.75,99.3,125.68
2,20.74,70.0,97.13
2,20.74,70.0,101.17
2,20.74,70.0,98.88
2,20.74,70.0,96.69
2,20.74,70.0,90.96
2,20.74,70.0,96.23
2,20.74,70.0,96.9
2,20.74,124.1,159.85
2,20.74,70.0,99.23
2,20.74,80.7,111.72
2,20.74,80.0,85.75
2,20.74,70.0,101.25
2,20.74,101.4,157.81
2,20.74,70.0,97.13
2,20.74,100.0,101.0
2,20.74,82.1,110.4
2,20.74,81.4,89.65
2,20.74,70.0,92.69
2,20.74,70.0,103.36
2,20.74,70.0,99.23
2,20.74,78.6,88.79
2,20.74,70.0,85.19
2,20.74,70.0,95.0
2,20.74,70.0,104.88
2,20.74,70.0,101.18
2,20.74,70.0,80.75
2,20.74,70.0,105.23
2,20.74,85.6,118.85
2,20.74,102.1,160.63
2,20.74,70.0,96.55
2,20.74,70.0,90.9
2,20.74,70.0,82.69
2,20.74,70.0,99.23
2,20.74,70.0,85.19
2,20.74,89.8,114.31
2,20.74,70.0,98.88
2,20.74,97.2,127.66
2,20.74,70.0,99.8
2,20.74,70.0,96.23
2,20.74,75.8,106.55
2,20.74,97.9,140.28
2,20.74,70.0,85.94
2,20.74,70.0,87.69
2,20.74,70.0,98.88
2,20.74,70.0,98.88
2,20.74,82.8,104.46
2,20.74,70.0,90.75
2,20.74,70.0,107.5
2,20.74,70.0,99.23
2,20.74,70.0,92.69
2,20.74,70.0,106.97
2,20.74,70.0,87.69
2,20.74,70.0,95.88
2,20.74,70.0,90.9
2,20.74,70.0,82.69
2,20.74,70.0,99.23
2,20.74,70.0,104.88
2,20.74,70.0,82.69
2,20.74,70.0,98.88
2,20.74,70.0,82.69
2,20.74,70.0,90.55
2,20.74,70.0,80.19
2,20.74,70.0,96.69
2,20.74,70.0,90.55
2,20.74,79.3,98.71
2,20.74,70.0,96.23
2,20.74,70.0,95.69
2,20.74,70.0,90.96
2,20.74,70.0,92.69
2,20.74,70.0,75.75
2,20.74,70.0,103.13
2,20.74,70.0,94.69
2,20.74,70.0,87.69
2,20.73,70.0,99.23
2,20.73,100.0,125.0
2,20.73,79.3,98.71
2,20.73,70.0,98.88
2,20.73,76.5,86.69
2,20.73,70.0,105.23
2,20.73,80.0,90.94
2,20.73,70.0,95.88
2,20.73,82.1,102.07
2,20.73,87.7,92.7
2,20.73,70.0,92.69
2,20.73,70.0,87.69
2,20.73,70.0,98.88
2,20.73,70.0,99.23
2,20.73,70.0,80.19
2,20.73,70.0,80.19
2,20.73,70.0,90.55
2,20.73,70.0,104.88
2,20.73,82.1,93.29
2,20.73,70.0,80.94
2,20.73,70.0,98.88
2,20.73,70.0,82.69
2,20.73,70.0,98.88
2,20.73,77.9,81.15
2,20.73,70.0,79.0
2,20.73,70.0,98.88
2,20.73,70.0,80.19
2,20.73,70.0,107.5
2,20.73,75.8,94.86
2,20.73,70.0,104.88
2,20.73,70.0,96.55
2,20.73,70.0,98.88
2,20.73,70.0,87.69
2,20.73,70.0,97.69
2,20.73,77.2,97.39
2,20.73,81.4,100.65
2,20.73,70.0,99.23
2,20.73,100.0,131.54
2,20.73,70.0,79.0
2,20.73,70.0,80.94
2,20.73,70.0,98.88
2,20.73,70.0,100.94
2,20.73,77.9,89.09
2,20.73,75.8,104.39
2,20.73,70.0,97.13
2,20.73,77.9,86.15
2,20.73,70.0,80.75
2,20.73,70.0,82.19
2,20.73,70.0,98.88
2,20.73,80.7,89.95
2,20.73,70.0,98.88
2,20.73,70.0,90.75
2,20.73,70.0,92.69
2,20.73,70.0,95.88
2,20.73,70.0,95.09
2,20.73,70.0,101.88
2,20.73,70.0,98.88
2,20.73,70.0,90.96
2,20.73,70.0,85.19
2,20.73,70.0,90.55
2,20.73,70.0,102.92
2,20.73,70.0,96.69
2,20.73,70.0,92.69
2,20.73,70.0,113.47
2,20.73,70.0,98.88
2,20.73,88.4,92.4
2,20.73,70.0,94.25
2,20.73,70.0,98.88
2,20.73,70.0,104.88
2,20.73,84.2,124.39
2,20.73,105.9,126.65
2,20.73,70.0,85.19
2,20.73,104.9,143.03
2,20.73,70.0,96.55
2,20.73,70.0,105.23
2,20.73,70.0,95.09
2,20.73,70.0,96.55
2,20.73,70.0,99.23
2,20.73,70.0,104.88
2,20.73,70.0,97.13
2,20.73,70.0,109.17
2,20.73,70.0,104.88
2,20.73,101.4,149.14
2,20.73,70.0,106.61
2,20.72,70.0,97.13
2,20.72,70.0,86.75
2,20.72,70.0,91.69
2,20.72,91.2,96.95
2,20.72,70.0,99.23
2,20.72,84.2,101.89
2,20.72,70.0,102.92
2,20.72,82.1,94.79
2,20.72,70.0,105.23
2,20.72,70.0,86.5
2,20.72,70.0,99.23
2,20.72,82.1,102.07
2,20.72,70.0,80.19
2,20.72,70.0,90.55
2,20.72,70.0,83.69
2,20.72,78.6,95.54
2,20.72,77.2,96.19
2,20.72,70.0,87.69
2,20.72,70.0,98.88
2,20.72,70.0,95.09
2,20.72,70.0,98.88
2,20.72,96.1,127.2
2,20.72,82.8,112.64
2,20.72,77.2,81.45
2,20.72,79.3,111.99
2,20.72,70.0,98.88
2,20.72,86.3,102.24
2,20.72,70.0,90.96
2,20.72,70.0,90.55
2,20.72,70.0,104.88
2,20.72,70.0,97.13
2,20.72,70.0,84.0
2,20.72,70.0,82.69
2,20.72,70.0,89.75
2,20.72,70.0,98.88
2,20.72,70.0,80.19
2,20.72,70.0,104.88
2,20.72,70.0,90.55
2,20.72,70.0,109.98
2,20.72,70.0,99.23
2,20.72,70.0,90.9
2,20.72,70.0,87.69
2,20.72,70.0,90.9
2,20.72,100.0,148.8
2,20.72,70.0,99.23
2,20.72,70.0,98.88
2,20.72,78.6,86.85
2,20.72,70.0,80.94
2,20.72,70.0,95.94
2,20.72,70.0,85.75
2,20.72,70.0,98.88
2,20.72,70.0,90.9
2,20.72,70.0,83.69
2,20.72,70.0,90.55
2,20.72,70.0,90.55
2,20.72,70.0,90.9
2,20.72,70.0,80.19
2,20.72,80.0,102.0
2,20.72,70.0,95.09
2,20.72,70.0,90.55
2,20.72,70.0,101.25
2,20.72,70.0,98.88
2,20.72,70.0,105.22
2,20.72,70.0,98.88
2,20.72,70.0,92.69
2,20.72,70.0,98.88
2,20.72,70.0,98.88
2,20.72,70.0,82.69
2,20.72,70.0,90.55
2,20.72,70.0,82.69
2,20.72,70.0,97.69
2,20.72,70.0,98.88
2,20.72,75.8,86.99
2,20.72,70.0,92.69
2,20.72,70.0,98.88
2,20.72,70.0,87.55
2,20.72,70.0,82.69
2,20.72,70.0,97.13
2,20.72,70.0,99.23
2,20.72,70.0,98.88
2,20.72,77.9,98.58
2,20.72,70.0,99.69
2,20.72,70.0,105.19
2,20.72,70.0,92.61
2,20.72,70.0,97.94
2,20.72,70.0,101.17
2,20.72,70.0,100.69
2,20.72,70.0,99.8
2,20.72,117.1,131.1
2,20.72,70.0,80.19
2,20.72,85.6,95.79
2,20.71,70.0,82.69
2,20.71,70.0,95.69
2,20.71,70.0,82.69
2,20.71,70.0,80.19
2,20.71,70.0,87.69
2,20.71,70.0,82.69
2,20.71,70.0,103.36
2,20.71,70.0,104.88
2,20.71,70.0,90.9
2,20.71,70.0,90.55
2,20.71,75.8,86.99
2,20.71,70.0,96.55
2,20.71,70.0,102.92
2,20.71,70.0,98.88
2,20.71,76.5,107.88
2,20.71,70.0,98.88
2,20.71,70.0,110.33
2,20.71,70.0,95.88
2,20.71,70.0,106.97
2,20.71,70.0,102.69
2,20.71,92.6,103.79
2,20.71,97.2,136.45
2,20.71,70.0,90.69
2,20.71,70.0,98.88
2,20.71,78.6,100.87
2,20.71,102.4,114.83
2,20.71,70.0,95.88
2,20.71,70.0,90.19
2,20.71,70.0,99.23
2,20.71,70.0,82.69
2,20.71,70.0,83.52
2,20.71,70.0,90.55
2,20.71,75.8,94.51
2,20.71,70.0,75.75
2,20.71,70.0,90.9
2,20.71,70.0,80.19
2,20.71,70.0,98.88
2,20.71,70.0,87.69
2,20.71,70.0,101.18
2,20.71,70.0,100.84
2,20.71,70.0,90.19
2,20.71,107.7,133.45
2,20.71,70.0,83.33
2,20.71,70.0,96.23
2,20.71,70.0,90.94
2,20.71,70.0,98.88
2,20.71,99.3,136.68
2,20.71,98.6,151.18
2,20.71,70.0,97.69
2,20.71,70.0,98.88
2,20.71,70.0,82.69
2,20.71,70.0,99.23
2,20.71,70.0,82.69
2,20.71,70.0,95.09
2,20.71,70.0,98.88
2,20.71,70.0,80.19
2,20.71,70.0,75.75
2,20.71,70.0,94.0
2,20.71,70.0,95.88
2,20.71,70.0,104.88
2,20.71,70.0,74.0
2,20.71,77.9,82.15
2,20.71,70.0,94.69
2,20.71,80.7,86.45
2,20.71,70.0,92.69
2,20.71,70.0,99.23
2,20.71,76.5,86.69
2,20.71,76.5,80.75
2,20.71,70.0,104.88
2,20.71,70.0,101.17
2,20.71,70.0,92.69
2,20.71,70.0,98.88
2,20.71,70.0,102.69
2,20.71,70.0,90.55
2,20.7,70.0,82.69
1,20.7,58.5,62.45
2,20.7,70.0,92.69
1,20.7,70.0,86.0
2,20.7,70.0,99.23
1,20.7,70.0,82.69
2,20.7,70.0,90.55
1,20.7,70.0,105.19
1,20.7,100.0,140.0
1,20.7,70.0,90.69
1,20.7,55.5,57.0
1,20.7,80.0,102.9
1,20.7,97.2,111.95
1,20.7,53.5,55.0
2,20.7,70.0,90.94
2,20.7,70.0,98.88
1,20.7,70.0,90.9
2,20.7,70.0,90.55
1,20.7,70.0,90.9
1,20.7,63.5,71.94
1,20.7,55.5,63.94
1,20.7,107.7,126.45
1,20.7,70.0,99.24
1,20.7,70.0,103.34
2,20.7,70.0,104.88
2,20.7,77.2,105.72
2,20.7,82.8,106.26
1,20.7,56.5,58.0
1,20.7,70.0,99.19
1,20.7,70.0,103.13
1,20.7,70.0,90.9
1,20.7,70.0,102.24
1,20.7,70.0,96.19
1,20.7,77.2,108.05
1,20.7,70.0,84.0
2,20.7,70.0,85.19
1,20.7,62.5,70.94
1,20.7,70.0,82.69
2,20.7,70.0,94.69
1,20.7,78.6,98.35
1,20.7,70.0,96.9
2,20.7,70.0,98.88
1,20.7,70.0,88.8
1,20.7,70.0,99.24
1,20.7,70.0,103.13
1,20.7,70.0,74.0
2,20.7,70.0,97.13
2,20.7,70.0,74.0
1,20.7,96.5,143.4
1,20.7,70.0,75.75
1,20.7,70.0,85.19
1,20.7,70.0,93.44
1,20.7,81.4,85.65
1,20.7,70.0,85.19
1,20.7,64.5,66.0
1,20.7,70.0,87.69
1,20.7,59.5,61.0
1,20.7,70.0,99.24
1,20.7,77.2,82.95
2,20.7,70.0,97.57
1,20.7,70.0,90.19
1,20.7,70.0,97.13
2,20.7,98.6,146.22
1,20.7,70.0,99.19
1,20.7,70.0,99.24
2,20.7,70.0,97.13
1,20.7,62.5,64.0
1,20.7,84.9,114.55
1,20.7,70.0,105.19
1,20.7,70.0,85.19
2,20.7,70.0,87.69
1,20.7,70.0,87.69
2,20.7,70.0,98.88
1,20.7,76.5,80.75
1,20.7,70.0,86.94
1,20.7,70.0,90.94
2,20.7,70.0,98.88
2,20.7,70.0,95.88
2,20.7,70.0,92.69
1,20.7,37.5,39.0
1,20.7,70.0,107.39
1,20.7,85.0,92.75
1,20.7,98.6,146.55
1,20.7,70.0,107.49
2,20.7,70.0,109.17
2,20.7,70.0,82.69
1,20.7,67.5,69.0
1,20.7,80.7,105.89
1,20.7,70.0,92.69
1,20.7,59.5,61.0
2,20.7,70.0,97.13
1,20.7,70.0,100.69
1,20.7,60.5,62.0
1,20.7,70.0,99.24
1,20.7,70.0,83.19
1,20.7,70.0,99.19
1,20.7,70.0,107.39
2,20.7,70.0,98.88
1,20.7,70.0,87.81
2,20.7,70.0,80.75
1,20.7,70.0,99.19
1,20.7,70.0,87.69
1,20.7,70.0,88.69
1,20.7,80.0,126.57
1,20.7,70.0,95.19
2,20.7,70.0,90.55
1,20.7,70.0,105.24
1,20.7,70.0,93.08
1,20.7,70.0,105.19
2,20.7,80.0,110.19
1,20.7,107.0,130.0
1,20.7,70.0,82.69
1,20.7,70.0,87.68
1,20.7,70.0,87.69
2,20.7,70.0,99.23
1,20.7,77.2,96.5
1,20.7,70.0,97.09
1,20.7,70.0,97.14
1,20.7,78.6,88.79
1,20.7,52.5,66.14
1,20.7,86.3,107.55
1,20.7,70.0,93.44
1,20.7,70.0,99.19
1,20.7,70.0,103.34
2,20.7,78.6,81.85
1,20.7,61.5,63.0
1,20.7,70.0,97.14
1,20.7,70.0,96.19
2,20.7,120.6,128.85
2,20.7,70.0,90.55
2,20.7,70.0,97.13
1,20.7,77.2,90.45
2,20.7,70.0,107.5
2,20.7,70.0,98.88
1,20.7,70.0,96.24
2,20.7,101.4,155.09
1,20.7,70.0,105.19
1,20.7,45.5,47.0
2,20.7,70.0,82.69
1,20.7,70.0,99.19
1,20.7,70.0,88.8
2,20.7,70.0,82.74
2,20.7,77.9,97.03
2,20.7,70.0,146.88
2,20.7,70.0,96.23
1,20.7,70.0,87.75
1,20.7,70.0,80.19
1,20.7,91.2,125.54
1,20.7,70.0,99.24
1,20.7,70.0,90.69
1,20.7,70.0,107.49
1,20.7,70.0,96.19
2,20.7,99.3,138.3
1,20.7,54.5,62.94
1,20.7,77.9,116.27
1,20.7,70.0,103.34
1,20.7,70.0,103.34
1,20.7,70.0,97.69
1,20.7,70.0,103.34
1,20.7,70.0,90.94
1,20.7,70.0,90.9
2,20.7,70.0,82.75
1,20.7,70.0,96.19
1,20.7,70.0,99.19
1,20.7,70.0,97.69
1,20.7,110.1,114.1
1,20.7,70.0,80.94
1,20.7,70.0,97.09
1,20.7,55.5,63.94
2,20.7,70.0,105.23
1,20.7,70.0,105.19
2,20.7,70.0,99.63
1,20.7,70.0,97.09
1,20.7,70.0,99.19
1,20.7,57.5,65.94
1,20.7,70.0,82.69
2,20.7,101.4,138.17
1,20.7,58.5,66.94
1,20.7,70.0,92.69
2,20.7,70.0,97.69
1,20.7,42.5,44.0
2,20.7,70.0,103.13
1,20.7,43.5,45.0
1,20.7,70.0,98.83
1,20.7,70.0,105.19
2,20.7,77.9,96.09
1,20.7,70.0,105.24
1,20.7,70.0,99.19
2,20.7,70.0,90.55
1,20.7,70.0,97.09
1,20.7,63.5,65.0
2,20.7,70.0,97.13
2,20.7,70.0,90.94
1,20.7,70.0,99.24
1,20.7,70.0,97.69
1,20.7,70.0,88.8
1,20.7,78.6,91.29
1,20.7,70.0,96.19
1,20.7,82.8,91.05
1,20.7,70.0,105.19
2,20.7,70.0,84.0
2,20.7,70.0,90.96
1,20.7,63.5,71.94
1,20.7,65.5,73.94
2,20.7,70.0,87.69
2,20.7,70.0,89.69
2,20.7,70.0,85.69
1,20.7,70.0,92.69
1,20.7,70.0,87.69
1,20.7,70.0,96.94
2,20.7,70.0,100.19
1,20.7,105.6,127.98
1,20.7,98.6,149.93
2,20.7,70.0,97.13
1,20.7,70.0,101.19
2,20.7,70.0,85.94
1,20.7,70.0,90.9
1,20.7,70.0,97.14
1,20.7,123.8,171.18
1,20.7,70.0,90.94
1,20.7,97.9,123.9
1,20.7,104.5,140.95
1,20.7,70.0,95.09
2,20.7,70.0,87.75
1,20.7,59.5,67.94
1,20.7,61.5,69.94
1,20.7,110.0,167.18
1,20.7,70.0,97.09
2,20.7,70.0,98.88
2,20.7,70.0,97.13
1,20.7,70.0,109.59
2,20.7,70.0,90.55
1,20.7,70.0,99.19
2,20.69,99.3,123.05
2,20.69,70.0,98.88
2,20.69,77.9,97.38
2,20.69,77.2,108.8
2,20.69,70.0,88.94
2,20.69,70.0,92.22
2,20.69,70.0,88.24
2,20.69,100.7,137.34
2,20.69,70.0,75.75
2,20.69,70.0,90.55
2,20.69,70.0,80.19
2,20.69,80.7,101.94
2,20.69,70.0,97.13
2,20.69,70.0,92.69
2,20.69,70.0,90.19
2,20.69,89.1,102.35
2,20.69,70.0,107.42
2,20.69,77.2,81.45
2,20.69,98.6,141.1
2,20.69,70.0,82.69
2,20.69,70.0,83.25
2,20.69,70.0,97.13
2,20.69,79.3,89.49
2,20.69,79.3,88.55
2,20.69,97.9,130.59
2,20.69,70.0,99.23
2,20.69,82.8,93.55
2,20.69,70.0,75.75
2,20.69,70.0,95.69
2,20.69,70.0,92.94
2,20.69,70.0,98.88
2,20.69,70.0,90.55
2,20.69,70.0,90.9
2,20.69,87.0,96.25
2,20.69,83.5,96.19
2,20.69,70.0,75.75
2,20.69,70.0,97.13
2,20.69,70.0,84.0
2,20.69,70.0,97.13
2,20.69,70.0,90.55
2,20.69,100.7,152.38
2,20.69,70.0,102.92
2,20.69,70.0,80.19
2,20.69,70.0,94.19
2,20.69,70.0,106.97
2,20.69,77.2,92.39
2,20.69,70.0,85.75
2,20.69,70.0,97.13
2,20.69,70.0,97.95
2,20.69,81.4,98.5
2,20.69,70.0,98.88
2,20.69,70.0,106.05
2,20.69,70.0,111.72
2,20.69,78.6,88.79
2,20.69,70.0,104.88
2,20.69,70.0,107.42
2,20.69,70.0,98.88
2,20.69,70.0,99.8
2,20.69,70.0,90.55
2,20.69,70.0,94.69
2,20.69,70.0,98.69
2,20.69,70.0,101.17
2,20.69,70.0,82.79
2,20.69,83.5,108.0
2,20.69,70.0,106.05
2,20.69,78.6,83.6
2,20.69,70.0,82.7
2,20.69,70.0,99.23
2,20.69,70.0,92.69
2,20.68,70.0,98.88
2,20.68,70.0,82.69
2,20.68,70.0,80.19
2,20.68,70.0,90.9
2,20.68,97.2,142.11
2,20.68,70.0,109.17
2,20.68,70.0,75.75
2,20.68,70.0,82.69
2,20.68,70.0,99.23
2,20.68,76.5,87.69
2,20.68,76.5,80.75
2,20.68,70.0,99.23
2,20.68,70.0,80.75
2,20.68,70.0,90.9
2,20.68,70.0,110.55
2,20.68,70.0,98.88
2,20.68,70.0,84.0
2,20.68,75.8,94.51
2,20.68,78.6,82.85
2,20.68,75.1,96.67
2,20.68,70.0,90.55
2,20.68,70.0,105.23
2,20.68,70.0,95.88
2,20.68,98.6,150.12
2,20.68,70.0,92.69
2,20.68,70.0,98.88
2,20.68,70.0,88.21
2,20.68,70.0,103.36
2,20.68,70.0,89.39
2,20.68,77.9,81.15
2,20.68,70.0,98.88
2,20.68,70.0,85.19
2,20.68,78.6,100.73
2,20.68,77.9,97.03
2,20.68,70.0,98.88
2,20.68,70.0,99.23
2,20.68,70.0,95.88
2,20.68,70.0,98.88
2,20.68,70.0,105.23
2,20.68,70.0,105.23
2,20.68,70.0,90.19
2,20.68,70.0,101.88
2,20.68,70.0,96.75
2,20.68,70.0,90.69
2,20.68,88.4,106.65
2,20.68,70.0,95.94
2,20.68,70.0,98.88
2,20.68,70.0,75.75
2,20.68,70.0,82.75
2,20.68,70.0,90.9
2,20.68,70.0,90.55
2,20.68,70.0,96.9
2,20.68,70.0,101.18
2,20.68,70.0,99.23
2,20.68,70.0,95.88
2,20.68,70.0,80.19
2,20.68,70.0,98.88
2,20.68,70.0,98.88
2,20.68,70.0,88.8
2,20.68,70.0,87.69
2,20.68,77.2,81.2
2,20.68,101.4,162.06
2,20.68,80.0,92.69
2,20.68,100.7,165.08
2,20.68,70.0,104.88
2,20.68,70.0,98.88
2,20.68,76.5,96.55
2,20.68,70.0,98.88
2,20.68,70.0,89.69
2,20.68,70.0,102.92
2,20.68,70.0,97.13
2,20.68,70.0,87.69
2,20.68,101.4,129.78
2,20.68,70.0,102.92
2,20.68,70.0,104.45
2,20.68,77.2,105.36
2,20.68,70.0,98.88
2,20.68,83.5,91.75
2,20.68,70.0,107.5
2,20.68,70.0,99.23
2,20.68,98.6,152.83
2,20.68,70.0,90.96
2,20.68,70.0,96.2
2,20.68,70.0,97.95
2,20.68,79.3,85.15
2,20.68,75.8,100.9
2,20.68,70.0,102.92
2,20.68,80.7,91.45
2,20.68,70.0,98.88
2,20.68,82.1,102.07
2,20.68,70.0,88.69
2,20.68,70.0,98.88
2,20.68,70.0,89.69
2,20.68,70.0,87.11
2,20.68,70.0,98.88
2,20.68,70.0,90.55
2,20.68,70.0,92.5
2,20.67,70.0,98.88
2,20.67,70.0,98.88
2,20.67,70.0,95.09
2,20.67,70.0,80.19
2,20.67,70.0,97.13
2,20.67,70.0,100.24
2,20.67,70.0,98.88
2,20.67,107.0,148.06
2,20.67,70.0,97.13
2,20.67,70.0,92.69
2,20.67,70.0,91.69
2,20.67,100.0,108.55
2,20.67,70.0,100.94
2,20.67,70.0,103.36
2,20.67,70.0,98.88
2,20.67,70.0,102.92
2,20.67,70.0,100.0
2,20.67,70.0,95.88
2,20.67,70.0,87.69
2,20.67,70.0,98.88
2,20.67,70.0,98.88
2,20.67,77.9,90.59
2,20.67,70.0,105.23
2,20.67,70.0,95.88
2,20.67,80.0,99.55
2,20.67,70.0,90.9
2,20.67,84.9,90.65
2,20.67,70.0,98.88
2,20.67,70.0,97.13
2,20.67,70.0,90.55
2,20.67,77.9,88.09
2,20.67,97.9,162.05
2,20.67,70.0,90.96
2,20.67,70.0,97.13
2,20.67,70.0,99.23
2,20.67,70.0,98.88
2,20.67,80.7,93.39
2,20.67,70.0,92.69
2,20.67,97.9,120.28
2,20.67,70.0,94.69
2,20.67,70.0,104.88
2,20.67,70.0,106.97
2,20.67,79.3,97.55
2,20.67,70.0,95.88
2,20.67,70.0,105.23
2,20.67,70.0,105.23
2,20.67,70.0,99.23
2,20.67,98.6,132.2
2,20.67,70.0,90.75
2,20.67,102.8,158.98
2,20.67,70.0,98.88
2,20.67,47.1,48.6
2,20.67,70.0,98.88
2,20.67,70.0,97.69
2,20.67,70.0,102.92
2,20.67,70.0,98.88
2,20.67,70.0,97.13
2,20.67,70.0,95.88
2,20.67,70.0,101.18
2,20.67,84.9,114.96
2,20.67,70.0,90.55
2,20.67,70.0,97.97
2,20.67,70.0,98.88
2,20.67,70.0,98.69
2,20.67,103.5,155.26
2,20.67,70.0,99.23
2,20.67,70.0,90.55
2,20.67,70.0,90.9
2,20.67,70.0,90.19
2,20.67,70.0,99.23
2,20.67,70.0,92.22
2,20.67,70.0,98.88
2,20.67,70.0,97.13
2,20.67,70.0,85.0
2,20.67,70.0,104.88
2,20.67,70.0,90.69
2,20.67,76.5,87.69
2,20.67,78.6,84.35
2,20.67,70.0,90.9
2,20.67,70.0,97.13
2,20.67,87.0,92.76
2,20.67,76.5,87.69
2,20.67,70.0,104.88
2,20.66,70.0,95.09
2,20.66,70.0,82.69
2,20.66,70.0,82.69
2,20.66,70.0,87.11
2,20.66,84.2,106.14
2,20.66,122.7,150.79
2,20.66,77.9,98.23
2,20.66,70.0,92.69
2,20.66,70.0,96.23
2,20.66,70.0,103.36
2,20.66,89.1,123.05
2,20.66,85.6,95.79
2,20.66,86.3,123.29
2,20.66,70.0,99.23
2,20.66,70.0,98.88
2,20.66,70.0,88.94
2,20.66,70.0,98.88
2,20.66,70.0,92.22
2,20.66,70.0,104.88
2,20.66,70.0,104.88
2,20.66,77.9,81.15
2,20.66,99.3,114.05
2,20.66,70.0,104.88
2,20.66,70.0,97.3
2,20.66,70.0,104.88
2,20.66,70.0,95.09
2,20.66,97.2,145.18
2,20.66,70.0,99.8
2,20.66,119.9,169.1
2,20.66,70.0,98.88
2,20.66,70.0,80.19
2,20.66,195.0,239.02
2,20.66,70.0,97.13
2,20.66,70.0,80.19
2,20.66,81.4,102.9
2,20.66,70.0,92.69
2,20.66,107.7,137.08
2,20.66,70.0,98.88
2,20.66,70.0,95.88
2,20.66,75.8,86.99
2,20.66,70.0,98.88
2,20.66,70.0,97.13
2,20.66,70.0,82.69
2,20.66,130.8,189.96
2,20.66,79.3,113.04
2,20.66,70.0,104.88
2,20.66,70.0,86.44
2,20.66,70.0,85.75
2,20.66,70.0,97.13
2,20.66,70.0,88.8
2,20.66,70.0,99.23
2,20.66,97.9,122.28
2,20.66,70.0,97.13
2,20.66,105.9,143.21
2,20.66,70.0,80.75
2,20.66,70.0,98.88
2,20.66,70.0,97.13
2,20.66,84.2,95.14
2,20.66,78.6,97.87
2,20.66,101.4,117.78
2,20.66,70.0,85.19
2,20.66,70.0,88.8
2,20.66,70.0,90.94
2,20.66,70.0,98.88
2,20.66,70.0,82.69
2,20.66,70.0,98.88
2,20.66,96.5,140.63
2,20.66,96.5,143.86
2,20.65,99.3,127.05
2,20.65,70.0,87.94
2,20.65,70.0,98.69
2,20.65,70.0,90.96
2,20.65,76.5,104.88
2,20.65,70.0,109.61
2,20.65,70.0,94.19
2,20.65,70.0,97.13
2,20.65,70.0,94.13
2,20.65,70.0,101.88
2,20.65,86.3,94.74
2,20.65,102.4,124.58
2,20.65,70.0,90.9
2,20.65,70.0,95.94
2,20.65,70.0,90.9
2,20.65,70.0,92.69
2,20.65,70.0,85.75
2,20.65,70.0,99.23
2,20.65,70.0,98.88
2,20.65,70.0,109.61
2,20.65,70.0,92.69
2,20.65,70.0,103.13
2,20.65,100.0,125.75
2,20.65,70.0,98.88
2,20.65,70.0,85.19
2,20.65,70.0,98.21
2,20.65,70.0,98.88
2,20.65,70.0,98.88
2,20.65,70.0,82.69
2,20.65,87.0,99.75
2,20.65,70.0,98.88
2,20.65,70.0,82.19
2,20.65,70.0,100.24
2,20.65,70.0,97.13
2,20.65,70.0,87.79
2,20.65,70.0,85.94
2,20.65,70.0,83.33
2,20.65,97.2,129.95
2,20.65,70.0,97.13
2,20.65,70.0,80.19
2,20.65,70.0,80.19
2,20.65,70.0,74.0
2,20.65,70.0,81.4
2,20.65,70.0,90.19
2,20.65,70.0,104.88
2,20.65,70.0,85.94
2,20.65,70.0,87.69
2,20.65,70.0,94.25
2,20.65,70.0,94.25
2,20.65,100.0,150.58
2,20.65,70.0,80.94
2,20.65,102.4,112.58
2,20.65,70.0,98.88
2,20.65,70.0,90.94
2,20.65,70.0,86.69
2,20.65,70.0,98.88
2,20.65,70.0,86.0
2,20.65,70.0,97.69
2,20.65,70.0,82.69
2,20.65,70.0,98.88
2,20.65,70.0,99.8
2,20.65,70.0,94.69
2,20.65,70.0,73.25
2,20.65,70.0,90.9
2,20.65,70.0,98.88
2,20.65,70.0,89.69
2,20.65,70.0,98.88
2,20.65,70.0,82.69
2,20.65,76.5,91.88
2,20.65,70.0,105.23
2,20.65,70.0,98.88
2,20.65,70.0,90.19
2,20.65,70.0,88.8
2,20.65,70.0,94.13
2,20.65,70.0,90.9
2,20.65,70.0,98.88
2,20.65,70.0,82.69
2,20.65,70.0,95.88
2,20.64,70.0,85.19
2,20.64,70.0,80.94
2,20.64,70.0,82.75
2,20.64,70.0,95.88
2,20.64,70.0,103.13
2,20.64,70.0,98.88
2,20.64,70.0,90.75
2,20.64,70.0,85.75
2,20.64,70.0,98.88
2,20.64,70.0,87.69
2,20.64,76.5,95.35
2,20.64,79.3,89.49
2,20.64,70.0,103.13
2,20.64,70.0,95.09
2,20.64,70.0,82.69
2,20.64,70.0,98.88
2,20.64,70.0,88.19
2,20.64,75.8,94.51
2,20.64,77.2,87.39
2,20.64,70.0,97.69
2,20.64,97.9,126.95
2,20.64,70.0,85.19
2,20.64,70.0,103.13
2,20.64,70.0,97.13
2,20.64,97.2,129.09
2,20.64,70.0,107.69
2,20.64,70.0,92.69
2,20.64,70.0,91.3
2,20.64,75.8,85.99
2,20.64,70.0,101.17
2,20.64,70.0,96.23
2,20.64,70.0,97.13
2,20.64,70.0,80.19
2,20.64,70.0,80.19
2,20.64,70.0,84.94
2,20.64,82.1,102.42
2,20.64,70.0,95.09
2,20.64,100.0,164.9
2,20.64,70.0,89.75
2,20.64,70.0,98.88
2,20.64,70.0,95.88
2,20.64,70.0,96.46
2,20.64,70.0,90.9
2,20.64,70.0,99.23
2,20.64,70.0,87.69
2,20.64,70.0,104.88
2,20.64,70.0,98.88
2,20.64,70.0,91.19
2,20.64,96.5,141.46
2,20.64,128.0,164.65
2,20.64,70.0,80.19
2,20.64,70.0,90.55
2,20.64,70.0,97.13
2,20.64,70.0,87.69
2,20.64,126.9,156.18
2,20.64,124.1,140.35
2,20.64,70.0,82.69
2,20.64,70.0,80.94
2,20.64,70.0,102.92
2,20.64,70.0,97.13
2,20.64,70.0,84.0
2,20.64,70.0,97.13
2,20.64,70.0,95.88
2,20.64,70.0,104.88
2,20.64,70.0,82.69
2,20.64,100.0,150.9
2,20.64,70.0,98.88
2,20.64,70.0,95.88
2,20.64,95.5,118.8
2,20.64,75.8,102.84
2,20.64,70.0,94.69
2,20.64,70.0,98.88
2,20.64,70.0,99.23
2,20.64,77.2,89.14
2,20.64,81.4,85.65
2,20.64,75.8,80.05
2,20.64,70.0,80.75
2,20.64,70.0,98.88
2,20.64,70.0,97.69
2,20.64,102.1,139.78
2,20.64,70.0,90.69
2,20.64,97.2,148.16
2,20.64,70.0,92.69
2,20.64,70.0,94.69
2,20.64,77.9,98.23
2,20.64,75.8,94.51
2,20.64,76.5,96.55
2,20.64,70.0,99.8
2,20.64,78.6,91.29
2,20.64,70.0,99.23
2,20.64,101.4,153.48
2,20.63,70.0,85.94
2,20.63,70.0,98.88
2,20.63,70.0,95.09
2,20.63,75.0,92.19
2,20.63,70.0,87.69
2,20.63,76.5,80.75
2,20.63,70.0,96.23
2,20.63,77.9,96.15
2,20.63,70.0,98.88
2,20.63,70.0,99.23
2,20.63,70.0,102.69
2,20.63,96.5,137.25
2,20.63,70.0,97.13
2,20.63,70.0,82.69
2,20.63,70.0,90.55
2,20.63,60.4,69.95
2,20.63,76.5,100.5
2,20.63,70.0,97.57
2,20.63,70.0,91.19
2,20.63,70.0,97.69
2,20.63,70.0,83.69
2,20.63,70.0,95.0
2,20.63,70.0,90.69
2,20.63,70.0,80.19
2,20.63,70.0,99.23
2,20.63,70.0,90.94
2,20.63,70.0,97.13
2,20.63,80.0,90.19
2,20.63,180.0,222.94
2,20.63,70.0,107.5
2,20.63,70.0,90.13
2,20.63,70.0,106.97
2,20.63,70.0,99.23
2,20.63,70.0,82.69
2,20.63,70.0,90.55
2,20.63,70.0,97.13
2,20.63,77.2,81.45
2,20.63,70.0,94.25
2,20.63,70.0,104.88
2,20.63,97.9,122.65
2,20.63,70.0,98.88
2,20.63,77.2,97.74
2,20.63,70.0,101.88
2,20.63,70.0,88.69
2,20.63,70.0,95.09
2,20.63,70.0,82.69
2,20.63,76.5,104.88
2,20.63,70.0,113.47
2,20.63,70.0,99.23
2,20.63,80.7,99.95
2,20.63,70.0,89.03
2,20.63,70.0,105.22
2,20.63,70.0,98.88
2,20.63,82.8,87.05
2,20.63,77.2,84.95
2,20.63,70.0,99.23
2,20.63,70.0,88.44
2,20.63,76.5,87.69
2,20.63,70.0,80.75
2,20.63,70.0,92.69
2,20.63,99.3,142.42
2,20.63,75.8,105.87
2,20.63,70.0,82.69
2,20.63,70.0,99.23
2,20.63,70.0,96.23
2,20.63,70.0,99.23
2,20.63,70.0,90.55
2,20.63,70.0,99.23
2,20.63,87.7,101.95
2,20.63,76.5,96.55
2,20.63,70.0,103.36
2,20.63,70.0,94.25
2,20.63,70.0,99.23
2,20.63,70.0,94.94
2,20.63,70.0,82.69
2,20.63,101.4,134.28
2,20.63,70.0,94.25
2,20.63,70.0,95.88
2,20.63,78.0,91.5
2,20.63,70.0,104.88
2,20.63,70.0,87.69
2,20.63,78.6,86.85
2,20.63,105.9,125.15
2,20.63,70.0,104.88
2,20.63,70.0,98.88
2,20.63,70.0,103.36
2,20.63,70.0,80.19
2,20.63,70.0,102.92
2,20.63,70.0,80.94
2,20.62,70.0,75.75
2,20.62,70.0,98.88
2,20.62,70.0,90.55
2,20.62,75.1,86.29
2,20.62,70.0,80.19
2,20.62,70.0,85.75
2,20.62,70.0,95.09
2,20.62,70.0,80.94
2,20.62,70.0,90.69
2,20.62,70.0,98.88
2,20.62,70.0,80.94
2,20.62,70.0,90.0
2,20.62,70.0,92.69
2,20.62,84.9,88.15
2,20.62,70.0,99.23
2,20.62,70.0,99.23
2,20.62,70.0,82.69
2,20.62,77.9,98.23
2,20.62,70.0,99.23
2,20.62,70.0,90.19
2,20.62,70.0,95.09
2,20.62,70.0,92.69
2,20.62,75.1,86.29
2,20.62,70.0,88.8
2,20.62,86.3,129.31
2,20.62,76.5,95.7
2,20.62,70.0,80.94
2,20.62,70.0,105.23
2,20.62,70.0,90.94
2,20.62,70.0,86.82
2,20.62,70.0,86.0
2,20.62,70.0,95.94
2,20.62,70.0,98.88
2,20.62,70.0,97.13
2,20.62,70.0,80.19
2,20.62,70.0,98.88
2,20.62,70.0,87.69
2,20.62,70.0,97.13
2,20.62,76.5,93.6
2,20.62,70.0,90.9
2,20.62,70.0,98.88
2,20.62,70.0,96.23
2,20.62,90.5,96.25
2,20.62,70.0,90.69
2,20.62,70.0,98.88
2,20.62,87.7,113.04
2,20.62,70.0,98.88
2,20.62,70.0,99.91
2,20.62,70.0,102.92
2,20.62,70.0,96.23
2,20.62,70.0,95.88
2,20.62,70.0,90.55
2,20.62,70.0,99.23
2,20.62,70.0,96.23
2,20.62,70.0,94.25
2,20.62,77.9,82.15
2,20.62,70.0,90.55
2,20.62,70.0,96.9
2,20.62,98.6,148.18
2,20.62,70.0,87.69
2,20.62,70.0,95.88
2,20.62,70.0,98.88
2,20.62,70.0,90.69
2,20.62,70.0,100.94
2,20.62,70.0,82.69
2,20.62,70.0,99.23
2,20.62,70.0,104.88
2,20.62,70.0,83.75
2,20.62,70.0,80.19
2,20.62,70.0,104.88
2,20.62,70.0,104.88
2,20.62,70.0,96.69
2,20.62,116.4,149.13
2,20.62,70.0,88.8
2,20.62,89.8,111.31
2,20.62,97.9,134.74
2,20.62,70.0,103.36
2,20.62,76.5,80.75
2,20.61,70.0,99.23
2,20.61,70.0,87.69
2,20.61,70.0,87.69
2,20.61,70.0,96.9
2,20.61,70.0,98.88
2,20.61,70.0,82.69
2,20.61,77.2,97.74
2,20.61,70.0,103.13
2,20.61,70.0,100.69
2,20.61,80.0,90.94
2,20.61,70.0,98.88
2,20.61,70.0,97.13
2,20.61,70.0,82.69
2,20.61,70.0,98.88
2,20.61,97.9,126.75
2,20.61,70.0,87.69
2,20.61,135.0,173.25
2,20.61,70.0,99.23
2,20.61,76.5,82.25
2,20.61,70.0,94.25
2,20.61,70.0,92.69
2,20.61,70.0,97.13
2,20.61,70.0,91.75
2,20.61,70.0,90.94
2,20.61,70.0,82.69
2,20.61,70.0,107.69
2,20.61,70.0,98.05
2,20.61,77.9,81.15
2,20.61,70.0,99.23
2,20.61,70.0,83.69
2,20.61,70.0,97.13
2,20.61,84.5,96.69
2,20.61,70.0,106.97
2,20.61,70.0,90.69
2,20.61,70.0,98.88
2,20.61,70.0,102.69
2,20.61,70.0,87.69
2,20.61,98.6,142.98
2,20.61,70.0,100.94
2,20.61,77.2,97.39
2,20.61,70.0,82.69
2,20.61,70.0,104.88
2,20.61,77.9,81.15
2,20.61,70.0,80.75
2,20.61,70.0,98.88
2,20.61,97.2,148.3
2,20.61,80.0,96.25
2,20.61,70.0,94.25
2,20.61,70.0,100.84
2,20.61,77.9,98.23
2,20.61,70.0,98.88
2,20.61,70.0,82.69
2,20.61,79.3,107.04
2,20.61,70.0,90.9
2,20.61,70.0,97.13
2,20.61,70.0,97.13
2,20.61,70.0,103.36
2,20.61,85.6,95.79
2,20.61,70.0,82.69
2,20.61,78.6,82.85
2,20.61,70.0,86.94
2,20.61,70.0,90.55
2,20.61,79.3,98.71
2,20.61,98.6,139.78
2,20.61,70.0,102.92
2,20.61,70.0,75.75
2,20.61,70.0,98.88
2,20.61,95.8,122.8
2,20.61,70.0,95.88
2,20.61,70.0,98.88
2,20.61,70.0,87.69
2,20.61,70.0,97.13
2,20.61,70.0,103.36
2,20.61,84.9,90.65
2,20.61,70.0,98.88
2,20.61,70.0,80.19
2,20.61,70.0,97.13
2,20.61,70.0,98.88
2,20.61,70.0,98.88
2,20.61,70.0,97.13
2,20.61,70.0,82.69
2,20.61,70.0,98.88
2,20.61,70.0,97.13
2,20.61,70.0,98.88
1,20.6,70.0,99.19
1,20.6,70.0,99.19
1,20.6,70.0,82.69
1,20.6,70.0,99.19
1,20.6,120.6,131.79
2,20.6,70.0,90.19
1,20.6,79.3,101.99
1,20.6,84.2,104.9
1,20.6,70.0,101.14
1,20.6,48.5,50.0
1,20.6,96.5,146.6
1,20.6,70.0,87.69
2,20.6,70.0,75.75
1,20.6,70.0,90.9
1,20.6,81.4,103.6
1,20.6,70.0,105.23
1,20.6,70.0,99.19
2,20.6,80.7,100.74
1,20.6,70.0,80.19
1,20.6,63.5,65.0
1,20.6,70.0,99.19
1,20.6,70.0,107.39
1,20.6,100.7,119.45
2,20.6,70.0,83.44
2,20.6,70.0,96.55
1,20.6,70.0,96.69
2,20.6,70.0,94.8
2,20.6,70.0,74.0
2,20.6,70.0,95.88
2,20.6,70.0,97.13
2,20.6,80.7,86.45
2,20.6,96.5,149.1
1,20.6,55.5,57.0
1,20.6,70.0,99.19
2,20.6,70.0,98.88
1,20.6,70.0,74.0
1,20.6,76.5,87.69
1,20.6,70.0,90.9
2,20.6,70.0,98.88
1,20.6,70.0,87.69
2,20.6,79.3,91.99
1,20.6,70.0,92.69
2,20.6,70.0,95.09
1,20.6,70.0,80.19
2,20.6,70.0,98.88
1,20.6,70.0,97.69
2,20.6,70.0,98.88
1,20.6,70.0,97.69
1,20.6,70.0,76.0
1,20.6,62.5,64.0
2,20.6,70.0,102.94
1,20.6,82.1,85.35
1,20.6,70.0,80.19
2,20.6,70.0,96.55
1,20.6,70.0,99.24
1,20.6,70.0,103.09
1,20.6,78.6,90.54
1,20.6,70.0,99.24
1,20.6,77.2,86.64
1,20.6,80.0,93.44
1,20.6,70.0,99.69
1,20.6,75.8,94.85
1,20.6,70.0,95.75
1,20.6,64.5,66.0
1,20.6,70.0,88.8
2,20.6,70.0,92.69
1,20.6,70.0,99.19
2,20.6,70.0,87.69
1,20.6,77.9,91.65
1,20.6,70.0,105.24
1,20.6,74.4,91.08
1,20.6,70.0,92.22
2,20.6,70.0,94.25
1,20.6,70.0,93.08
1,20.6,58.5,60.0
1,20.6,70.0,90.65
1,20.6,80.7,95.0
1,20.6,70.0,97.13
1,20.6,70.0,96.19
1,20.6,82.8,104.46
1,20.6,87.0,91.09
1,20.6,70.0,109.61
1,20.6,70.0,99.19
1,20.6,70.0,80.75
1,20.6,70.0,92.69
1,20.6,98.6,120.35
1,20.6,57.5,65.94
1,20.6,78.5,80.0
1,20.6,70.0,90.9
1,20.6,70.0,80.94
2,20.6,80.7,95.45
1,20.6,70.0,80.94
1,20.6,99.6,113.04
1,20.6,70.0,87.69
1,20.6,44.5,46.0
1,20.6,70.0,82.69
1,20.6,70.0,99.19
1,20.6,70.0,82.69
1,20.6,70.0,82.69
1,20.6,82.8,84.3
1,20.6,98.6,140.93
2,20.6,70.0,95.88
1,20.6,70.0,80.27
1,20.6,70.0,99.23
1,20.6,98.2,113.39
2,20.6,70.0,82.69
1,20.6,70.0,99.19
1,20.6,70.0,99.24
1,20.6,58.5,60.0
2,20.6,70.0,80.94
1,20.6,70.0,90.44
1,20.6,70.0,104.63
2,20.6,70.0,96.9
2,20.6,70.0,80.19
2,20.6,70.0,95.09
1,20.6,54.5,56.0
1,20.6,97.2,148.88
1,20.6,79.3,100.25
1,20.6,70.0,96.94
1,20.6,80.7,90.89
1,20.6,128.3,146.55
1,20.6,70.0,103.34
1,20.6,75.1,80.85
1,20.6,70.0,97.09
2,20.6,70.0,82.69
2,20.6,70.0,90.55
1,20.6,70.0,88.8
1,20.6,70.0,80.19
1,20.6,70.0,99.19
1,20.6,77.9,106.35
1,20.6,70.0,74.0
1,20.6,70.0,90.9
1,20.6,70.0,82.69
2,20.6,70.0,83.33
1,20.6,70.0,101.0
2,20.6,70.0,98.88
1,20.6,70.0,99.19
2,20.6,70.0,97.95
2,20.6,70.0,94.25
1,20.6,70.0,103.34
2,20.6,70.0,102.23
1,20.6,64.5,72.94
1,20.6,70.0,103.34
2,20.6,70.0,98.88
1,20.6,70.0,103.34
2,20.6,70.0,98.88
1,20.6,70.0,82.69
1,20.6,76.5,94.75
2,20.6,75.8,89.05
2,20.6,79.3,98.71
1,20.6,70.0,105.19
1,20.6,70.0,75.75
2,20.6,70.0,96.23
1,20.6,60.5,68.94
1,20.6,70.0,85.19
2,20.6,70.0,93.08
1,20.6,52.5,54.0
1,20.6,70.0,75.75
1,20.6,84.2,89.45
1,20.6,70.0,82.69
1,20.6,70.0,99.19
2,20.6,70.0,82.69
1,20.6,70.0,91.57
1,20.6,80.7,90.89
1,20.6,55.5,57.0
2,20.6,70.0,104.88
1,20.6,70.0,93.75
2,20.6,70.0,85.19
2,20.6,70.0,99.23
1,20.6,70.0,103.34
1,20.6,70.0,99.19
2,20.6,70.0,88.8
2,20.6,75.1,93.67
1,20.6,48.5,50.0
1,20.6,97.2,161.3
2,20.6,70.0,82.69
1,20.6,70.0,80.19
2,20.6,70.0,98.88
2,20.6,70.0,82.75
1,20.6,70.0,90.19
1,20.6,77.2,86.45
1,20.6,70.0,105.19
2,20.6,70.0,80.19
1,20.6,62.5,64.0
2,20.6,70.0,97.69
2,20.6,79.3,102.06
1,20.6,102.1,103.1
1,20.6,70.0,99.24
1,20.6,70.0,90.75
1,20.6,70.0,97.09
1,20.6,70.0,97.09
1,20.6,75.1,95.2
1,20.6,48.5,50.0
1,20.6,70.0,80.19
2,20.6,82.1,105.29
2,20.6,70.0,101.17
1,20.6,70.0,99.19
1,20.6,70.0,99.23
2,20.6,70.0,113.47
1,20.6,70.0,103.34
1,20.6,70.0,99.19
1,20.6,38.5,40.0
2,20.6,70.0,98.88
2,20.6,80.0,99.55
1,20.6,70.0,90.69
1,20.6,70.0,99.19
1,20.6,70.0,82.69
2,20.6,79.3,95.49
1,20.6,70.0,92.69
2,20.6,70.0,99.23
1,20.6,70.0,99.19
1,20.6,95.8,145.83
1,20.6,70.0,80.94
2,20.6,70.0,92.94
1,20.6,90.5,94.5
1,20.6,70.0,105.19
1,20.6,78.6,82.85
2,20.6,70.0,80.19
2,20.6,70.0,95.88
2,20.6,70.0,98.88
1,20.6,70.0,99.19
1,20.6,70.0,97.09
1,20.6,77.9,97.35
1,20.6,70.0,90.6
1,20.6,70.0,90.9
1,20.6,70.0,99.19
1,20.6,70.0,82.69
2,20.6,85.69,108.78
1,20.6,70.0,82.69
1,20.6,70.0,87.69
1,20.6,70.0,82.69
1,20.6,70.0,87.69
2,20.6,70.0,87.69
1,20.6,70.0,94.94
2,20.6,70.0,99.8
1,20.6,70.0,80.19
1,20.6,70.0,81.94
2,20.6,70.0,104.88
1,20.6,70.0,89.0
1,20.6,70.0,80.19
2,20.6,70.0,92.69
2,20.6,102.8,151.06
1,20.6,70.0,97.69
2,20.6,70.0,90.9
1,20.6,95.8,143.9
1,20.6,70.0,90.9
2,20.6,75.8,85.05
2,20.6,70.0,95.09
1,20.6,70.0,89.03
1,20.6,102.1,127.48
2,20.6,70.0,100.24
1,20.6,70.0,82.69
2,20.6,70.0,96.69
1,20.6,70.0,105.19
2,20.6,70.0,98.88
2,20.6,70.0,88.8
1,20.6,70.0,99.19
1,20.6,88.4,98.59
1,20.6,58.5,66.94
2,20.6,70.0,75.75
1,20.6,70.0,75.75
2,20.6,102.1,133.48
1,20.6,102.1,140.48
1,20.6,70.0,105.19
2,20.6,76.5,98.35
1,20.6,70.0,99.19
1,20.6,58.5,66.94
2,20.6,70.0,82.69
1,20.6,70.0,105.19
1,20.6,70.0,82.69
1,20.6,57.5,65.94
1,20.6,70.0,99.24
1,20.6,70.0,99.24
1,20.6,80.7,100.7
1,20.6,70.0,100.19
1,20.6,77.9,88.09
2,20.6,70.0,132.69
2,20.6,70.0,96.55
1,20.6,76.5,96.9
1,20.6,70.0,99.19
1,20.6,66.5,68.0
1,20.6,70.0,90.94
2,20.6,70.0,104.88
1,20.6,70.0,93.08
1,20.6,59.5,61.0
2,20.59,79.3,99.06
2,20.59,70.0,80.94
2,20.59,70.0,105.23
2,20.59,70.0,92.69
2,20.59,70.0,94.69
2,20.59,70.0,90.55
2,20.59,70.0,98.88
2,20.59,70.0,102.92
2,20.59,70.0,80.19
2,20.59,70.0,90.55
2,20.59,80.0,93.25
2,20.59,70.0,101.17
2,20.59,70.0,77.75
2,20.59,70.0,101.97
2,20.59,78.6,97.87
2,20.59,70.0,97.69
2,20.59,70.0,75.75
2,20.59,70.0,95.09
2,20.59,70.0,103.36
2,20.59,76.5,87.69
2,20.59,70.0,95.09
2,20.59,70.0,80.94
2,20.59,70.0,109.17
2,20.59,70.0,97.13
2,20.59,77.9,82.15
2,20.59,70.0,88.8
2,20.59,78.6,91.85
2,20.59,75.1,91.35
2,20.59,82.1,105.07
2,20.59,70.0,99.8
2,20.59,70.0,98.88
2,20.59,70.0,90.55
2,20.59,76.5,87.69
2,20.59,70.0,99.23
2,20.59,70.0,90.69
2,20.59,70.0,84.69
2,20.59,70.0,104.88
2,20.59,70.0,97.13
2,20.59,70.0,99.23
2,20.59,70.0,98.88
2,20.59,70.0,90.55
2,20.59,70.0,99.23
2,20.59,70.0,88.21
2,20.59,90.5,96.25
2,20.59,70.0,177.69
2,20.59,70.0,85.75
2,20.59,70.0,98.88
2,20.59,70.0,95.09
2,20.59,70.0,104.88
2,20.59,70.0,92.94
2,20.59,70.0,99.23
2,20.59,70.0,80.75
2,20.59,70.0,92.22
2,20.59,70.0,95.69
2,20.59,97.5,132.13
2,20.59,70.0,87.69
2,20.59,70.0,90.96
2,20.59,70.0,90.55
2,20.59,70.0,98.88
2,20.59,70.0,97.13
2,20.59,79.3,83.55
2,20.59,70.0,80.19
2,20.59,70.0,85.19
2,20.59,81.4,97.59
2,20.59,70.0,85.75
2,20.59,70.0,82.69
2,20.59,97.2,143.04
2,20.59,77.2,82.95
2,20.59,102.1,155.82
2,20.59,70.0,80.19
2,20.59,70.0,106.97
2,20.59,70.0,97.13
2,20.59,122.7,153.79
2,20.59,70.0,98.88
2,20.59,79.3,103.55
2,20.59,70.0,104.88
2,20.59,70.0,98.88
2,20.59,70.0,90.96
2,20.59,75.1,88.54
2,20.59,70.0,80.75
2,20.59,79.3,82.55
2,20.59,77.2,99.19
2,20.59,77.9,97.03
2,20.59,70.0,98.88
2,20.59,70.0,90.55
2,20.59,99.3,131.05
2,20.59,77.9,102.25
2,20.59,77.9,93.15
2,20.59,70.0,80.0
2,20.59,70.0,111.72
2,20.59,70.0,96.23
2,20.59,70.0,90.96
2,20.59,70.0,90.21
2,20.59,81.4,104.23
2,20.59,70.0,95.19
2,20.59,70.0,98.88
2,20.58,70.0,87.11
2,20.58,70.0,97.69
2,20.58,70.0,100.69
2,20.58,70.0,88.21
2,20.58,70.0,82.69
2,20.58,70.0,98.88
2,20.58,70.0,97.94
2,20.58,70.0,97.13
2,20.58,70.0,98.88
2,20.58,70.0,98.88
2,20.58,70.0,113.21
2,20.58,77.9,88.84
2,20.58,70.0,102.92
2,20.58,77.2,80.45
2,20.58,70.0,75.75
2,20.58,82.5,100.91
2,20.58,70.0,98.88
2,20.58,86.3,120.89
2,20.58,70.0,95.88
2,20.58,70.0,109.61
2,20.58,75.8,80.05
2,20.58,70.0,98.88
2,20.58,119.2,147.79
2,20.58,70.0,103.13
2,20.58,70.0,98.88
2,20.58,77.2,86.45
2,20.58,70.0,99.23
2,20.58,90.5,142.45
2,20.58,70.0,102.92
2,20.58,70.0,104.88
2,20.58,70.0,97.13
2,20.58,70.0,97.13
2,20.58,78.5,108.48
2,20.58,70.0,99.8
2,20.58,75.8,85.99
2,20.58,70.0,82.69
2,20.58,70.0,99.23
2,20.58,70.0,102.92
2,20.58,87.0,117.94
2,20.58,77.9,92.15
2,20.58,70.0,88.21
2,20.58,70.0,85.94
2,20.58,70.0,87.69
2,20.58,75.1,79.35
2,20.58,70.0,96.69
2,20.58,70.0,85.75
2,20.58,70.0,95.88
2,20.58,100.0,154.15
2,20.58,70.0,97.13
2,20.58,70.0,90.96
2,20.58,70.0,82.69
2,20.58,75.8,85.99
2,20.58,70.0,106.97
2,20.58,70.0,92.69
2,20.58,70.0,106.97
2,20.58,70.0,97.13
2,20.58,70.0,75.75
2,20.58,70.0,102.69
2,20.58,70.0,99.23
2,20.58,76.5,115.42
2,20.58,70.0,98.88
2,20.58,70.0,99.23
2,20.58,70.0,96.69
2,20.58,70.0,98.88
2,20.58,70.0,82.69
2,20.58,70.0,102.23
2,20.58,70.0,75.75
2,20.58,70.0,104.88
2,20.58,76.5,86.69
2,20.58,70.0,104.88
2,20.58,75.1,99.29
2,20.58,70.0,95.88
2,20.58,70.0,74.0
2,20.58,70.0,83.19
2,20.58,70.0,88.8
2,20.58,70.0,99.23
2,20.58,77.2,82.95
2,20.58,76.5,90.19
2,20.58,70.0,99.8
2,20.58,70.0,97.69
2,20.58,83.5,117.19
2,20.58,80.7,96.95
2,20.58,70.0,98.88
2,20.57,70.0,82.69
2,20.57,70.0,94.58
2,20.57,70.0,100.24
2,20.57,70.0,80.19
2,20.57,76.5,86.69
2,20.57,70.0,83.44
2,20.57,70.0,92.69
2,20.57,70.0,90.55
2,20.57,70.0,78.44
2,20.57,70.0,102.92
2,20.57,70.0,98.88
2,20.57,70.0,90.55
2,20.57,77.2,99.54
2,20.57,100.0,123.25
2,20.57,70.0,90.55
2,20.57,76.5,80.75
2,20.57,70.0,82.75
2,20.57,70.0,98.88
2,20.57,70.0,100.69
2,20.57,70.0,82.69
2,20.57,70.0,98.88
2,20.57,70.0,99.23
2,20.57,70.0,75.75
2,20.57,70.0,90.55
2,20.57,70.0,102.92
2,20.57,70.0,85.75
2,20.57,70.0,104.88
2,20.57,70.0,98.88
2,20.57,87.0,99.27
2,20.57,70.0,90.19
2,20.57,70.0,85.94
2,20.57,70.0,98.88
2,20.57,70.0,76.75
2,20.57,70.0,85.75
2,20.57,70.0,85.19
2,20.57,70.0,85.69
2,20.57,70.0,85.19
2,20.57,70.0,90.55
2,20.57,70.0,98.88
2,20.57,70.0,82.69
2,20.57,70.0,104.88
2,20.57,70.0,98.88
2,20.57,82.8,102.91
2,20.57,70.0,95.09
2,20.57,70.0,109.17
2,20.57,80.0,99.0
2,20.57,102.1,160.63
2,20.57,70.0,90.19
2,20.57,70.0,90.55
2,20.57,70.0,92.69
2,20.57,70.0,99.23
2,20.57,70.0,99.23
2,20.57,101.0,126.0
2,20.57,70.0,98.88
2,20.57,70.0,90.69
2,20.57,70.0,82.69
2,20.57,97.2,119.59
2,20.57,82.1,85.35
2,20.57,99.3,130.3
2,20.57,70.0,82.69
2,20.57,70.0,98.88
2,20.57,70.0,95.09
2,20.57,81.4,100.22
2,20.57,70.0,98.88
2,20.57,70.0,98.88
2,20.57,78.6,83.6
2,20.57,70.0,109.61
2,20.57,97.9,121.0
2,20.57,70.0,74.0
2,20.57,102.8,127.8
2,20.57,70.0,96.69
2,20.57,70.0,92.69
2,20.57,70.0,82.69
2,20.57,70.0,100.69
2,20.57,70.0,104.88
2,20.57,70.0,83.25
2,20.57,70.0,94.25
2,20.57,70.0,98.88
2,20.56,76.5,124.01
2,20.56,70.0,88.94
2,20.56,70.0,98.88
2,20.56,70.0,98.88
2,20.56,70.0,98.88
2,20.56,70.0,95.94
2,20.56,70.0,90.55
2,20.56,70.0,95.19
2,20.56,70.0,97.13
2,20.56,97.9,150.07
2,20.56,95.4,113.65
2,20.56,70.0,101.17
2,20.56,70.0,82.69
2,20.56,78.6,97.87
2,20.56,70.0,94.69
2,20.56,70.0,98.88
2,20.56,70.0,98.88
2,20.56,70.0,109.17
2,20.56,79.3,94.49
2,20.56,70.0,104.88
2,20.56,70.0,82.69
2,20.56,70.0,76.75
2,20.56,79.3,89.49
2,20.56,70.0,99.23
2,20.56,70.0,90.78
2,20.56,70.0,98.88
2,20.56,70.0,103.36
2,20.56,92.6,105.29
2,20.56,70.0,88.19
2,20.56,70.0,82.69
2,20.56,70.0,94.25
2,20.56,70.0,96.23
2,20.56,70.0,75.75
2,20.56,79.3,83.3
2,20.56,70.0,90.9
2,20.56,70.0,82.69
2,20.56,70.0,95.09
2,20.56,85.0,116.28
2,20.56,77.2,80.45
2,20.56,70.0,82.69
2,20.56,70.0,90.96
2,20.56,70.0,78.44
2,20.56,70.0,80.75
2,20.56,70.0,97.57
2,20.56,70.0,105.23
2,20.56,80.0,107.69
2,20.56,70.0,105.23
2,20.56,70.0,98.88
2,20.56,84.9,119.8
2,20.56,70.0,87.69
2,20.56,80.7,111.72
2,20.56,70.0,106.97
2,20.56,70.0,99.23
2,20.56,70.0,98.88
2,20.56,70.0,92.69
2,20.56,70.0,90.19
2,20.56,70.0,87.69
2,20.56,70.0,99.23
2,20.56,70.0,99.23
2,20.56,70.0,105.23
2,20.56,70.0,80.19
2,20.56,70.0,98.88
2,20.56,70.0,95.09
2,20.56,75.1,92.99
2,20.56,70.0,94.25
2,20.56,70.0,85.19
2,20.56,76.5,95.35
2,20.56,70.0,82.75
2,20.56,70.0,97.69
2,20.56,123.4,151.63
2,20.56,70.0,80.19
2,20.56,70.0,104.88
2,20.56,76.5,80.75
2,20.56,70.0,100.09
2,20.56,70.0,94.13
2,20.56,110.1,142.87
2,20.56,70.0,86.74
2,20.56,70.0,82.69
2,20.55,70.0,96.23
2,20.55,70.0,90.55
2,20.55,70.0,98.88
2,20.55,70.0,99.8
2,20.55,70.0,104.88
2,20.55,70.0,102.92
2,20.55,86.3,104.55
2,20.55,95.0,161.25
2,20.55,70.0,98.88
2,20.55,97.9,149.88
2,20.55,70.0,99.69
2,20.55,70.0,99.23
2,20.55,99.3,138.06
2,20.55,70.0,104.88
2,20.55,70.0,90.55
2,20.55,70.0,101.88
2,20.55,126.2,154.99
2,20.55,70.0,90.55
2,20.55,75.8,79.05
2,20.55,80.7,90.89
2,20.55,70.0,94.69
2,20.55,70.0,98.88
2,20.55,70.0,90.19
2,20.55,70.0,98.88
2,20.55,70.0,92.69
2,20.55,70.0,98.88
2,20.55,75.8,104.04
2,20.55,70.0,105.23
2,20.55,84.2,115.92
2,20.55,70.0,98.88
2,20.55,70.0,98.88
2,20.55,86.3,89.55
2,20.55,70.0,95.09
2,20.55,121.3,150.66
2,20.55,75.8,80.05
2,20.55,70.0,99.23
2,20.55,97.9,142.98
2,20.55,130.0,151.53
2,20.55,70.0,82.69
2,20.55,70.0,96.9
2,20.55,70.0,98.88
2,20.55,70.0,95.09
2,20.55,150.0,155.25
2,20.55,70.0,89.69
2,20.55,70.0,102.92
2,20.55,82.1,93.29
2,20.55,97.2,126.58
2,20.55,70.0,90.55
2,20.55,70.0,101.18
2,20.55,70.0,94.25
2,20.55,75.8,90.05
2,20.55,70.0,90.99
2,20.55,80.7,100.39
2,20.55,70.0,97.13
2,20.55,70.0,82.69
2,20.55,70.0,80.19
2,20.55,70.0,87.11
2,20.55,70.0,98.88
2,20.55,82.69,87.94
2,20.55,70.0,99.8
2,20.55,70.0,97.95
2,20.55,75.8,88.49
2,20.55,70.0,85.19
2,20.55,70.0,97.69
2,20.55,70.0,80.94
2,20.55,70.0,90.69
2,20.55,70.0,99.23
2,20.55,88.4,94.15
2,20.55,70.0,96.23
2,20.55,70.0,77.75
2,20.55,70.0,96.55
2,20.55,70.0,101.17
2,20.55,70.0,81.75
2,20.55,70.0,95.88
2,20.55,70.0,94.25
2,20.55,70.0,90.94
2,20.55,70.0,99.23
2,20.55,70.0,96.23
2,20.55,70.0,90.75
2,20.55,84.9,108.43
2,20.55,70.0,87.69
2,20.55,70.0,95.09
2,20.55,70.0,98.88
2,20.55,70.0,98.88
2,20.54,70.0,86.69
2,20.54,70.0,82.69
2,20.54,70.0,92.69
2,20.54,70.0,102.92
2,20.54,70.0,88.19
2,20.54,77.2,97.39
2,20.54,77.2,87.39
2,20.54,70.0,82.69
2,20.54,70.0,99.23
2,20.54,70.0,97.13
2,20.54,70.0,94.19
2,20.54,70.0,98.88
2,20.54,70.0,107.42
2,20.54,70.0,103.13
2,20.54,70.0,90.55
2,20.54,70.0,82.75
2,20.54,80.7,111.72
2,20.54,70.0,102.92
2,20.54,100.7,137.34
2,20.54,70.0,83.33
2,20.54,70.0,100.69
2,20.54,70.0,102.92
2,20.54,80.0,95.94
2,20.54,78.6,89.54
2,20.54,90.5,101.25
2,20.54,70.0,73.25
2,20.54,70.0,104.88
2,20.54,70.0,104.88
2,20.54,70.0,95.88
2,20.54,70.0,90.69
2,20.54,70.0,93.08
2,20.54,70.0,88.75
2,20.54,100.0,141.0
2,20.54,70.0,84.7
2,20.54,70.0,100.84
2,20.54,75.1,79.35
2,20.54,97.2,116.95
2,20.54,70.0,98.88
2,20.54,75.8,89.71
2,20.54,70.0,101.88
2,20.54,70.0,97.13
2,20.54,70.0,99.23
2,20.54,83.5,103.75
2,20.54,70.0,80.94
2,20.54,70.0,75.75
2,20.54,70.0,92.69
2,20.54,98.6,122.98
2,20.54,70.0,99.23
2,20.54,70.0,99.23
2,20.54,70.0,102.92
2,20.54,70.0,99.63
2,20.54,70.0,97.57
2,20.54,70.0,98.88
2,20.54,70.0,97.13
2,20.54,74.4,101.16
2,20.54,70.0,98.88
2,20.54,70.0,103.36
2,20.54,70.0,97.13
2,20.54,70.0,98.88
2,20.54,70.0,85.69
2,20.54,70.0,98.88
2,20.54,70.0,94.69
2,20.54,70.0,90.55
2,20.54,70.0,104.88
2,20.54,70.0,80.19
2,20.54,70.0,80.75
2,20.54,70.0,105.23
2,20.54,70.0,98.88
2,20.54,70.0,88.19
2,20.54,70.0,90.55
2,20.54,70.0,104.88
2,20.54,70.0,90.55
2,20.54,70.0,82.69
2,20.54,70.0,85.94
2,20.54,80.0,102.9
2,20.54,103.1,118.29
2,20.54,70.0,92.69
2,20.54,70.0,80.75
2,20.54,70.0,97.13
2,20.54,86.3,90.55
2,20.54,76.5,94.8
2,20.54,77.9,98.23
2,20.54,70.0,97.69
2,20.54,70.0,90.69
2,20.54,70.0,101.88
2,20.54,70.0,98.88
2,20.54,70.0,106.97
2,20.54,70.0,98.88
2,20.54,70.0,86.82
2,20.54,70.0,98.88
2,20.53,70.0,87.69
2,20.53,70.0,102.92
2,20.53,70.0,92.94
2,20.53,70.0,99.23
2,20.53,70.0,75.75
2,20.53,70.0,94.25
2,20.53,117.8,141.55
2,20.53,70.0,100.86
2,20.53,70.0,98.88
2,20.53,70.0,95.09
2,20.53,70.0,92.22
2,20.53,70.0,101.17
2,20.53,70.0,99.23
2,20.53,76.5,79.75
2,20.53,70.0,111.72
2,20.53,70.0,85.69
2,20.53,70.0,88.69
2,20.53,70.0,92.19
2,20.53,110.5,180.3
2,20.53,78.6,100.87
2,20.53,70.0,97.69
2,20.53,70.0,98.88
2,20.53,77.2,90.45
2,20.53,98.6,128.85
2,20.53,70.0,95.88
2,20.53,82.8,108.62
2,20.53,70.0,75.75
2,20.53,70.0,87.69
2,20.53,70.0,87.69
2,20.53,70.0,98.88
2,20.53,70.0,95.88
2,20.53,70.0,90.96
2,20.53,70.0,82.69
2,20.53,70.0,80.94
2,20.53,84.2,127.97
2,20.53,96.1,99.35
2,20.53,70.0,99.23
2,20.53,81.4,102.78
2,20.53,70.0,80.19
2,20.53,78.6,89.54
2,20.53,85.0,88.5
2,20.53,77.2,80.45
2,20.53,70.0,98.88
2,20.53,70.0,106.97
2,20.53,70.0,90.55
2,20.53,70.0,98.88
2,20.53,70.0,98.88
2,20.53,70.0,92.22
2,20.53,97.9,153.06
2,20.53,70.0,90.9
2,20.53,97.9,151.42
2,20.53,87.0,110.4
2,20.53,70.0,97.13
2,20.53,70.0,102.23
2,20.53,87.7,123.12
2,20.53,95.8,111.18
2,20.53,70.0,97.13
2,20.53,70.0,104.88
2,20.53,70.0,96.23
2,20.53,98.6,140.98
2,20.53,74.4,81.15
2,20.53,70.0,95.75
2,20.53,70.0,82.69
2,20.53,70.0,101.88
2,20.53,70.0,87.69
2,20.53,70.0,90.19
2,20.53,70.0,97.79
2,20.53,70.0,98.88
2,20.53,77.9,98.23
2,20.53,85.0,116.28
2,20.53,77.2,97.39
2,20.53,70.0,87.69
2,20.53,70.0,92.69
2,20.53,70.0,80.94
2,20.53,70.0,91.8
2,20.53,70.0,104.88
2,20.53,70.0,97.13
2,20.53,143.7,187.46
2,20.52,70.0,90.9
2,20.52,87.7,117.12
2,20.52,70.0,92.5
2,20.52,70.0,95.09
2,20.52,77.9,87.15
2,20.52,97.9,134.74
2,20.52,70.0,87.69
2,20.52,70.0,87.69
2,20.52,70.0,84.69
2,20.52,70.0,87.75
2,20.52,70.0,97.13
2,20.52,70.0,109.17
2,20.52,77.2,96.45
2,20.52,70.0,82.69
2,20.52,70.0,96.44
2,20.52,70.0,80.19
2,20.52,70.0,90.9
2,20.52,78.6,102.31
2,20.52,70.0,98.88
2,20.52,70.0,87.69
2,20.52,70.0,92.69
2,20.52,70.0,79.75
2,20.52,70.0,98.88
2,20.52,70.0,99.23
2,20.52,75.8,85.05
2,20.52,70.0,78.44
2,20.52,80.7,95.2
2,20.52,110.0,158.58
2,20.52,70.0,98.88
2,20.52,70.0,98.88
2,20.52,70.0,104.88
2,20.52,70.0,99.23
2,20.52,70.0,82.69
2,20.52,70.0,98.88
2,20.52,70.0,82.69
2,20.52,70.0,80.19
2,20.52,70.0,84.0
2,20.52,99.3,129.8
2,20.52,70.0,97.13
2,20.52,70.0,105.23
2,20.52,70.0,86.69
2,20.52,70.0,82.69
2,20.52,70.0,101.88
2,20.52,70.0,96.69
2,20.52,100.7,147.7
2,20.52,70.0,90.55
2,20.52,70.0,109.17
2,20.52,61.8,77.74
2,20.52,70.0,104.88
2,20.52,70.0,82.69
2,20.52,84.2,88.2
2,20.52,70.0,90.55
2,20.52,70.0,98.88
2,20.52,75.8,96.06
2,20.52,70.0,101.88
2,20.52,70.0,98.88
2,20.52,70.0,90.55
2,20.52,70.0,109.61
2,20.52,70.0,98.88
2,20.52,70.0,97.13
2,20.52,70.0,82.69
2,20.52,70.0,94.69
2,20.52,70.0,100.5
2,20.52,70.0,92.22
2,20.52,70.0,92.69
2,20.52,75.8,86.99
2,20.52,70.0,100.19
2,20.52,70.0,92.94
2,20.52,70.0,95.09
2,20.52,70.0,102.92
2,20.52,70.0,98.88
2,20.52,70.0,99.23
2,20.52,70.0,101.18
2,20.52,70.0,97.69
2,20.52,70.0,102.92
2,20.52,70.0,98.88
2,20.52,70.0,99.23
2,20.52,70.0,98.88
2,20.52,70.0,100.84
2,20.52,97.2,150.58
2,20.52,75.8,86.99
2,20.52,70.0,82.69
2,20.52,70.0,90.55
2,20.52,70.0,90.19
2,20.52,70.0,99.23
2,20.52,70.0,90.96
2,20.52,82.69,110.51
2,20.52,70.0,96.23
2,20.52,77.2,103.39
2,20.52,70.0,80.19
2,20.51,70.0,85.94
2,20.51,70.0,85.75
2,20.51,70.0,104.88
2,20.51,70.0,90.55
2,20.51,70.0,97.13
2,20.51,70.0,100.69
2,20.51,96.5,141.05
2,20.51,79.3,99.91
2,20.51,70.0,99.23
2,20.51,82.8,92.99
2,20.51,70.0,74.0
2,20.51,70.0,98.88
2,20.51,70.0,94.69
2,20.51,70.0,102.92
2,20.51,70.0,92.69
2,20.51,70.0,87.69
2,20.51,70.0,99.23
2,20.51,70.0,102.92
2,20.51,70.0,80.94
2,20.51,70.0,104.88
2,20.51,89.1,110.47
2,20.51,70.0,99.23
2,20.51,70.0,102.92
2,20.51,70.0,80.19
2,20.51,70.0,90.69
2,20.51,70.0,87.69
2,20.51,70.0,85.75
2,20.51,70.0,90.19
2,20.51,70.0,95.88
2,20.51,70.0,85.75
2,20.51,86.3,90.55
2,20.51,70.0,98.88
2,20.51,70.0,85.75
2,20.51,70.0,90.55
2,20.51,80.7,83.95
2,20.51,70.0,82.69
2,20.51,70.0,97.13
2,20.51,70.0,94.69
2,20.51,70.0,99.23
2,20.51,70.0,97.13
2,20.51,70.0,90.55
2,20.51,70.0,97.69
2,20.51,70.0,104.88
2,20.51,70.0,82.69
2,20.51,150.0,153.5
2,20.51,70.0,82.69
2,20.51,70.0,87.77
2,20.51,70.0,103.36
2,20.51,70.0,98.88
2,20.51,70.0,101.17
2,20.51,70.0,100.69
2,20.51,97.2,120.58
2,20.51,98.6,127.98
2,20.51,70.0,98.88
2,20.51,70.0,90.9
2,20.51,75.1,96.67
2,20.51,104.9,128.22
2,20.51,70.0,101.18
2,20.51,70.0,94.69
2,20.51,70.0,95.88
2,20.51,82.8,90.55
2,20.51,95.1,117.98
2,20.51,70.0,98.88
2,20.51,100.0,146.1
2,20.51,103.5,146.05
2,20.51,70.0,101.17
2,20.51,70.0,82.7
2,20.5,76.5,86.63
2,20.5,70.0,99.23
1,20.5,77.9,105.69
2,20.5,70.0,92.86
1,20.5,75.1,95.2
2,20.5,70.0,93.19
1,20.5,70.0,87.69
1,20.5,70.0,99.19
2,20.5,100.0,118.88
1,20.5,70.0,97.09
1,20.5,70.0,94.65
2,20.5,70.0,78.44
1,20.5,70.0,98.61
1,20.5,53.5,55.0
1,20.5,41.5,43.0
1,20.5,70.0,90.94
1,20.5,70.0,80.19
2,20.5,80.0,89.25
1,20.5,84.9,103.68
1,20.5,70.0,90.9
2,20.5,97.9,105.65
1,20.5,57.5,59.0
1,20.5,79.3,87.55
1,20.5,70.0,80.19
1,20.5,78.6,94.35
1,20.5,75.8,104.05
2,20.5,70.0,99.23
1,20.5,70.0,99.24
1,20.5,78.6,91.85
1,20.5,70.0,78.25
2,20.5,70.0,98.83
1,20.5,77.2,96.55
1,20.5,70.0,92.69
2,20.5,70.0,114.2
2,20.5,119.9,142.15
1,20.5,70.0,90.9
2,20.5,75.1,85.29
1,20.5,70.0,96.9
2,20.5,70.0,75.75
1,20.5,87.0,109.2
2,20.5,150.0,166.0
1,20.5,94.7,118.7
2,20.5,70.0,88.8
1,20.5,70.0,96.19
1,20.5,60.5,68.94
1,20.5,70.0,105.24
1,20.5,97.9,147.28
1,20.5,70.0,92.19
2,20.5,79.3,108.59
2,20.5,70.0,102.92
1,20.5,70.0,109.59
1,20.5,70.0,103.69
2,20.5,70.0,104.88
2,20.5,70.0,99.23
2,20.5,70.0,98.88
1,20.5,57.5,59.0
2,20.5,70.0,99.23
2,20.5,75.8,86.99
2,20.5,70.0,99.23
1,20.5,70.0,95.09
1,20.5,77.2,92.45
1,20.5,70.0,96.46
1,20.5,55.0,56.0
2,20.5,70.0,84.75
2,20.5,70.0,99.23
1,20.5,110.5,157.8
2,20.5,70.0,82.69
1,20.5,70.0,97.69
2,20.5,70.0,95.09
1,20.5,98.6,147.88
1,20.5,70.0,100.19
2,20.5,70.0,94.94
1,20.5,70.0,97.09
1,20.5,70.0,85.94
1,20.5,70.0,87.69
1,20.5,78.6,89.79
2,20.5,70.0,97.13
1,20.5,70.0,80.94
2,20.5,70.0,96.23
1,20.5,70.0,94.69
1,20.5,77.2,91.25
2,20.5,70.0,101.17
2,20.5,70.0,92.5
1,20.5,70.0,96.94
1,20.5,82.8,110.43
1,20.5,70.0,99.19
2,20.5,70.0,105.23
2,20.5,70.0,98.88
1,20.5,70.0,79.0
1,20.5,80.7,90.89
1,20.5,75.1,86.6
1,20.5,49.5,51.0
1,20.5,70.0,97.69
1,20.5,82.8,92.99
1,20.5,70.0,89.81
1,20.5,83.5,111.19
2,20.5,70.0,98.88
1,20.5,75.8,92.05
2,20.5,70.0,96.55
1,20.5,59.5,61.0
1,20.5,70.0,117.67
1,20.5,81.4,99.84
2,20.5,70.0,96.23
2,20.5,70.0,104.88
2,20.5,100.7,122.45
1,20.5,70.0,80.94
1,20.5,70.0,97.09
1,20.5,70.0,105.24
2,20.5,95.8,140.55
2,20.5,84.9,108.78
2,20.5,70.0,104.88
1,20.5,75.1,81.35
2,20.5,79.3,98.37
1,20.5,140.0,191.7
2,20.5,96.5,101.5
2,20.5,70.0,101.88
1,20.5,70.0,82.69
1,20.5,70.0,96.19
2,20.5,70.0,97.13
1,20.5,125.0,167.44
1,20.5,97.9,120.65
1,20.5,70.0,99.19
2,20.5,70.0,102.92
1,20.5,70.0,101.14
1,20.5,70.0,101.14
1,20.5,70.0,97.09
2,20.5,70.0,90.69
1,20.5,23.5,25.0
2,20.5,70.0,88.8
1,20.5,70.0,99.19
1,20.5,70.0,74.0
2,20.5,78.6,81.85
1,20.5,110.5,135.25
1,20.5,80.7,85.7
1,20.5,80.0,85.75
1,20.5,69.5,71.0
1,20.5,70.0,82.69
1,20.5,70.0,109.59
1,20.5,70.0,85.19
1,20.5,70.0,99.19
1,20.5,70.0,105.19
1,20.5,70.0,103.34
1,20.5,36.5,44.94
2,20.5,70.0,105.23
1,20.5,70.0,122.69
1,20.5,75.8,79.05
1,20.5,70.0,92.94
1,20.5,70.0,92.69
1,20.5,77.9,89.84
1,20.5,53.5,55.0
2,20.5,79.3,98.71
2,20.5,70.0,94.53
2,20.5,70.0,90.55
1,20.5,97.2,147.8
1,20.5,70.0,103.47
2,20.5,70.0,101.17
2,20.5,70.0,90.55
1,20.5,70.0,97.09
1,20.5,70.0,102.23
1,20.5,70.0,96.69
1,20.5,70.0,113.99
1,20.5,70.0,101.14
1,20.5,57.5,65.94
1,20.5,82.8,105.74
2,20.5,70.0,82.69
1,20.5,70.0,105.94
1,20.5,70.0,97.69
2,20.5,70.0,97.69
1,20.5,70.0,97.13
1,20.5,99.3,136.38
2,20.5,70.0,82.69
2,20.5,75.8,100.99
2,20.5,70.0,97.69
1,20.5,56.5,58.0
1,20.5,70.0,103.34
1,20.5,70.0,99.19
1,20.5,70.0,99.24
1,20.5,70.0,90.9
2,20.5,70.0,99.23
2,20.5,70.0,90.55
2,20.5,70.0,88.21
2,20.5,70.0,92.69
1,20.5,70.0,97.69
2,20.5,70.0,96.23
1,20.5,70.0,97.09
2,20.5,76.5,85.75
2,20.5,70.0,75.75
1,20.5,70.0,101.14
2,20.5,70.0,87.69
2,20.5,70.0,85.75
2,20.5,70.0,85.85
1,20.5,70.0,80.75
1,20.5,45.5,47.0
1,20.5,100.7,142.08
1,20.5,70.0,85.19
1,20.5,77.9,93.65
1,20.5,70.0,107.69
1,20.5,70.0,82.69
1,20.5,70.0,105.24
2,20.5,70.0,80.75
2,20.5,70.0,104.88
1,20.5,80.7,108.14
1,20.5,70.0,82.69
1,20.5,0.01,2.76
1,20.5,58.5,60.0
2,20.5,70.0,99.23
1,20.5,70.0,75.75
2,20.5,70.0,102.92
1,20.5,78.6,96.23
2,20.5,80.0,84.25
1,20.5,70.0,88.44
1,20.5,70.0,82.69
1,20.5,70.0,96.24
2,20.5,70.0,98.88
1,20.5,97.9,141.96
1,20.5,70.0,99.19
1,20.5,70.0,92.5
2,20.5,70.0,96.23
1,20.5,70.0,95.94
2,20.5,70.0,106.97
1,20.5,70.0,99.24
1,20.5,70.0,87.11
1,20.5,70.0,82.69
2,20.5,70.0,80.19
1,20.5,99.3,100.3
1,20.5,75.8,97.85
1,20.5,70.0,105.19
1,20.5,68.5,70.0
1,20.5,70.0,80.94
1,20.5,70.0,87.69
1,20.5,61.5,69.94
1,20.5,70.0,85.19
1,20.5,70.0,99.24
1,20.5,75.8,110.39
2,20.5,81.4,94.09
1,20.5,54.5,56.0
2,20.5,78.6,82.85
1,20.5,70.0,82.69
1,20.5,70.0,99.24
1,20.5,70.0,99.24
1,20.5,84.2,102.39
1,20.5,70.0,97.13
1,20.5,70.0,97.09
2,20.5,70.0,80.94
1,20.5,70.0,99.19
1,20.5,70.0,85.94
1,20.5,249.0,250.0
2,20.5,70.0,97.13
1,20.5,70.0,100.95
1,20.5,82.1,108.9
1,20.5,70.0,102.69
1,20.5,70.0,97.14
1,20.5,70.0,105.19
1,20.5,70.0,105.19
1,20.5,59.5,61.0
2,20.5,70.0,97.69
1,20.5,70.0,96.9
1,20.5,79.3,99.05
2,20.5,82.8,102.91
1,20.5,70.0,99.19
1,20.5,70.0,99.24
1,20.5,70.0,105.19
1,20.5,70.0,99.19
2,20.5,70.0,97.13
1,20.5,70.0,99.0
1,20.5,70.0,94.69
1,20.5,70.0,95.09
1,20.5,70.0,103.34
1,20.5,70.0,80.19
1,20.5,70.0,96.19
1,20.5,70.0,94.09
1,20.5,70.0,105.19
2,20.5,70.0,99.23
1,20.5,70.0,97.09
1,20.5,70.0,85.75
1,20.5,55.5,57.0
1,20.5,99.6,150.54
1,20.5,54.5,62.94
2,20.5,70.0,102.92
1,20.5,70.0,94.69
1,20.5,59.5,61.0
1,20.5,70.0,107.69
2,20.5,70.0,80.94
2,20.5,123.4,126.65
2,20.5,80.7,104.5
2,20.5,97.2,146.5
2,20.5,70.0,103.13
1,20.5,70.0,103.34
2,20.5,96.5,130.88
2,20.5,77.2,96.54
1,20.5,70.0,83.19
2,20.49,70.0,80.75
2,20.49,70.0,97.13
2,20.49,78.6,100.87
2,20.49,70.0,99.23
2,20.49,70.0,95.09
2,20.49,119.9,147.43
2,20.49,75.1,94.87
2,20.49,70.0,97.13
2,20.49,70.0,80.75
2,20.49,99.3,127.45
2,20.49,70.0,97.69
2,20.49,70.0,95.88
2,20.49,78.6,84.35
2,20.49,70.0,85.75
2,20.49,70.0,80.19
2,20.49,70.0,97.13
2,20.49,70.0,89.94
2,20.49,70.0,99.23
2,20.49,70.0,97.69
2,20.49,70.0,80.19
2,20.49,75.8,96.06
2,20.49,70.0,90.9
2,20.49,70.0,82.69
2,20.49,70.0,86.9
2,20.49,70.0,93.69
2,20.49,70.0,82.69
2,20.49,70.0,98.88
2,20.49,70.0,98.88
2,20.49,96.8,100.05
2,20.49,70.0,95.88
2,20.49,75.1,93.67
2,20.49,79.3,82.55
2,20.49,70.0,82.69
2,20.49,70.0,101.17
2,20.49,70.0,94.8
2,20.49,70.0,99.23
2,20.49,160.0,181.13
2,20.49,70.0,90.19
2,20.49,70.0,90.55
2,20.49,79.3,88.51
2,20.49,70.0,103.13
2,20.49,70.0,98.88
2,20.49,70.0,95.88
2,20.49,82.8,123.61
2,20.49,70.0,99.23
2,20.49,70.0,99.23
2,20.49,70.0,100.24
2,20.49,70.0,83.33
2,20.49,70.0,82.69
2,20.49,70.0,99.23
2,20.49,70.0,98.69
2,20.49,70.0,103.72
2,20.49,70.0,98.88
2,20.49,70.0,80.19
2,20.49,70.0,98.88
2,20.49,87.0,98.19
2,20.49,82.1,92.35
2,20.49,70.0,95.09
2,20.49,70.0,88.21
2,20.49,105.2,113.45
2,20.49,76.5,86.69
2,20.49,84.9,125.76
2,20.49,70.0,80.19
2,20.49,70.0,87.69
2,20.49,70.0,87.75
2,20.49,70.0,82.69
2,20.49,70.0,98.88
2,20.49,70.0,87.75
2,20.49,70.0,98.88
2,20.49,82.8,96.05
2,20.49,101.4,148.54
2,20.48,70.0,91.79
2,20.48,70.0,89.69
2,20.48,70.0,98.88
2,20.48,90.5,100.69
2,20.48,96.8,100.05
2,20.48,82.8,102.91
2,20.48,70.0,90.55
2,20.48,70.0,98.88
2,20.48,70.0,90.69
2,20.48,70.0,97.13
2,20.48,70.0,98.88
2,20.48,77.2,88.39
2,20.48,70.0,92.19
2,20.48,70.0,96.23
2,20.48,70.0,89.39
2,20.48,76.5,88.75
2,20.48,77.2,88.39
2,20.48,70.0,96.23
2,20.48,70.0,95.88
2,20.48,70.0,98.88
2,20.48,70.0,101.17
2,20.48,70.0,101.17
2,20.48,70.0,90.94
2,20.48,70.0,89.69
2,20.48,70.0,99.23
2,20.48,70.0,90.55
2,20.48,70.0,90.69
2,20.48,70.0,80.19
2,20.48,70.0,82.69
2,20.48,70.0,95.88
2,20.48,75.1,95.22
2,20.48,70.0,98.88
2,20.48,70.0,82.69
2,20.48,70.0,97.13
2,20.48,70.0,98.88
2,20.48,70.0,84.84
2,20.48,80.0,84.25
2,20.48,97.2,147.1
2,20.48,70.0,98.88
2,20.48,78.6,90.54
2,20.48,70.0,95.88
2,20.48,70.0,80.75
2,20.48,70.0,98.88
2,20.48,70.0,92.69
2,20.48,70.0,90.55
2,20.48,80.0,112.07
2,20.48,70.0,90.55
2,20.48,77.9,105.71
2,20.48,70.0,98.88
2,20.48,70.0,99.69
2,20.48,93.3,103.49
2,20.48,70.0,97.13
2,20.48,70.0,86.0
2,20.48,70.0,80.94
2,20.48,70.0,97.69
2,20.48,70.0,88.44
2,20.48,70.0,90.9
2,20.48,77.2,97.39
2,20.48,70.0,97.69
2,20.48,70.0,95.09
2,20.48,79.3,87.55
2,20.48,77.9,98.58
2,20.48,76.5,79.84
2,20.48,76.5,96.69
2,20.48,82.8,86.05
2,20.48,97.9,148.76
2,20.48,70.0,95.09
2,20.48,70.0,88.94
2,20.48,70.0,95.09
2,20.48,77.9,90.59
2,20.48,70.0,79.0
2,20.48,75.1,78.35
2,20.48,70.0,82.69
2,20.48,80.0,105.31
2,20.48,70.0,82.69
2,20.48,70.0,90.94
2,20.48,104.2,149.94
2,20.48,70.0,92.69
2,20.48,70.0,105.23
2,20.48,101.4,149.62
2,20.48,70.0,80.19
2,20.48,70.0,101.88
2,20.48,70.0,90.9
2,20.48,70.0,94.25
2,20.48,80.7,147.2
2,20.48,77.9,83.65
2,20.48,70.0,96.9
2,20.48,70.0,104.88
2,20.48,79.3,88.55
2,20.47,70.0,74.0
2,20.47,70.0,105.23
2,20.47,70.0,97.13
2,20.47,82.0,112.68
2,20.47,70.0,99.23
2,20.47,70.0,96.55
2,20.47,70.0,87.69
2,20.47,70.0,97.13
2,20.47,79.3,105.05
2,20.47,78.6,81.85
2,20.47,83.5,106.75
2,20.47,70.0,82.69
2,20.47,70.0,90.69
2,20.47,78.6,81.85
2,20.47,70.0,98.88
2,20.47,75.15,98.31
2,20.47,70.0,90.96
2,20.47,94.4,106.4
2,20.47,70.0,98.88
2,20.47,70.0,95.09
2,20.47,70.0,100.84
2,20.47,70.0,85.19
2,20.47,70.0,102.69
2,20.47,80.7,108.06
2,20.47,70.0,83.44
2,20.47,84.2,128.45
2,20.47,70.0,98.88
2,20.47,79.3,100.26
2,20.47,70.0,97.13
2,20.47,70.0,75.75
2,20.47,85.6,106.27
2,20.47,77.2,97.74
2,20.47,70.0,97.69
2,20.47,102.8,154.9
2,20.47,70.0,99.23
2,20.47,84.2,118.3
2,20.47,70.0,82.69
2,20.47,70.0,75.75
2,20.47,70.0,90.96
2,20.47,75.8,96.06
2,20.47,70.0,80.19
2,20.47,70.0,98.88
2,20.47,70.0,82.69
2,20.47,96.5,134.26
2,20.47,98.6,152.02
2,20.47,70.0,82.69
2,20.47,70.0,99.23
2,20.47,70.0,102.92
2,20.47,70.0,97.69
2,20.47,70.0,80.19
2,20.47,70.0,104.88
2,20.47,70.0,90.19
2,20.47,70.0,97.57
2,20.47,77.9,115.49
2,20.47,70.0,97.13
2,20.47,70.0,99.23
2,20.47,70.0,100.84
2,20.47,70.0,99.63
2,20.47,70.0,105.22
2,20.47,70.0,97.13
2,20.47,97.9,138.28
2,20.47,181.5,198.88
2,20.47,94.0,128.93
2,20.47,70.0,92.69
2,20.47,70.0,82.69
2,20.47,70.0,97.69
2,20.47,76.5,96.55
2,20.47,77.9,98.58
2,20.47,70.0,103.13
2,20.47,80.7,91.89
2,20.47,70.0,82.69
2,20.46,70.0,99.23
2,20.46,70.0,90.55
2,20.46,70.0,80.75
2,20.46,70.0,96.19
2,20.46,70.0,98.88
2,20.46,70.0,90.9
2,20.46,70.0,104.88
2,20.46,70.0,99.23
2,20.46,70.0,95.09
2,20.46,70.0,102.92
2,20.46,70.0,90.55
2,20.46,70.0,99.23
2,20.46,70.0,95.88
2,20.46,70.0,97.69
2,20.46,70.0,99.23
2,20.46,70.0,87.11
2,20.46,83.5,112.43
2,20.46,95.1,119.23
2,20.46,97.2,123.95
2,20.46,70.0,95.88
2,20.46,70.0,100.84
2,20.46,70.0,90.96
2,20.46,70.0,97.13
2,20.46,70.0,90.96
2,20.46,70.0,98.88
2,20.46,70.0,96.69
2,20.46,70.0,90.9
2,20.46,70.0,85.19
2,20.46,76.5,96.55
2,20.46,80.7,109.07
2,20.46,70.0,98.19
2,20.46,77.9,87.15
2,20.46,70.0,95.69
2,20.46,96.5,97.5
2,20.46,70.0,91.69
2,20.46,70.0,97.13
2,20.46,70.0,102.92
2,20.46,76.5,86.69
2,20.46,70.0,100.24
2,20.46,70.0,94.69
2,20.46,70.0,97.13
2,20.46,70.0,97.69
2,20.46,70.0,98.88
2,20.46,70.0,88.8
2,20.46,70.0,90.55
2,20.46,70.0,90.55
2,20.46,70.0,104.88
2,20.46,70.0,82.69
2,20.46,70.0,104.88
2,20.46,74.4,85.59
2,20.46,70.0,90.55
2,20.46,70.0,98.88
2,20.46,75.8,95.71
2,20.46,78.6,100.87
2,20.46,70.0,98.88
2,20.46,70.0,90.69
2,20.46,70.0,92.69
2,20.46,70.0,102.92
2,20.46,70.0,87.69
2,20.46,70.0,92.69
2,20.46,70.0,75.75
2,20.46,70.0,99.23
2,20.46,70.0,82.69
2,20.46,80.7,83.95
2,20.46,70.0,104.88
2,20.46,70.0,103.13
2,20.46,70.0,82.69
2,20.46,70.0,97.13
2,20.46,70.0,89.75
2,20.46,75.8,104.04
2,20.46,70.0,97.13
2,20.46,70.0,103.36
2,20.46,70.0,92.69
2,20.46,70.0,100.69
2,20.46,70.0,95.88
2,20.46,70.0,88.8
2,20.46,70.0,102.92
2,20.46,70.0,98.88
2,20.46,70.0,90.55
2,20.46,70.0,87.69
2,20.46,70.0,96.23
2,20.46,70.0,90.9
2,20.45,70.0,96.23
2,20.45,70.0,95.88
2,20.45,70.0,98.88
2,20.45,70.0,80.94
2,20.45,70.0,104.88
2,20.45,97.2,152.64
2,20.45,95.8,110.18
2,20.45,99.3,100.3
2,20.45,70.0,92.69
2,20.45,70.0,105.23
2,20.45,95.1,118.6
2,20.45,70.0,80.94
2,20.45,70.0,101.69
2,20.45,70.0,82.69
2,20.45,96.1,136.2
2,20.45,70.0,90.55
2,20.45,70.0,82.69
2,20.45,82.1,104.52
2,20.45,70.0,98.88
2,20.45,100.7,143.06
2,20.45,70.0,87.69
2,20.45,70.0,104.88
2,20.45,70.0,90.55
2,20.45,70.0,90.0
2,20.45,70.0,87.0
2,20.45,82.8,108.43
2,20.45,70.0,105.23
2,20.45,70.0,99.23
2,20.45,70.0,82.69
2,20.45,70.0,105.23
2,20.45,70.0,96.23
2,20.45,82.1,87.85
2,20.45,70.0,99.23
2,20.45,70.0,102.93
2,20.45,70.0,98.88
2,20.45,70.0,96.55
2,20.45,70.0,98.88
2,20.45,70.0,96.23
2,20.45,70.0,90.55
2,20.45,70.0,97.13
2,20.45,70.0,90.55
2,20.45,70.0,83.69
2,20.45,70.0,104.88
2,20.45,120.0,175.94
2,20.45,70.0,87.69
2,20.45,97.2,147.94
2,20.45,70.0,87.69
2,20.45,70.0,89.69
2,20.45,105.6,151.42
2,20.45,70.0,99.23
2,20.45,70.0,101.18
2,20.45,70.0,97.13
2,20.45,82.1,105.07
2,20.45,70.0,105.23
2,20.45,82.8,86.05
2,20.45,70.0,98.88
2,20.45,70.0,104.88
2,20.45,70.0,87.69
2,20.45,70.0,99.23
2,20.45,70.0,84.96
2,20.45,70.0,80.19
2,20.45,75.8,91.55
2,20.45,76.5,96.55
2,20.45,70.0,83.69
2,20.45,75.1,94.87
2,20.45,70.0,98.88
2,20.45,70.0,94.25
2,20.45,70.0,99.23
2,20.45,70.0,82.69
2,20.45,70.0,75.75
2,20.45,70.0,90.55
2,20.45,77.2,105.36
2,20.45,70.0,98.88
2,20.45,98.6,124.98
2,20.45,96.5,140.26
2,20.45,70.0,97.13
2,20.45,70.0,90.96
2,20.45,70.0,95.88
2,20.45,70.0,90.55
2,20.45,70.0,99.23
2,20.45,70.0,95.09
2,20.45,70.0,104.88
2,20.45,75.8,80.05
2,20.45,70.0,98.88
2,20.45,99.3,125.58
2,20.45,86.3,96.49
2,20.45,82.69,96.53
2,20.45,77.2,81.45
2,20.45,70.0,98.88
2,20.44,70.0,105.23
2,20.44,70.0,96.69
2,20.44,70.0,106.49
2,20.44,70.0,100.84
2,20.44,70.0,81.3
2,20.44,70.0,90.55
2,20.44,70.0,75.75
2,20.44,70.0,88.69
2,20.44,70.0,102.92
2,20.44,70.0,90.55
2,20.44,70.0,99.83
2,20.44,70.0,98.88
2,20.44,84.9,108.43
2,20.44,70.0,94.25
2,20.44,129.0,163.75
2,20.44,70.0,94.49
2,20.44,95.8,97.8
2,20.44,70.0,82.69
2,20.44,70.0,85.19
2,20.44,70.0,107.69
2,20.44,70.0,85.75
2,20.44,70.0,82.69
2,20.44,85.6,95.79
2,20.44,78.6,98.89
2,20.44,70.0,90.69
2,20.44,70.0,95.19
2,20.44,70.0,94.69
2,20.44,70.0,90.9
2,20.44,70.0,100.5
2,20.44,70.0,96.55
2,20.44,70.0,75.75
2,20.44,70.0,80.75
2,20.44,70.0,96.9
2,20.44,76.5,89.19
2,20.44,70.0,80.19
2,20.44,98.2,116.45
2,20.44,70.0,87.69
2,20.44,82.8,98.55
2,20.44,101.7,141.47
2,20.44,70.0,95.09
2,20.44,86.3,90.3
2,20.44,70.0,102.92
2,20.44,70.0,90.96
2,20.44,76.5,96.75
2,20.44,70.0,89.69
2,20.44,76.5,83.25
2,20.44,70.0,104.88
2,20.44,70.0,80.19
2,20.44,70.0,87.69
2,20.44,70.0,98.88
2,20.44,70.0,102.92
2,20.44,70.0,101.17
2,20.44,70.0,99.23
2,20.44,70.0,83.75
2,20.44,70.0,93.08
2,20.44,70.0,92.22
2,20.44,76.5,95.35
2,20.44,70.0,75.75
2,20.44,84.2,110.59
2,20.44,70.0,99.23
2,20.44,83.5,87.75
2,20.44,81.4,91.59
2,20.44,70.0,105.23
2,20.44,70.0,98.88
2,20.44,70.0,83.69
2,20.44,70.0,98.88
2,20.44,70.0,99.23
2,20.44,70.0,92.69
2,20.44,70.0,87.69
2,20.44,70.0,104.88
2,20.44,70.0,87.69
2,20.44,78.6,82.85
2,20.44,70.0,98.88
2,20.44,79.3,91.55
2,20.44,70.0,87.69
2,20.44,70.0,80.94
2,20.44,70.0,95.88
2,20.44,70.0,95.09
2,20.44,70.0,87.69
2,20.44,70.0,96.23
2,20.44,70.0,98.88
2,20.43,75.8,85.99
2,20.43,70.0,98.88
2,20.43,70.0,98.88
2,20.43,99.3,142.56
2,20.43,70.0,98.88
2,20.43,70.0,90.19
2,20.43,100.0,114.69
2,20.43,70.0,104.88
2,20.43,70.0,90.9
2,20.43,70.0,98.88
2,20.43,70.0,102.92
2,20.43,70.0,105.23
2,20.43,95.8,142.26
2,20.43,70.0,97.13
2,20.43,70.0,84.0
2,20.43,70.0,99.23
2,20.43,70.0,80.19
2,20.43,70.0,99.23
2,20.43,87.0,109.2
2,20.43,70.0,99.23
2,20.43,70.0,101.88
2,20.43,70.0,104.88
2,20.43,70.0,97.69
2,20.43,75.8,102.84
2,20.43,70.0,78.02
2,20.43,70.0,95.88
2,20.43,70.0,87.69
2,20.43,70.0,104.88
2,20.43,70.0,79.0
2,20.43,100.0,134.93
2,20.43,70.0,85.75
2,20.43,84.2,97.45
2,20.43,70.0,100.84
2,20.43,70.0,103.13
2,20.43,70.0,87.69
2,20.43,70.0,87.69
2,20.43,70.0,90.55
2,20.43,70.0,102.93
2,20.43,97.9,136.38
2,20.43,70.0,106.97
2,20.43,70.0,80.19
2,20.43,91.2,100.45
2,20.43,70.0,97.13
2,20.43,70.0,89.5
2,20.43,70.0,99.23
2,20.43,70.0,95.88
2,20.43,70.0,88.19
2,20.43,70.0,85.19
2,20.43,70.0,104.88
2,20.43,70.0,98.88
2,20.43,70.0,87.69
2,20.43,70.0,121.69
2,20.43,70.0,82.69
2,20.43,70.0,96.9
2,20.43,70.0,90.69
2,20.43,70.0,90.55
2,20.43,70.0,93.08
2,20.43,70.0,98.88
2,20.43,70.0,85.75
2,20.43,70.0,90.55
2,20.43,70.0,96.75
2,20.43,70.0,98.88
2,20.43,70.0,82.69
2,20.43,70.0,101.17
2,20.43,70.0,98.88
2,20.43,79.3,99.32
2,20.43,70.0,98.88
2,20.43,127.3,172.42
2,20.43,70.0,90.19
2,20.43,70.0,98.88
2,20.43,70.0,98.88
2,20.43,70.0,98.88
2,20.43,78.6,89.79
2,20.43,70.0,90.55
2,20.43,70.0,85.19
2,20.42,70.0,105.23
2,20.42,70.0,79.0
2,20.42,70.0,82.69
2,20.42,70.0,105.23
2,20.42,70.0,105.23
2,20.42,70.0,90.55
2,20.42,70.0,82.69
2,20.42,70.0,105.23
2,20.42,70.0,104.88
2,20.42,70.0,99.23
2,20.42,70.0,85.75
2,20.42,70.0,80.19
2,20.42,70.0,82.69
2,20.42,70.0,99.23
2,20.42,70.0,96.23
2,20.42,84.9,92.15
2,20.42,70.0,98.88
2,20.42,70.0,97.13
2,20.42,70.0,90.55
2,20.42,70.0,101.41
2,20.42,70.0,99.23
2,20.42,70.0,109.17
2,20.42,70.0,90.55
2,20.42,70.0,92.69
2,20.42,70.0,104.88
2,20.42,70.0,96.9
2,20.42,70.0,96.55
2,20.42,70.0,97.13
2,20.42,79.3,99.91
2,20.42,70.0,96.23
2,20.42,70.0,106.97
2,20.42,70.0,90.69
2,20.42,70.0,105.23
2,20.42,97.2,137.63
2,20.42,70.0,87.69
2,20.42,70.0,82.0
2,20.42,144.0,146.75
2,20.42,70.0,98.88
2,20.42,78.6,94.54
2,20.42,70.0,99.8
2,20.42,70.0,95.88
2,20.42,70.0,82.69
2,20.42,93.3,117.93
2,20.42,128.3,131.55
2,20.42,70.0,98.88
2,20.42,100.7,138.1
2,20.42,70.0,80.19
2,20.42,70.0,90.9
2,20.42,70.0,95.19
2,20.42,91.9,149.69
2,20.42,70.0,90.55
2,20.42,80.7,84.95
2,20.42,70.0,97.13
2,20.42,70.0,98.88
2,20.42,97.2,121.9
2,20.42,70.0,99.23
2,20.42,70.0,90.55
2,20.42,70.0,90.9
2,20.42,70.0,100.84
2,20.42,70.0,99.23
2,20.42,70.0,102.92
2,20.42,77.9,102.25
2,20.42,70.0,97.13
2,20.42,70.0,85.19
2,20.42,80.0,102.55
2,20.42,70.0,99.23
2,20.42,70.0,85.1
2,20.42,70.0,82.19
2,20.42,70.0,95.88
2,20.42,70.0,104.88
2,20.42,82.1,94.79
2,20.42,70.0,99.23
2,20.42,101.4,149.74
2,20.42,87.7,102.89
2,20.42,75.8,97.51
2,20.42,76.5,109.17
2,20.42,70.0,109.61
2,20.42,70.0,80.19
2,20.42,70.0,82.69
2,20.42,70.0,80.75
2,20.42,70.0,85.75
2,20.42,70.0,75.75
2,20.41,104.5,137.28
2,20.41,70.0,98.88
2,20.41,70.0,98.88
2,20.41,70.0,98.88
2,20.41,70.0,82.69
2,20.41,79.3,90.55
2,20.41,70.0,100.5
2,20.41,70.0,106.97
2,20.41,70.0,102.92
2,20.41,70.0,97.19
2,20.41,70.0,88.75
2,20.41,70.0,82.69
2,20.41,70.0,104.88
2,20.41,75.8,99.62
2,20.41,80.0,88.25
2,20.41,70.0,103.72
2,20.41,70.0,107.42
2,20.41,70.0,80.75
2,20.41,70.0,115.36
2,20.41,70.0,95.09
2,20.41,70.0,98.88
2,20.41,70.0,75.75
2,20.41,70.0,80.94
2,20.41,70.0,98.88
2,20.41,77.2,101.38
2,20.41,84.2,105.79
2,20.41,70.0,98.88
2,20.41,70.0,90.96
2,20.41,70.0,98.88
2,20.41,75.1,98.75
2,20.41,70.0,90.9
2,20.41,70.0,96.46
2,20.41,70.0,99.19
2,20.41,70.0,87.69
2,20.41,99.3,113.05
2,20.41,70.0,84.19
2,20.41,70.0,102.69
2,20.41,70.0,99.23
2,20.41,70.0,104.88
2,20.41,70.0,87.69
2,20.41,70.0,104.88
2,20.41,70.0,92.69
2,20.41,70.0,99.23
2,20.41,70.0,100.84
2,20.41,76.5,89.19
2,20.41,70.0,93.71
2,20.41,70.0,95.09
2,20.41,98.6,148.18
2,20.41,70.0,94.25
2,20.41,70.0,101.17
2,20.41,75.1,85.29
2,20.41,70.0,96.23
2,20.41,70.0,102.92
2,20.41,70.0,90.55
2,20.41,70.0,105.23
2,20.41,75.8,90.05
2,20.41,70.0,104.88
2,20.41,70.0,98.88
2,20.41,136.7,190.9
2,20.41,135.3,195.66
2,20.41,70.0,97.13
2,20.41,70.0,88.69
2,20.41,70.0,99.23
2,20.41,101.4,149.74
2,20.41,70.0,95.88
2,20.41,100.0,148.06
2,20.41,78.6,82.85
2,20.41,70.0,85.94
2,20.41,70.0,90.94
2,20.41,70.0,100.0
2,20.41,70.0,98.88
2,20.41,70.0,98.88
2,20.41,70.0,85.75
2,20.41,70.0,96.46
2,20.41,70.0,87.69
2,20.41,70.0,93.69
2,20.41,97.2,133.9
2,20.41,70.0,92.69
2,20.41,70.0,82.69
2,20.41,70.0,99.8
2,20.41,70.0,102.92
2,20.41,70.0,96.55
2,20.41,79.3,95.49
2,20.41,70.0,92.69
2,20.41,70.0,79.0
2,20.41,70.0,102.92
2,20.41,70.0,98.88
2,20.41,70.0,104.88
2,20.41,70.0,98.88
2,20.41,70.0,90.55
2,20.41,70.0,80.19
2,20.41,70.0,82.69
2,20.41,70.0,103.47
2,20.41,70.0,94.25
1,20.4,70.0,96.19
1,20.4,70.0,84.69
1,20.4,70.0,80.19
1,20.4,68.5,70.0
2,20.4,70.0,98.88
1,20.4,95.8,118.75
2,20.4,70.0,85.19
1,20.4,70.0,85.75
2,20.4,70.0,85.19
1,20.4,133.2,177.35
1,20.4,98.6,112.35
1,20.4,70.0,90.9
1,20.4,70.0,99.19
1,20.4,70.0,80.19
2,20.4,70.0,98.88
1,20.4,54.5,56.0
1,20.4,70.0,100.94
1,20.4,57.5,59.0
1,20.4,82.8,101.15
1,20.4,70.0,94.09
1,20.4,70.0,99.19
1,20.4,70.0,87.69
1,20.4,78.6,91.85
2,20.4,70.0,90.55
1,20.4,103.8,107.05
2,20.4,70.0,90.55
1,20.4,70.0,103.14
2,20.4,70.0,104.88
1,20.4,56.5,58.0
2,20.4,70.0,95.09
1,20.4,70.0,100.94
1,20.4,70.0,97.09
1,20.4,70.0,96.94
1,20.4,70.0,99.19
1,20.4,70.0,94.69
2,20.4,70.0,86.75
2,20.4,80.7,105.75
2,20.4,70.0,104.88
1,20.4,70.0,99.19
1,20.4,70.0,97.09
1,20.4,70.0,80.94
2,20.4,70.0,98.88
2,20.4,70.0,80.19
1,20.4,70.0,105.19
1,20.4,98.6,142.73
2,20.4,70.0,98.88
1,20.4,70.0,97.09
2,20.4,99.3,144.06
2,20.4,70.0,102.7
1,20.4,77.9,82.15
1,20.4,70.0,103.09
1,20.4,51.5,53.0
1,20.4,95.8,115.55
2,20.4,70.0,105.23
2,20.4,70.0,85.19
1,20.4,70.0,82.69
1,20.4,70.0,90.69
1,20.4,80.0,89.25
2,20.4,70.0,101.88
2,20.4,70.0,97.13
1,20.4,70.0,99.19
2,20.4,70.0,95.09
1,20.4,70.0,103.09
1,20.4,53.5,55.0
1,20.4,70.0,107.44
1,20.4,70.0,88.8
2,20.4,70.0,93.08
2,20.4,70.0,95.88
2,20.4,98.6,136.02
1,20.4,74.4,91.1
1,20.4,96.5,97.5
1,20.4,70.0,90.94
1,20.4,70.0,92.69
2,20.4,84.2,129.17
1,20.4,70.0,97.69
1,20.4,70.0,99.19
1,20.4,45.5,47.0
1,20.4,70.0,97.09
2,20.4,70.0,90.55
1,20.4,70.0,105.24
1,20.4,70.0,90.9
2,20.4,76.5,96.55
2,20.4,84.2,112.92
1,20.4,70.0,97.69
1,20.4,61.5,63.0
1,20.4,70.0,93.94
1,20.4,58.5,60.0
1,20.4,70.0,92.69
1,20.4,70.0,100.69
1,20.4,77.2,88.39
2,20.4,70.0,102.92
1,20.4,70.0,100.69
1,20.4,51.5,53.0
2,20.4,70.0,85.19
1,20.4,101.4,115.15
1,20.4,70.0,95.09
1,20.4,77.2,96.55
2,20.4,70.0,95.09
1,20.4,97.9,141.9
1,20.4,70.0,87.69
1,20.4,59.5,61.0
1,20.4,70.0,105.24
1,20.4,70.0,103.34
1,20.4,70.0,90.9
2,20.4,70.0,80.19
1,20.4,70.0,103.14
2,20.4,70.0,96.46
1,20.4,97.2,121.58
2,20.4,70.0,98.88
1,20.4,70.0,92.69
1,20.4,70.0,103.14
1,20.4,80.0,88.25
1,20.4,70.0,87.69
1,20.4,70.0,88.8
1,20.4,70.0,99.19
1,20.4,70.0,85.75
2,20.4,77.2,97.74
1,20.4,70.0,92.22
2,20.4,95.1,148.62
1,20.4,70.0,109.59
1,20.4,70.0,80.19
2,20.4,70.0,103.36
1,20.4,70.0,105.24
1,20.4,70.0,87.69
2,20.4,75.8,95.71
2,20.4,70.0,95.94
1,20.4,70.0,87.94
2,20.4,75.8,94.49
2,20.4,74.4,81.15
2,20.4,70.0,90.69
2,20.4,70.0,102.92
2,20.4,70.0,87.69
1,20.4,70.0,80.19
1,20.4,70.0,97.57
2,20.4,75.1,78.35
2,20.4,70.0,97.13
1,20.4,70.0,87.69
1,20.4,70.0,88.8
2,20.4,70.0,84.69
1,20.4,70.0,94.65
2,20.4,70.0,97.13
1,20.4,70.0,102.69
2,20.4,70.0,89.03
1,20.4,70.0,99.19
2,20.4,70.0,95.88
1,20.4,70.0,94.69
1,20.4,39.5,41.0
2,20.4,78.6,88.79
2,20.4,70.0,99.23
1,20.4,70.0,82.69
1,20.4,70.0,99.23
2,20.4,70.0,98.88
1,20.4,70.0,99.19
1,20.4,70.0,107.53
2,20.4,70.0,82.69
1,20.4,70.0,80.19
1,20.4,64.5,66.0
1,20.4,76.5,82.25
2,20.4,70.0,99.8
1,20.4,70.0,85.75
2,20.4,70.0,80.94
2,20.4,70.0,99.23
2,20.4,70.0,87.69
1,20.4,70.0,90.9
1,20.4,70.0,97.09
1,20.4,59.5,67.94
1,20.4,75.8,96.05
2,20.4,70.0,90.55
2,20.4,70.0,85.75
1,20.4,70.0,96.9
1,20.4,70.0,99.19
1,20.4,70.0,80.19
1,20.4,75.8,96.05
1,20.4,70.0,99.19
2,20.4,111.5,142.42
1,20.4,46.5,54.94
2,20.4,70.0,95.92
2,20.4,70.0,98.88
1,20.4,70.0,98.45
1,20.4,70.0,97.69
2,20.4,74.4,85.59
2,20.4,70.0,87.69
1,20.4,70.0,96.19
1,20.4,57.5,65.94
1,20.4,33.5,35.0
1,20.4,70.0,87.75
1,20.4,76.5,85.94
1,20.4,70.0,96.19
2,20.4,70.0,98.88
2,20.4,96.5,146.14
2,20.4,70.0,91.94
2,20.4,70.0,85.19
1,20.4,80.0,95.75
1,20.4,70.0,90.19
1,20.4,70.0,100.0
1,20.4,125.5,160.95
1,20.4,70.0,92.69
2,20.4,70.0,90.55
1,20.4,38.5,40.0
1,20.4,70.0,105.23
2,20.4,70.0,105.23
1,20.4,70.0,80.94
2,20.4,70.0,99.23
1,20.4,89.8,120.84
2,20.4,76.5,85.25
1,20.4,70.0,90.75
2,20.4,82.8,111.59
1,20.4,70.0,82.69
1,20.4,70.0,96.19
1,20.4,53.5,55.0
2,20.4,70.0,90.19
1,20.4,70.0,96.69
2,20.4,90.5,115.15
1,20.4,70.0,99.23
2,20.4,70.0,88.19
1,20.4,70.0,105.19
1,20.4,70.0,99.19
1,20.4,47.5,49.0
1,20.4,70.0,96.19
2,20.4,70.0,105.23
1,20.4,70.0,94.69
1,20.4,64.5,66.0
1,20.4,70.0,90.9
2,20.4,70.0,95.88
1,20.4,70.0,82.69
1,20.4,70.0,105.19
1,20.4,76.5,99.7
1,20.4,78.6,113.14
2,20.4,70.0,92.69
1,20.4,70.0,87.69
1,20.4,76.5,79.75
1,20.4,70.0,99.19
1,20.4,70.0,102.69
1,20.4,70.0,90.9
1,20.4,70.0,95.19
1,20.4,70.0,80.25
2,20.4,70.0,82.75
2,20.4,70.0,80.19
2,20.4,70.0,94.8
1,20.4,75.8,80.05
1,20.4,70.0,101.19
2,20.4,70.0,104.88
1,20.4,70.0,99.24
1,20.4,61.5,69.94
1,20.4,70.0,85.94
2,20.4,70.0,98.88
1,20.4,70.0,85.94
2,20.4,70.0,83.44
2,20.4,70.0,95.69
1,20.4,160.0,193.2
2,20.4,70.0,74.0
2,20.4,70.0,104.88
1,20.4,70.0,97.09
1,20.4,61.5,63.0
1,20.4,70.0,96.19
1,20.4,100.7,138.08
1,20.4,70.0,96.9
2,20.4,70.0,98.88
1,20.4,55.5,63.94
2,20.4,70.0,80.19
2,20.4,75.8,95.71
1,20.4,62.5,64.0
1,20.4,70.0,97.69
1,20.4,70.0,90.19
1,20.4,70.0,92.69
2,20.4,70.0,94.13
1,20.4,70.0,100.95
1,20.4,52.5,60.94
1,20.4,128.0,162.83
1,20.4,70.0,105.19
1,20.4,70.0,94.14
1,20.4,70.0,92.05
1,20.4,70.0,90.9
1,20.4,52.5,54.0
1,20.4,70.0,83.94
1,20.4,70.0,80.94
1,20.4,70.0,99.19
2,20.4,70.0,95.88
1,20.4,70.0,85.19
1,20.4,70.0,88.8
1,20.4,77.2,189.89
1,20.4,79.3,89.49
1,20.4,49.5,51.0
1,20.4,59.5,61.0
1,20.4,70.0,103.34
1,20.4,97.2,122.28
1,20.4,96.5,139.38
1,20.4,78.6,91.85
1,20.4,70.0,88.69
1,20.4,70.0,82.69
1,20.4,70.0,80.94
1,20.4,59.5,61.0
1,20.4,70.0,86.49
2,20.4,75.1,79.35
1,20.4,62.5,64.0
1,20.4,102.1,134.48
1,20.4,70.0,80.19
2,20.39,70.0,87.69
2,20.39,70.0,90.55
2,20.39,70.0,80.19
2,20.39,70.0,103.36
2,20.39,70.0,99.23
2,20.39,70.0,87.69
2,20.39,70.0,99.23
2,20.39,70.0,97.95
2,20.39,70.0,99.23
2,20.39,70.0,90.94
2,20.39,70.0,85.75
2,20.39,70.0,101.88
2,20.39,104.2,128.45
2,20.39,75.1,79.35
2,20.39,70.0,99.23
2,20.39,70.0,101.18
2,20.39,70.0,96.23
2,20.39,70.0,76.75
2,20.39,70.0,80.19
2,20.39,70.0,80.94
2,20.39,77.2,100.13
2,20.39,70.0,74.0
2,20.39,70.0,104.88
2,20.39,70.0,100.24
2,20.39,95.8,142.51
2,20.39,70.0,88.8
2,20.39,70.0,97.69
2,20.39,70.0,80.94
2,20.39,84.2,97.45
2,20.39,76.5,82.25
2,20.39,70.0,82.69
2,20.39,70.0,80.75
2,20.39,70.0,98.88
2,20.39,70.0,90.55
2,20.39,70.0,86.28
2,20.39,97.2,117.45
2,20.39,70.0,98.88
2,20.39,70.0,85.75
2,20.39,70.0,96.46
2,20.39,70.0,106.97
2,20.39,70.0,80.19
2,20.39,70.0,94.77
2,20.39,70.0,90.96
2,20.39,100.7,123.48
2,20.39,70.0,88.94
2,20.39,70.0,98.88
2,20.39,70.0,94.69
2,20.39,70.0,98.88
2,20.39,70.0,98.88
2,20.39,77.2,96.19
2,20.39,70.0,98.88
2,20.39,70.0,88.8
2,20.39,70.0,96.23
2,20.39,70.0,87.69
2,20.39,70.0,87.69
2,20.39,70.0,92.69
2,20.39,70.0,90.0
2,20.39,70.0,98.88
2,20.39,70.0,85.75
2,20.39,70.0,90.55
2,20.39,109.4,118.65
2,20.39,70.0,80.19
2,20.39,70.0,103.13
2,20.39,70.0,100.55
2,20.39,70.0,99.23
2,20.39,70.0,97.13
2,20.39,75.8,97.51
2,20.39,70.0,90.55
2,20.39,70.0,90.75
2,20.39,79.3,90.24
2,20.39,70.0,80.94
2,20.39,70.0,97.13
2,20.39,75.8,99.62
2,20.39,100.7,140.5
2,20.39,70.0,95.69
2,20.39,70.0,95.88
2,20.39,70.0,97.13
2,20.39,70.0,80.94
2,20.39,70.0,99.23
2,20.39,70.0,94.25
2,20.39,70.0,83.75
2,20.39,70.0,87.69
2,20.39,70.0,89.69
2,20.39,70.0,104.88
2,20.39,80.7,98.64
2,20.39,70.0,98.69
2,20.38,70.0,97.13
2,20.38,70.0,97.13
2,20.38,70.0,95.88
2,20.38,70.0,80.94
2,20.38,88.4,92.4
2,20.38,75.1,86.85
2,20.38,70.0,90.55
2,20.38,70.0,104.88
2,20.38,70.0,99.23
2,20.38,70.0,102.92
2,20.38,75.1,95.22
2,20.38,70.0,92.69
2,20.38,70.0,82.69
2,20.38,70.0,83.69
2,20.38,70.0,99.23
2,20.38,80.0,85.25
2,20.38,99.3,157.36
2,20.38,70.0,88.19
2,20.38,70.0,98.88
2,20.38,70.0,102.23
2,20.38,70.0,99.8
2,20.38,70.0,90.55
2,20.38,98.6,125.35
2,20.38,70.0,99.23
2,20.38,70.0,92.69
2,20.38,79.3,89.49
2,20.38,70.0,95.94
2,20.38,70.0,88.44
2,20.38,97.9,116.15
2,20.38,87.7,104.83
2,20.38,93.3,99.8
2,20.38,70.0,90.94
2,20.38,70.0,80.19
2,20.38,75.8,86.99
2,20.38,70.0,100.84
2,20.38,77.2,87.39
2,20.38,75.1,86.29
2,20.38,70.0,102.23
2,20.38,70.0,92.69
2,20.38,70.0,99.8
2,20.38,77.2,176.78
2,20.38,70.0,87.69
2,20.38,70.0,92.22
2,20.38,70.0,95.09
2,20.38,77.2,85.45
2,20.38,70.0,90.96
2,20.38,80.0,96.88
2,20.38,70.0,100.19
2,20.38,70.0,90.55
2,20.38,70.0,80.94
2,20.38,80.7,100.39
2,20.38,70.0,98.88
2,20.38,70.0,82.69
2,20.38,101.4,122.78
2,20.38,70.0,87.69
2,20.38,70.0,87.75
2,20.38,70.0,99.23
2,20.38,70.0,80.94
2,20.38,70.0,82.69
2,20.38,78.6,98.15
2,20.38,70.0,97.13
2,20.38,70.0,90.55
2,20.38,70.0,102.69
2,20.38,70.0,92.69
2,20.38,70.0,80.94
2,20.38,89.8,111.66
2,20.38,70.0,82.69
2,20.38,70.0,107.5
2,20.38,70.0,90.0
2,20.38,70.0,87.69
2,20.38,70.0,84.94
2,20.38,77.2,80.45
2,20.38,70.0,92.69
2,20.38,77.9,82.15
2,20.38,70.0,98.88
2,20.38,70.0,90.55
2,20.38,70.0,85.75
2,20.38,91.2,121.32
2,20.38,70.0,96.23
2,20.38,99.3,123.68
2,20.38,70.0,98.88
2,20.38,70.0,91.0
2,20.38,70.0,82.69
2,20.38,70.0,98.88
2,20.38,70.0,95.09
2,20.38,82.0,94.05
2,20.38,70.0,90.55
2,20.38,82.8,111.24
2,20.38,70.0,80.94
2,20.38,70.0,90.55
2,20.38,70.0,96.23
2,20.38,74.4,94.03
2,20.38,70.0,92.69
2,20.38,70.0,94.69
2,20.38,80.7,104.39
2,20.38,80.0,91.19
2,20.38,70.0,87.94
2,20.38,70.0,98.88
2,20.38,80.7,84.7
2,20.37,70.0,95.88
2,20.37,105.9,119.15
2,20.37,70.0,95.88
2,20.37,70.0,87.69
2,20.37,70.0,98.88
2,20.37,70.0,92.22
2,20.37,70.0,94.69
2,20.37,78.6,90.54
2,20.37,70.0,98.88
2,20.37,80.7,85.95
2,20.37,100.0,153.5
2,20.37,77.9,97.38
2,20.37,75.8,103.54
2,20.37,70.0,99.19
2,20.37,70.0,87.69
2,20.37,75.1,91.29
2,20.37,70.0,90.96
2,20.37,70.0,97.69
2,20.37,99.3,124.05
2,20.37,70.0,90.94
2,20.37,70.0,91.8
2,20.37,70.0,75.75
2,20.37,70.0,103.13
2,20.37,70.0,98.88
2,20.37,70.0,90.55
2,20.37,82.8,86.05
2,20.37,70.0,98.88
2,20.37,75.8,85.99
2,20.37,70.0,94.13
2,20.37,70.0,87.11
2,20.37,70.0,75.75
2,20.37,75.8,90.05
2,20.37,70.0,99.8
2,20.37,77.9,88.09
2,20.37,70.0,80.19
2,20.37,70.0,98.88
2,20.37,70.0,75.75
2,20.37,70.0,90.55
2,20.37,70.0,87.69
2,20.37,70.0,97.13
2,20.37,80.7,84.95
2,20.37,74.4,83.65
2,20.37,70.0,88.8
2,20.37,70.0,87.11
2,20.37,70.0,90.96
2,20.37,70.0,99.23
2,20.37,70.0,80.94
2,20.37,77.9,98.58
2,20.37,87.42,119.18
2,20.37,70.0,98.88
2,20.37,88.0,95.75
2,20.37,70.0,98.88
2,20.37,70.0,103.13
2,20.37,70.0,102.92
2,20.37,70.0,113.47
2,20.37,70.0,80.75
2,20.37,70.0,90.55
2,20.37,76.5,80.75
2,20.37,70.0,94.94
2,20.37,84.9,102.59
2,20.37,80.7,101.59
2,20.37,70.0,98.88
2,20.37,70.0,108.6
2,20.37,76.5,89.75
2,20.37,70.0,97.13
2,20.37,74.4,87.09
2,20.37,77.2,90.95
2,20.37,70.0,98.88
2,20.37,70.0,99.23
2,20.37,70.0,109.17
2,20.37,70.0,104.88
2,20.37,70.0,104.88
2,20.37,70.0,97.69
2,20.37,70.0,96.55
2,20.37,70.0,98.88
2,20.37,70.0,87.69
2,20.37,70.0,92.69
2,20.37,83.5,96.19
2,20.37,76.5,98.35
2,20.36,70.0,90.55
2,20.36,80.0,96.89
2,20.36,70.0,85.19
2,20.36,70.0,90.69
2,20.36,70.0,85.75
2,20.36,70.0,86.69
2,20.36,80.0,85.75
2,20.36,70.0,85.19
2,20.36,70.0,105.23
2,20.36,70.0,84.0
2,20.36,83.5,91.75
2,20.36,97.9,133.28
2,20.36,70.0,106.97
2,20.36,70.0,90.69
2,20.36,70.0,97.13
2,20.36,101.4,124.08
2,20.36,70.0,98.88
2,20.36,116.4,129.65
2,20.36,70.0,82.69
2,20.36,70.0,95.88
2,20.36,70.0,82.69
2,20.36,76.5,104.88
2,20.36,70.0,82.69
2,20.36,75.8,84.05
2,20.36,85.6,93.85
2,20.36,70.0,107.5
2,20.36,70.0,98.88
2,20.36,70.0,84.75
2,20.36,70.0,87.69
2,20.36,70.0,84.69
2,20.36,80.7,83.2
2,20.36,70.0,82.69
2,20.36,70.0,98.88
2,20.36,70.0,75.75
2,20.36,70.0,82.69
2,20.36,84.2,96.89
2,20.36,87.0,93.0
2,20.36,70.0,75.75
2,20.36,70.0,98.88
2,20.36,70.0,97.69
2,20.36,70.0,104.88
2,20.36,70.0,87.69
2,20.36,150.0,198.25
2,20.36,95.8,142.18
2,20.36,70.0,101.88
2,20.36,70.0,97.13
2,20.36,70.0,98.88
2,20.36,70.0,95.88
2,20.36,70.0,90.96
2,20.36,70.0,86.82
2,20.36,70.0,85.75
2,20.36,70.0,98.88
2,20.36,84.47,87.22
2,20.36,70.0,104.88
2,20.36,70.0,85.75
2,20.36,70.0,98.88
2,20.36,96.8,108.05
2,20.36,70.0,98.88
2,20.36,70.0,90.9
2,20.36,82.8,97.99
2,20.36,70.0,84.19
2,20.36,70.0,90.55
2,20.36,70.0,104.88
2,20.36,70.0,99.23
2,20.36,74.4,95.83
2,20.36,70.0,98.88
2,20.36,70.0,88.8
2,20.36,70.0,83.75
2,20.36,70.0,99.23
2,20.36,70.0,98.88
2,20.36,70.0,98.88
2,20.36,70.0,107.69
2,20.36,70.0,87.69
2,20.36,70.0,98.88
2,20.36,70.0,99.23
2,20.36,70.0,82.69
2,20.36,70.0,96.23
2,20.36,70.0,87.69
2,20.36,70.0,88.21
2,20.36,70.0,82.69
2,20.35,95.1,118.35
2,20.35,70.0,87.11
2,20.35,77.2,97.39
2,20.35,89.1,94.85
2,20.35,70.0,89.39
2,20.35,82.8,88.55
2,20.35,70.0,92.19
2,20.35,70.0,92.19
2,20.35,70.0,101.18
2,20.35,70.0,97.13
2,20.35,78.6,82.85
2,20.35,70.0,95.94
2,20.35,95.1,131.82
2,20.35,97.2,139.14
2,20.35,70.0,97.13
2,20.35,70.0,98.47
2,20.35,70.0,99.23
2,20.35,70.0,85.19
2,20.35,70.0,88.69
2,20.35,70.0,101.17
2,20.35,70.0,98.88
2,20.35,70.0,84.94
2,20.35,70.0,90.9
2,20.35,70.0,95.09
2,20.35,70.0,98.88
2,20.35,70.0,98.88
2,20.35,70.0,85.94
2,20.35,70.0,102.92
2,20.35,70.0,104.88
2,20.35,70.0,99.23
2,20.35,70.0,105.23
2,20.35,70.0,90.55
2,20.35,70.0,98.88
2,20.35,70.0,92.69
2,20.35,70.0,104.88
2,20.35,70.0,90.96
2,20.35,70.0,90.19
2,20.35,70.0,93.44
2,20.35,70.0,98.88
2,20.35,70.0,80.94
2,20.35,70.0,89.0
2,20.35,70.0,98.88
2,20.35,70.0,80.19
2,20.35,70.0,97.13
2,20.35,70.0,94.0
2,20.35,70.0,104.88
2,20.35,70.0,98.88
2,20.35,70.0,97.13
2,20.35,120.0,162.07
2,20.35,70.0,98.88
2,20.35,70.0,98.88
2,20.35,77.9,89.09
2,20.35,70.0,97.13
2,20.35,70.0,94.69
2,20.35,70.0,90.96
2,20.35,70.0,95.09
2,20.35,70.0,90.55
2,20.35,70.0,93.08
2,20.35,70.0,80.19
2,20.35,70.0,96.9
2,20.35,75.1,87.04
2,20.35,70.0,100.19
2,20.35,78.6,84.35
2,20.35,70.0,75.75
2,20.35,70.0,99.23
2,20.35,70.0,87.69
2,20.35,81.4,112.01
2,20.35,70.0,90.55
2,20.35,70.0,87.69
2,20.35,70.0,97.13
2,20.35,70.0,105.23
2,20.35,70.0,98.88
2,20.35,70.0,80.19
2,20.35,70.0,103.36
2,20.35,70.0,92.22
2,20.35,70.0,97.13
2,20.35,70.0,98.88
2,20.35,70.0,95.09
2,20.35,76.5,98.63
2,20.35,70.0,99.23
2,20.35,70.0,76.75
2,20.35,109.8,152.02
2,20.35,70.0,96.69
2,20.35,70.0,90.9
2,20.35,70.0,102.92
2,20.35,70.0,96.23
2,20.35,70.0,98.88
2,20.35,70.0,98.88
2,20.35,70.0,98.88
2,20.35,70.0,95.09
2,20.35,70.0,90.55
2,20.34,118.5,146.1
2,20.34,70.0,73.25
2,20.34,76.5,96.55
2,20.34,70.0,97.13
2,20.34,70.0,87.69
2,20.34,70.0,95.09
2,20.34,78.6,89.79
2,20.34,97.9,140.1
2,20.34,70.0,105.23
2,20.34,70.0,90.69
2,20.34,70.0,90.96
2,20.34,70.0,97.13
2,20.34,70.0,92.69
2,20.34,70.0,103.47
2,20.34,70.0,90.94
2,20.34,70.0,99.8
2,20.34,70.0,94.69
2,20.34,80.0,86.25
2,20.34,70.0,87.69
2,20.34,70.0,98.88
2,20.34,70.0,78.44
2,20.34,100.0,121.2
2,20.34,70.0,92.22
2,20.34,70.0,105.23
2,20.34,70.0,95.88
2,20.34,76.5,95.7
2,20.34,70.0,95.94
2,20.34,70.0,90.55
2,20.34,124.1,144.29
2,20.34,70.0,80.94
2,20.34,77.2,87.39
2,20.34,70.0,80.94
2,20.34,70.0,80.19
2,20.34,70.0,92.69
2,20.34,70.0,90.55
2,20.34,98.2,113.39
2,20.34,70.0,102.92
2,20.34,70.0,87.69
2,20.34,81.4,94.09
2,20.34,70.0,98.88
2,20.34,70.0,95.88
2,20.34,70.0,105.23
2,20.34,70.0,82.69
2,20.34,80.0,92.69
2,20.34,70.0,87.38
2,20.34,100.7,146.3
2,20.34,70.0,90.69
2,20.34,70.0,87.9
2,20.34,74.4,82.65
2,20.34,70.0,88.21
2,20.34,70.0,75.75
2,20.34,70.0,92.69
2,20.34,80.0,99.55
2,20.34,70.0,80.94
2,20.34,70.0,81.5
2,20.34,70.0,98.88
2,20.34,75.8,102.84
2,20.34,70.0,90.96
2,20.34,70.0,75.75
2,20.34,70.0,85.75
2,20.34,70.0,98.88
2,20.34,70.0,100.13
2,20.34,70.0,90.9
2,20.34,70.0,99.23
2,20.34,82.8,94.05
2,20.34,70.0,90.9
2,20.34,70.0,82.19
2,20.34,70.0,82.69
2,20.34,83.5,104.95
2,20.34,70.0,80.19
2,20.34,70.0,90.55
2,20.34,70.0,102.92
2,20.34,80.0,90.05
2,20.34,70.0,85.19
2,20.34,70.0,82.69
2,20.34,70.0,96.02
2,20.34,98.6,148.18
2,20.34,70.0,94.53
2,20.34,78.6,90.1
2,20.34,70.0,98.88
2,20.34,70.0,95.88
2,20.34,77.9,88.09
2,20.34,70.0,82.69
2,20.34,70.0,96.23
2,20.34,70.0,85.94
2,20.34,70.0,85.75
2,20.34,70.0,106.05
2,20.34,70.0,92.22
2,20.34,97.2,130.37
2,20.34,77.2,85.45
2,20.34,70.0,80.19
2,20.34,70.0,87.69
2,20.34,70.0,104.88
2,20.34,70.0,98.88
2,20.34,70.0,99.23
2,20.34,70.0,75.75
2,20.34,70.0,82.69
2,20.34,70.0,96.46
2,20.34,70.0,97.13
2,20.34,70.0,75.75
2,20.33,70.0,99.23
2,20.33,70.0,97.13
2,20.33,70.0,102.92
2,20.33,70.0,82.19
2,20.33,70.0,98.88
2,20.33,70.0,87.75
2,20.33,70.0,95.88
2,20.33,70.0,95.88
2,20.33,70.0,99.23
2,20.33,75.8,86.99
2,20.33,70.0,95.88
2,20.33,70.0,107.42
2,20.33,70.0,94.83
2,20.33,70.0,85.75
2,20.33,70.0,89.69
2,20.33,70.0,75.75
2,20.33,105.2,115.39
2,20.33,70.0,96.55
2,20.33,70.0,99.23
2,20.33,70.0,104.88
2,20.33,94.7,110.45
2,20.33,97.2,152.4
2,20.33,70.0,90.55
2,20.33,70.0,99.69
2,20.33,70.0,98.88
2,20.33,70.0,98.88
2,20.33,70.0,91.19
2,20.33,70.0,87.69
2,20.33,70.0,103.36
2,20.33,70.0,98.88
2,20.33,70.0,104.88
2,20.33,77.9,98.23
2,20.33,70.0,85.75
2,20.33,70.0,98.88
2,20.33,70.0,88.21
2,20.33,70.0,98.88
2,20.33,70.0,82.69
2,20.33,70.0,96.23
2,20.33,70.0,92.22
2,20.33,70.0,102.23
2,20.33,136.7,193.3
2,20.33,70.0,87.69
2,20.33,70.0,92.69
2,20.33,82.8,104.46
2,20.33,70.0,86.19
2,20.33,70.0,93.69
2,20.33,70.0,87.69
2,20.33,70.0,86.82
2,20.33,70.0,91.8
2,20.33,70.0,87.69
2,20.33,70.0,107.42
2,20.33,70.0,102.92
2,20.33,70.0,93.69
2,20.33,70.0,105.22
2,20.33,70.0,95.88
2,20.33,70.0,80.94
2,20.33,95.8,151.42
2,20.33,70.0,90.69
2,20.33,82.1,111.73
2,20.33,70.0,99.23
2,20.33,70.0,90.55
2,20.33,70.0,96.23
2,20.33,76.5,82.25
2,20.33,78.6,99.07
2,20.33,77.9,125.27
2,20.33,70.0,99.23
2,20.33,75.1,98.75
2,20.33,70.0,98.88
2,20.33,70.0,80.19
2,20.33,70.0,97.13
2,20.33,70.0,95.09
2,20.33,104.2,150.86
2,20.33,70.0,90.55
2,20.33,70.0,96.69
2,20.33,77.9,103.62
2,20.33,70.0,98.88
2,20.33,97.2,144.54
2,20.33,70.0,95.88
2,20.33,70.0,75.75
2,20.33,142.3,166.68
2,20.33,70.0,82.69
2,20.33,70.0,109.17
2,20.33,70.0,96.9
2,20.33,84.2,104.59
2,20.33,70.0,98.88
2,20.33,70.0,98.88
2,20.32,96.5,134.25
2,20.32,70.0,85.75
2,20.32,70.0,101.17
2,20.32,70.0,93.19
2,20.32,70.0,99.23
2,20.32,75.8,86.99
2,20.32,70.0,85.94
2,20.32,85.6,100.85
2,20.32,70.0,88.69
2,20.32,70.0,94.69
2,20.32,78.6,82.85
2,20.32,112.9,117.15
2,20.32,70.0,85.75
2,20.32,70.0,98.88
2,20.32,70.0,82.69
2,20.32,70.0,99.69
2,20.32,70.0,83.33
2,20.32,70.0,99.23
2,20.32,70.0,98.88
2,20.32,70.0,95.88
2,20.32,70.0,105.23
2,20.32,70.0,99.23
2,20.32,87.7,92.95
2,20.32,70.0,88.69
2,20.32,70.0,99.23
2,20.32,88.4,94.15
2,20.32,84.2,95.14
2,20.32,70.0,90.55
2,20.32,70.0,98.88
2,20.32,70.0,85.75
2,20.32,70.0,99.23
2,20.32,97.2,146.19
2,20.32,80.0,84.25
2,20.32,70.0,99.23
2,20.32,70.0,80.19
2,20.32,70.0,90.55
2,20.32,70.0,98.88
2,20.32,70.0,97.69
2,20.32,70.0,85.19
2,20.32,70.0,95.09
2,20.32,70.0,102.23
2,20.32,70.0,98.88
2,20.32,70.0,87.69
2,20.32,70.0,98.88
2,20.32,70.0,98.88
2,20.32,70.0,90.9
2,20.32,70.0,80.2
2,20.32,70.0,93.69
2,20.32,70.0,104.3
2,20.32,70.0,97.13
2,20.32,70.0,80.94
2,20.32,70.0,82.69
2,20.32,79.3,99.24
2,20.32,83.5,110.33
2,20.32,70.0,96.23
2,20.32,70.0,87.69
2,20.32,70.0,104.88
2,20.32,70.0,85.75
2,20.32,70.0,88.19
2,20.32,70.0,92.69
2,20.32,75.1,94.87
2,20.32,70.0,86.82
2,20.32,82.1,100.75
2,20.32,100.0,141.38
2,20.32,70.0,80.19
2,20.32,100.7,147.7
2,20.32,70.0,82.69
2,20.32,78.6,88.79
2,20.32,75.8,96.06
2,20.32,70.0,95.88
2,20.32,70.0,95.88
2,20.32,70.0,97.95
2,20.32,77.9,101.0
2,20.32,70.0,91.8
2,20.32,70.0,95.88
2,20.32,70.0,75.75
2,20.32,70.0,99.23
2,20.32,77.2,97.95
2,20.32,70.0,96.55
2,20.32,70.0,98.88
2,20.32,96.1,136.2
2,20.32,70.0,98.88
2,20.32,70.0,95.88
2,20.32,70.0,94.13
2,20.32,70.0,104.88
2,20.32,70.0,98.88
2,20.32,99.3,120.68
2,20.32,70.0,80.75
2,20.32,70.0,98.88
2,20.32,70.0,84.69
2,20.32,87.7,100.39
2,20.32,81.4,108.0
2,20.32,70.0,97.69
2,20.32,70.0,97.13
2,20.32,70.0,82.77
2,20.32,70.0,90.55
2,20.31,70.0,102.92
2,20.31,70.0,97.13
2,20.31,70.0,98.88
2,20.31,70.0,82.69
2,20.31,77.9,89.09
2,20.31,70.0,82.69
2,20.31,70.0,88.8
2,20.31,78.6,82.85
2,20.31,70.0,111.72
2,20.31,70.0,113.47
2,20.31,70.0,94.13
2,20.31,70.0,80.19
2,20.31,70.0,80.94
2,20.31,70.0,90.55
2,20.31,70.0,80.75
2,20.31,70.0,90.96
2,20.31,80.0,90.25
2,20.31,115.0,141.55
2,20.31,96.5,144.5
2,20.31,70.0,99.23
2,20.31,70.0,80.94
2,20.31,77.2,97.39
2,20.31,70.0,98.05
2,20.31,70.0,95.09
2,20.31,70.0,97.13
2,20.31,70.0,89.69
2,20.31,70.0,87.69
2,20.31,70.0,97.13
2,20.31,70.0,82.94
2,20.31,79.3,98.71
2,20.31,70.0,95.94
2,20.31,78.6,89.54
2,20.31,74.4,95.0
2,20.31,76.5,80.75
2,20.31,70.0,90.01
2,20.31,98.6,130.75
2,20.31,70.0,99.23
2,20.31,70.0,85.19
2,20.31,70.0,90.55
2,20.31,70.0,98.88
2,20.31,70.0,98.88
2,20.31,70.0,106.97
2,20.31,98.6,119.92
2,20.31,97.2,130.58
2,20.31,70.0,99.23
2,20.31,80.0,84.25
2,20.31,70.0,98.88
2,20.31,70.0,90.19
2,20.31,70.0,89.03
2,20.31,70.0,103.71
2,20.31,70.0,104.88
2,20.31,70.0,98.88
2,20.31,70.0,105.23
2,20.31,70.0,105.23
2,20.31,95.1,142.0
2,20.31,70.0,95.88
2,20.31,70.0,90.55
2,20.31,86.3,91.3
2,20.31,70.0,98.88
2,20.31,75.1,82.35
2,20.31,102.1,151.78
2,20.31,83.0,92.0
2,20.31,99.3,122.68
2,20.31,82.69,118.16
2,20.31,98.9,135.52
2,20.31,80.7,83.95
2,20.31,70.0,80.94
2,20.31,70.0,87.11
2,20.31,70.0,92.69
2,20.31,70.0,90.55
2,20.31,70.0,98.57
2,20.31,70.0,82.69
2,20.31,97.9,148.51
2,20.31,70.0,106.97
2,20.31,70.0,82.75
2,20.31,70.0,109.17
2,20.31,70.0,98.88
2,20.31,70.0,98.88
2,20.31,99.6,125.52
2,20.31,70.0,85.19
2,20.31,70.0,103.13
2,20.31,87.0,97.94
2,20.31,70.0,95.88
2,20.31,70.0,85.75
2,20.31,70.0,90.9
2,20.31,100.7,122.08
2,20.31,70.0,90.94
2,20.31,77.2,87.39
2,20.31,70.0,105.23
2,20.31,70.0,98.88
2,20.31,75.8,86.99
2,20.31,70.0,98.88
1,20.3,70.0,90.19
2,20.3,70.0,92.22
1,20.3,58.5,72.14
1,20.3,79.3,82.55
1,20.3,96.1,101.1
1,20.3,70.0,99.19
1,20.3,80.7,100.7
2,20.3,70.0,82.69
1,20.3,70.0,95.19
1,20.3,70.0,80.75
1,20.3,70.0,92.69
1,20.3,70.0,85.19
2,20.3,70.0,99.23
1,20.3,77.2,87.39
1,20.3,95.8,116.49
1,20.3,76.5,79.75
2,20.3,70.0,98.88
1,20.3,56.5,58.0
2,20.3,75.8,85.99
1,20.3,47.5,49.0
2,20.3,70.0,98.88
1,20.3,59.5,61.0
1,20.3,75.8,104.05
2,20.3,70.0,80.94
1,20.3,70.0,83.33
1,20.3,70.0,90.9
2,20.3,99.3,152.46
2,20.3,78.6,87.04
2,20.3,70.0,87.69
1,20.3,70.0,87.69
1,20.3,59.5,61.0
1,20.3,70.0,96.19
1,20.3,33.5,35.0
1,20.3,61.5,63.0
1,20.3,63.5,65.0
2,20.3,70.0,96.23
2,20.3,70.0,92.69
2,20.3,70.0,80.94
2,20.3,100.0,135.24
1,20.3,70.0,95.09
2,20.3,70.0,98.88
2,20.3,88.4,99.34
1,20.3,70.0,99.19
1,20.3,74.4,94.35
2,20.3,80.0,102.9
2,20.3,78.6,97.87
2,20.3,70.0,105.22
2,20.3,70.0,102.23
2,20.3,77.9,98.23
1,20.3,70.0,80.19
2,20.3,70.0,100.24
1,20.3,78.6,82.85
2,20.3,70.0,82.69
1,20.3,70.0,99.24
2,20.3,77.9,88.09
1,20.3,70.0,97.69
2,20.3,70.0,105.22
2,20.3,95.8,139.86
1,20.3,70.0,96.24
2,20.3,87.0,111.3
1,20.3,70.0,99.24
2,20.3,70.0,97.95
2,20.3,70.0,96.9
1,20.3,80.0,90.19
1,20.3,70.0,87.69
1,20.3,70.0,95.94
2,20.3,70.0,84.69
2,20.3,70.0,88.8
2,20.3,70.0,95.88
1,20.3,70.0,103.34
1,20.3,97.2,110.95
1,20.3,70.0,87.69
2,20.3,70.0,88.69
1,20.3,70.0,99.19
2,20.3,70.0,90.19
1,20.3,99.3,164.02
1,20.3,70.0,105.19
1,20.3,97.9,101.4
1,20.3,55.5,57.0
2,20.3,100.7,145.74
2,20.3,70.0,80.19
1,20.3,70.0,97.09
1,20.3,74.4,94.35
1,20.3,42.5,44.0
2,20.3,77.9,89.09
1,20.3,70.0,97.14
2,20.3,70.0,83.69
2,20.3,70.0,94.8
2,20.3,100.0,123.6
1,20.3,75.1,89.0
1,20.3,70.0,99.19
1,20.3,70.0,100.19
2,20.3,70.0,88.8
1,20.3,70.0,90.9
1,20.3,70.0,99.19
2,20.3,70.0,93.83
2,20.3,70.0,98.88
1,20.3,70.0,92.5
1,20.3,74.4,102.69
2,20.3,77.2,99.19
1,20.3,70.0,74.0
2,20.3,70.0,92.69
1,20.3,70.0,96.24
1,20.3,70.0,94.69
1,20.3,70.0,99.19
1,20.3,70.0,95.09
2,20.3,70.0,90.55
1,20.3,70.0,97.09
1,20.3,70.0,95.09
1,20.3,70.0,97.09
2,20.3,70.0,97.13
1,20.3,70.0,87.69
1,20.3,74.4,94.35
1,20.3,70.0,97.69
1,20.3,70.0,100.09
1,20.3,70.0,99.19
1,20.3,75.1,78.35
1,20.3,62.5,70.94
1,20.3,57.5,65.94
1,20.3,70.0,107.49
2,20.3,77.9,92.15
2,20.3,70.0,101.02
1,20.3,70.0,99.24
1,20.3,70.0,94.8
1,20.3,70.0,96.19
1,20.3,75.1,79.4
2,20.3,76.5,79.75
1,20.3,61.5,68.2
2,20.3,70.0,90.55
1,20.3,76.5,79.75
2,20.3,83.5,103.69
2,20.3,70.0,103.36
1,20.3,65.5,76.54
1,20.3,78.6,88.79
2,20.3,70.0,90.55
1,20.3,70.0,90.9
1,20.3,70.0,96.9
1,20.3,58.5,60.0
1,20.3,70.0,92.5
1,20.3,70.0,94.0
1,20.3,70.0,90.9
1,20.3,70.0,99.24
1,20.3,97.2,126.58
1,20.3,91.2,130.64
1,20.3,63.5,65.0
1,20.3,44.5,46.0
2,20.3,70.0,96.55
1,20.3,70.0,103.09
1,20.3,70.0,103.34
1,20.3,70.0,96.69
1,20.3,97.9,140.13
2,20.3,70.0,120.19
2,20.3,70.0,92.69
1,20.3,70.0,99.24
1,20.3,70.0,99.23
1,20.3,75.1,88.35
2,20.3,70.0,92.69
1,20.3,70.0,97.14
2,20.3,92.6,115.92
1,20.3,70.0,99.19
1,20.3,70.0,82.69
2,20.3,70.0,90.94
2,20.3,70.0,97.13
1,20.3,70.0,95.19
1,20.3,59.5,74.88
1,20.3,70.0,85.19
2,20.3,70.0,90.55
1,20.3,54.5,62.94
2,20.3,70.0,98.88
1,20.3,70.0,96.19
2,20.3,96.5,150.64
1,20.3,70.0,97.14
2,20.3,80.0,91.25
2,20.3,87.0,97.94
2,20.3,70.0,75.75
2,20.3,70.0,99.23
1,20.3,70.0,97.09
1,20.3,70.0,96.24
1,20.3,70.0,97.69
1,20.3,70.0,88.19
1,20.3,70.0,90.9
2,20.3,70.0,92.69
2,20.3,75.1,94.02
1,20.3,70.0,82.69
1,20.3,70.0,100.69
2,20.3,70.0,97.13
1,20.3,70.0,80.19
1,20.3,74.4,77.65
1,20.3,70.0,96.19
2,20.3,70.0,82.69
1,20.3,51.5,53.0
2,20.3,70.0,102.92
1,20.3,70.0,97.14
1,20.3,100.0,101.0
1,20.3,70.0,99.24
2,20.3,96.1,104.35
2,20.3,99.3,146.46
1,20.3,70.0,105.19
2,20.3,82.8,101.05
1,20.3,70.0,94.19
2,20.3,70.0,99.23
2,20.3,70.0,97.13
1,20.3,70.0,99.19
2,20.3,98.6,146.38
2,20.3,77.9,107.81
2,20.3,70.0,102.23
1,20.3,96.5,135.43
1,20.3,71.5,73.0
1,20.3,70.0,99.19
1,20.3,70.0,103.34
1,20.3,102.1,154.08
1,20.3,70.0,99.19
1,20.3,70.0,99.19
1,20.3,70.0,89.69
2,20.3,70.0,99.69
1,20.3,70.0,86.82
2,20.3,84.9,97.59
2,20.3,70.0,80.19
1,20.3,70.0,90.9
2,20.3,70.0,115.13
1,20.3,70.0,92.69
1,20.3,77.9,88.0
2,20.3,76.5,100.5
1,20.3,70.0,97.09
1,20.3,74.4,89.65
1,20.3,70.0,99.19
1,20.3,77.9,82.15
2,20.3,70.0,96.23
1,20.3,70.0,97.13
1,20.3,97.2,150.2
2,20.3,95.4,135.36
2,20.3,74.4,99.97
2,20.3,70.0,97.13
2,20.3,70.0,102.92
2,20.3,70.0,104.88
1,20.3,70.0,87.69
2,20.3,70.0,75.75
2,20.3,70.0,90.55
2,20.3,79.3,87.55
1,20.3,70.0,101.14
2,20.3,70.0,82.69
2,20.3,70.0,103.69
1,20.3,75.1,102.1
2,20.3,75.1,94.92
1,20.3,52.5,54.0
1,20.3,70.0,90.9
1,20.3,81.4,90.65
2,20.3,70.0,98.88
1,20.3,70.0,101.14
1,20.3,75.1,95.2
2,20.3,70.0,104.88
1,20.3,59.5,61.0
2,20.3,70.0,86.69
1,20.3,70.0,103.34
1,20.3,70.0,95.09
2,20.3,70.0,82.69
1,20.3,70.0,105.19
1,20.3,66.5,77.54
1,20.3,96.5,151.8
2,20.3,70.0,90.55
2,20.3,80.0,98.49
1,20.3,60.5,62.0
1,20.3,70.0,100.9
1,20.3,53.5,61.94
1,20.3,70.0,85.19
1,20.3,70.0,88.8
1,20.3,71.5,79.94
2,20.3,70.0,97.13
2,20.3,70.0,98.88
1,20.3,77.9,88.09
1,20.3,70.0,99.19
2,20.3,102.8,117.28
1,20.3,70.0,99.24
2,20.3,70.0,84.69
1,20.3,70.0,96.19
2,20.3,70.0,105.23
2,20.3,77.9,86.65
1,20.3,3.0,4.5
2,20.3,70.0,101.17
1,20.3,59.5,61.0
1,20.3,70.0,97.09
2,20.3,70.0,102.23
1,20.3,42.5,44.0
1,20.3,3.0,4.5
1,20.3,52.5,60.94
1,20.3,52.5,60.94
1,20.3,45.5,53.94
1,20.3,70.0,95.94
1,20.3,87.7,97.89
2,20.3,70.0,95.09
1,20.3,126.9,135.15
1,20.3,70.0,99.19
1,20.3,56.5,64.94
2,20.3,76.5,101.68
1,20.3,102.8,163.25
1,20.3,70.0,109.59
2,20.3,70.0,90.55
1,20.3,63.5,65.0
1,20.3,70.0,90.9
1,20.3,53.2,57.15
2,20.3,70.0,103.13
2,20.3,70.0,85.75
1,20.3,70.0,97.69
1,20.3,70.0,92.69
2,20.29,74.4,108.22
2,20.29,70.0,88.48
2,20.29,70.0,88.21
2,20.29,82.1,93.04
2,20.29,70.0,95.88
2,20.29,80.7,100.74
2,20.29,70.0,95.19
2,20.29,70.0,104.88
2,20.29,70.0,90.55
2,20.29,70.0,87.75
2,20.29,70.0,82.69
2,20.29,70.0,99.23
2,20.29,70.0,95.88
2,20.29,70.0,82.69
2,20.29,70.0,90.55
2,20.29,70.0,99.23
2,20.29,70.0,90.9
2,20.29,70.0,97.13
2,20.29,70.0,96.23
2,20.29,70.0,80.94
2,20.29,70.0,104.88
2,20.29,70.0,80.19
2,20.29,70.0,87.69
2,20.29,70.0,89.69
2,20.29,70.0,99.23
2,20.29,70.0,98.88
2,20.29,70.0,95.09
2,20.29,89.1,110.47
2,20.29,70.0,105.22
2,20.29,70.0,90.19
2,20.29,70.0,87.69
2,20.29,70.0,80.19
2,20.29,70.0,92.69
2,20.29,70.0,90.96
2,20.29,70.0,98.88
2,20.29,70.0,90.19
2,20.29,70.0,97.69
2,20.29,70.0,97.69
2,20.29,70.0,90.55
2,20.29,70.0,90.9
2,20.29,100.0,114.38
2,20.29,70.0,98.88
2,20.29,70.0,98.88
2,20.29,70.0,90.55
2,20.29,70.0,88.21
2,20.29,70.0,82.69
2,20.29,70.0,102.92
2,20.29,81.4,109.75
2,20.29,104.2,138.58
2,20.29,76.5,80.75
2,20.29,70.0,75.75
2,20.29,70.0,97.13
2,20.29,70.0,85.75
2,20.29,70.0,82.69
2,20.29,70.0,96.23
2,20.29,76.5,86.69
2,20.29,70.0,98.88
2,20.29,70.0,92.69
2,20.29,98.6,143.52
2,20.29,70.0,85.0
2,20.29,70.0,95.88
2,20.29,70.0,88.21
2,20.29,70.0,104.88
2,20.29,70.0,87.11
2,20.29,75.1,94.87
2,20.29,70.0,85.75
2,20.29,70.0,102.23
2,20.29,97.2,143.5
2,20.29,70.0,97.13
2,20.29,70.0,100.94
2,20.29,70.0,101.17
2,20.29,100.7,152.5
2,20.29,70.0,104.88
2,20.28,70.0,94.69
2,20.28,88.0,113.21
2,20.28,75.8,99.62
2,20.28,122.7,150.79
2,20.28,70.0,73.25
2,20.28,70.0,99.23
2,20.28,70.0,103.13
2,20.28,70.0,95.09
2,20.28,70.0,90.19
2,20.28,77.2,99.19
2,20.28,70.0,85.75
2,20.28,70.0,100.13
2,20.28,70.0,99.23
2,20.28,70.0,95.94
2,20.28,75.1,85.29
2,20.28,70.0,97.13
2,20.28,70.0,96.23
2,20.28,70.0,98.88
2,20.28,70.0,95.88
2,20.28,70.0,80.19
2,20.28,70.0,98.88
2,20.28,70.0,82.69
2,20.28,77.2,88.39
2,20.28,70.0,78.75
2,20.28,70.0,98.88
2,20.28,70.0,99.23
2,20.28,70.0,97.13
2,20.28,70.0,95.69
2,20.28,70.0,104.88
2,20.28,70.0,87.69
2,20.28,80.7,89.95
2,20.28,70.0,102.92
2,20.28,75.1,87.79
2,20.28,70.0,102.92
2,20.28,70.0,94.69
2,20.28,70.0,97.69
2,20.28,70.0,99.23
2,20.28,70.0,90.19
2,20.28,70.0,94.83
2,20.28,80.7,87.45
2,20.28,143.7,189.7
2,20.28,70.0,92.69
2,20.28,92.6,119.37
2,20.28,70.0,105.23
2,20.28,80.0,101.1
2,20.28,70.0,80.19
2,20.28,74.4,83.65
2,20.28,75.1,86.29
2,20.28,70.0,98.88
2,20.28,70.0,98.88
2,20.28,77.2,96.19
2,20.28,70.0,88.19
2,20.28,70.0,90.96
2,20.28,70.0,75.75
2,20.28,70.0,90.9
2,20.28,70.0,85.19
2,20.28,77.9,81.15
2,20.28,70.0,98.88
2,20.28,70.0,85.19
2,20.28,70.0,109.17
2,20.28,70.0,98.88
2,20.28,70.0,103.07
2,20.28,70.0,98.88
2,20.28,70.0,85.94
2,20.28,70.0,98.88
2,20.28,75.8,91.99
2,20.28,74.4,99.41
2,20.28,70.0,80.19
2,20.28,70.0,87.69
2,20.28,70.0,85.94
2,20.28,70.0,81.75
2,20.28,78.6,99.07
2,20.28,77.9,108.36
2,20.28,95.1,120.48
2,20.28,70.0,100.19
2,20.28,77.2,81.45
2,20.28,70.0,95.09
2,20.28,70.0,90.94
2,20.27,98.6,102.1
2,20.27,97.9,142.68
2,20.27,70.0,98.88
2,20.27,102.1,139.85
2,20.27,70.0,82.69
2,20.27,101.4,155.14
2,20.27,70.0,92.69
2,20.27,70.0,98.88
2,20.27,70.0,82.69
2,20.27,70.0,95.09
2,20.27,70.0,95.88
2,20.27,70.0,99.23
2,20.27,99.3,147.12
2,20.27,103.5,152.97
2,20.27,78.6,82.85
2,20.27,70.0,95.94
2,20.27,70.0,99.23
2,20.27,140.0,141.0
2,20.27,70.0,96.9
2,20.27,70.0,88.8
2,20.27,70.0,104.88
2,20.27,70.0,96.23
2,20.27,74.4,94.03
2,20.27,70.0,97.69
2,20.27,80.7,98.45
2,20.27,78.6,81.85
2,20.27,70.0,80.94
2,20.27,75.8,86.99
2,20.27,70.0,92.69
2,20.27,70.0,101.17
2,20.27,102.8,125.05
2,20.27,70.0,95.88
2,20.27,70.0,103.36
2,20.27,70.0,105.23
2,20.27,70.0,90.9
2,20.27,70.0,98.88
2,20.27,70.0,101.17
2,20.27,70.0,98.88
2,20.27,70.0,103.36
2,20.27,80.0,99.55
2,20.27,70.0,87.69
2,20.27,70.0,102.92
2,20.27,70.0,96.23
2,20.27,70.0,95.88
2,20.27,70.0,94.69
2,20.27,70.0,82.69
2,20.27,70.0,90.55
2,20.27,70.0,102.92
2,20.27,70.0,90.9
2,20.27,70.0,79.0
2,20.27,70.0,107.21
2,20.27,70.0,99.23
2,20.27,70.0,97.13
2,20.27,70.0,95.88
2,20.27,70.0,92.69
2,20.27,81.4,109.91
2,20.27,70.0,87.69
2,20.27,70.0,82.69
2,20.27,70.0,90.96
2,20.27,70.0,80.19
2,20.27,70.0,85.75
2,20.27,70.0,96.23
2,20.27,80.0,95.25
2,20.27,70.0,95.88
2,20.27,70.0,95.09
2,20.27,95.8,122.6
2,20.27,70.0,92.5
2,20.27,70.0,82.69
2,20.27,70.0,90.19
2,20.27,70.0,98.88
2,20.27,70.0,98.88
2,20.27,96.5,141.46
2,20.27,70.0,82.69
2,20.27,70.0,98.88
2,20.27,99.6,125.54
2,20.27,70.0,91.19
2,20.27,70.0,74.0
2,20.27,70.0,106.13
2,20.27,70.0,104.88
2,20.27,70.0,80.94
2,20.27,81.4,88.15
2,20.27,70.0,80.94
2,20.27,70.0,91.8
2,20.27,76.5,102.55
2,20.27,70.0,87.69
2,20.27,70.0,109.17
2,20.27,70.0,82.69
2,20.27,99.3,131.16
2,20.27,75.8,87.74
2,20.27,70.0,94.08
2,20.27,78.6,85.35
2,20.27,70.0,85.75
2,20.27,70.0,83.33
2,20.27,70.0,103.72
2,20.27,70.0,95.19
2,20.26,70.0,80.19
2,20.26,87.7,109.99
2,20.26,70.0,103.13
2,20.26,75.1,90.85
2,20.26,70.0,79.54
2,20.26,70.0,95.88
2,20.26,70.0,97.13
2,20.26,70.0,80.19
2,20.26,70.0,98.88
2,20.26,70.0,82.69
2,20.26,70.0,90.9
2,20.26,70.0,98.88
2,20.26,70.0,103.72
2,20.26,76.5,95.35
2,20.26,97.2,150.65
2,20.26,70.0,89.44
2,20.26,70.0,95.88
2,20.26,70.0,92.69
2,20.26,70.0,80.19
2,20.26,70.0,95.88
2,20.26,77.2,97.39
2,20.26,70.0,97.13
2,20.26,82.8,93.99
2,20.26,70.0,86.19
2,20.26,70.0,87.69
2,20.26,70.0,90.69
2,20.26,70.0,90.75
2,20.26,70.0,98.19
2,20.26,84.2,87.45
2,20.26,70.0,101.17
2,20.26,70.0,94.69
2,20.26,70.0,85.75
2,20.26,77.2,89.89
2,20.26,84.9,125.89
2,20.26,95.1,136.31
2,20.26,70.0,99.23
2,20.26,97.9,134.74
2,20.26,75.8,98.71
2,20.26,70.0,95.09
2,20.26,70.0,103.13
2,20.26,70.0,98.88
2,20.26,77.9,86.15
2,20.26,76.5,90.9
2,20.26,70.0,95.69
2,20.26,76.5,78.0
2,20.26,70.0,98.88
2,20.26,85.6,100.29
2,20.26,84.9,105.43
2,20.26,70.0,99.23
2,20.26,70.0,102.92
2,20.26,70.0,80.19
2,20.26,79.3,89.49
2,20.26,70.0,94.25
2,20.26,70.0,98.19
2,20.26,70.0,105.23
2,20.26,70.0,99.23
2,20.26,70.0,85.75
2,20.26,70.0,85.19
2,20.26,70.0,98.88
2,20.26,70.0,87.69
2,20.26,70.0,99.23
2,20.26,70.0,95.88
2,20.26,70.0,86.82
2,20.26,87.7,93.45
2,20.26,70.0,94.25
2,20.26,70.0,94.69
2,20.26,70.0,84.69
2,20.26,131.1,174.58
2,20.26,77.9,98.23
2,20.26,70.0,97.13
2,20.26,76.5,89.19
2,20.26,87.7,109.99
2,20.26,70.0,75.75
2,20.26,70.0,100.69
2,20.26,70.0,95.88
2,20.26,75.1,95.22
2,20.26,70.0,111.72
2,20.26,76.5,95.35
2,20.26,70.0,96.55
2,20.26,70.0,104.88
2,20.26,108.7,135.54
2,20.26,70.0,90.94
2,20.26,70.0,87.69
2,20.26,70.0,98.88
2,20.26,70.0,88.48
2,20.25,97.2,98.2
2,20.25,79.3,98.71
2,20.25,70.0,102.92
2,20.25,70.0,102.23
2,20.25,70.0,90.19
2,20.25,78.6,99.07
2,20.25,70.0,82.69
2,20.25,70.0,78.44
2,20.25,100.0,151.66
2,20.25,83.5,100.63
2,20.25,70.0,84.69
2,20.25,70.0,99.23
2,20.25,70.0,95.09
2,20.25,77.2,99.54
2,20.25,70.0,92.69
2,20.25,70.0,103.13
2,20.25,87.0,104.69
2,20.25,80.7,86.45
2,20.25,74.4,92.65
2,20.25,70.0,96.69
2,20.25,76.5,86.69
2,20.25,70.0,77.75
2,20.25,76.5,79.75
2,20.25,70.0,104.88
2,20.25,70.0,94.13
2,20.25,70.0,91.0
2,20.25,70.0,80.19
2,20.25,70.0,85.75
2,20.25,70.0,98.88
2,20.25,70.0,80.19
2,20.25,100.0,137.26
2,20.25,70.0,102.23
2,20.25,70.0,106.97
2,20.25,97.9,123.9
2,20.25,70.0,96.55
2,20.25,99.3,156.36
2,20.25,70.0,106.97
2,20.25,70.0,82.69
2,20.25,79.3,99.06
2,20.25,70.0,90.9
2,20.25,125.5,157.15
2,20.25,70.0,98.88
2,20.25,84.2,95.14
2,20.25,79.3,99.91
2,20.25,70.0,90.55
2,20.25,70.0,98.88
2,20.25,70.0,82.69
2,20.25,70.0,97.13
2,20.25,70.0,90.55
2,20.25,70.0,85.75
2,20.25,70.0,95.88
2,20.25,102.8,170.67
2,20.25,70.0,75.75
2,20.25,70.0,99.8
2,20.25,70.0,97.13
2,20.25,70.0,80.19
2,20.25,70.0,98.88
2,20.25,77.2,80.45
2,20.25,70.0,82.69
2,20.25,70.0,99.8
2,20.25,70.0,99.23
2,20.25,70.0,84.0
2,20.25,82.8,112.79
2,20.25,70.0,104.88
2,20.25,70.0,105.23
2,20.25,82.1,118.05
2,20.25,70.0,87.69
2,20.25,70.0,96.46
2,20.25,70.0,98.88
2,20.25,70.0,104.88
2,20.25,70.0,92.69
2,20.25,74.4,85.59
2,20.25,118.5,148.2
2,20.25,70.0,95.88
2,20.25,70.0,90.55
2,20.25,70.0,87.69
2,20.25,82.8,91.05
2,20.25,70.0,106.97
2,20.25,70.0,90.55
2,20.25,70.0,82.69
2,20.25,70.0,96.9
2,20.25,70.0,99.19
2,20.25,70.0,96.55
2,20.25,70.0,83.33
2,20.24,75.8,99.62
2,20.24,70.0,98.88
2,20.24,70.0,93.55
2,20.24,70.0,97.13
2,20.24,70.0,90.75
2,20.24,82.8,86.05
2,20.24,70.0,75.75
2,20.24,70.0,85.94
2,20.24,75.1,86.29
2,20.24,70.0,104.88
2,20.24,70.0,82.69
2,20.24,70.0,98.88
2,20.24,70.0,83.33
2,20.24,97.2,134.45
2,20.24,70.0,75.75
2,20.24,70.0,92.19
2,20.24,98.6,137.98
2,20.24,96.5,153.06
2,20.24,81.4,87.15
2,20.24,70.0,98.88
2,20.24,70.0,95.88
2,20.24,70.0,88.8
2,20.24,70.0,82.69
2,20.24,97.9,139.56
2,20.24,79.3,98.71
2,20.24,70.0,98.88
2,20.24,70.0,82.69
2,20.24,70.0,90.55
2,20.24,70.0,90.55
2,20.24,70.0,80.19
2,20.24,70.0,98.88
2,20.24,70.0,98.88
2,20.24,70.0,100.24
2,20.24,70.0,99.23
2,20.24,70.0,97.13
2,20.24,70.0,98.88
2,20.24,70.0,96.55
2,20.24,70.0,99.23
2,20.24,70.0,96.23
2,20.24,70.0,75.75
2,20.24,70.0,80.19
2,20.24,70.0,82.69
2,20.24,80.0,81.0
2,20.24,70.0,75.75
2,20.24,70.0,88.8
2,20.24,81.4,112.01
2,20.24,70.0,95.51
2,20.24,77.2,83.67
2,20.24,75.1,103.55
2,20.24,95.8,143.02
2,20.24,70.0,94.69
2,20.24,97.2,121.98
2,20.24,70.0,82.69
2,20.24,79.3,83.55
2,20.24,70.0,83.44
2,20.24,70.0,93.69
2,20.24,94.7,139.85
2,20.24,70.0,80.19
2,20.24,70.0,97.57
2,20.24,70.0,98.88
2,20.24,75.8,80.05
2,20.24,70.0,90.55
2,20.24,77.2,90.45
2,20.24,70.0,82.69
2,20.24,70.0,107.5
2,20.24,70.0,96.69
2,20.24,70.0,98.88
2,20.24,96.5,110.88
2,20.24,70.0,94.13
2,20.24,70.0,98.88
2,20.24,70.0,90.55
2,20.24,70.0,82.69
2,20.24,70.0,85.19
2,20.24,70.0,97.13
2,20.24,94.0,97.25
2,20.24,70.0,97.13
2,20.24,70.0,95.09
2,20.24,70.0,87.75
2,20.24,70.0,92.69
2,20.24,70.0,97.69
2,20.24,70.0,90.55
2,20.24,77.9,107.81
2,20.24,70.0,75.75
2,20.24,70.0,111.08
2,20.24,87.0,108.6
2,20.24,70.0,97.13
2,20.24,70.0,103.36
2,20.24,70.0,98.88
2,20.24,70.0,97.13
2,20.24,70.0,82.69
2,20.24,77.9,88.09
2,20.24,70.0,97.13
2,20.24,78.6,97.87
2,20.24,70.0,90.19
2,20.24,70.0,87.69
2,20.24,70.0,82.69
2,20.24,70.0,97.13
2,20.24,95.1,138.84
2,20.24,70.0,97.69
2,20.24,70.0,99.23
2,20.24,70.0,82.69
2,20.23,70.0,97.57
2,20.23,70.0,92.69
2,20.23,70.0,90.55
2,20.23,82.1,105.07
2,20.23,70.0,98.88
2,20.23,70.0,96.23
2,20.23,70.0,98.88
2,20.23,74.4,101.16
2,20.23,70.0,98.88
2,20.23,70.0,90.19
2,20.23,70.0,80.94
2,20.23,70.0,97.13
2,20.23,76.5,96.55
2,20.23,75.8,86.99
2,20.23,70.0,98.88
2,20.23,70.0,80.19
2,20.23,70.0,82.69
2,20.23,96.5,118.75
2,20.23,70.0,82.69
2,20.23,70.0,96.23
2,20.23,70.0,99.23
2,20.23,70.0,95.88
2,20.23,70.0,78.44
2,20.23,70.0,75.75
2,20.23,70.0,92.69
2,20.23,84.2,110.13
2,20.23,70.0,82.69
2,20.23,77.9,106.61
2,20.23,75.8,105.05
2,20.23,70.0,96.55
2,20.23,70.0,80.19
2,20.23,76.5,79.75
2,20.23,70.0,80.75
2,20.23,74.4,95.15
2,20.23,70.0,99.23
2,20.23,70.0,101.88
2,20.23,70.0,96.23
2,20.23,76.5,87.44
2,20.23,101.4,155.62
2,20.23,70.0,85.94
2,20.23,121.3,135.05
2,20.23,70.0,95.09
2,20.23,70.0,82.69
2,20.23,70.0,94.25
2,20.23,70.0,82.7
2,20.23,70.0,88.69
2,20.23,70.0,97.13
2,20.23,70.0,84.0
2,20.23,70.0,84.0
2,20.23,80.0,100.75
2,20.23,70.0,95.88
2,20.23,70.0,90.55
2,20.23,70.0,97.13
2,20.23,70.0,90.55
2,20.23,70.0,80.19
2,20.23,100.3,102.8
2,20.23,70.0,97.69
2,20.23,70.0,82.69
2,20.23,78.0,99.55
2,20.23,70.0,90.55
2,20.23,70.0,75.75
2,20.23,70.0,98.88
2,20.23,70.0,99.23
2,20.23,84.9,98.15
2,20.23,82.1,92.85
2,20.23,74.4,92.02
2,20.23,70.0,74.0
2,20.23,70.0,75.75
2,20.23,70.0,87.69
2,20.23,70.0,84.2
2,20.23,70.0,96.75
2,20.23,70.0,98.88
2,20.23,76.5,87.25
2,20.23,70.0,98.88
2,20.23,98.6,138.6
2,20.23,70.0,99.23
2,20.23,70.0,94.13
2,20.23,77.2,82.95
2,20.23,70.0,80.19
2,20.23,70.0,98.88
2,20.23,70.0,101.17
2,20.23,84.9,100.09
2,20.23,70.0,99.23
2,20.23,70.0,82.69
2,20.23,70.0,100.13
2,20.23,70.0,107.5
2,20.23,70.0,94.8
2,20.23,70.0,99.23
2,20.23,70.0,102.92
2,20.23,70.0,82.69
2,20.23,97.2,126.09
2,20.23,107.7,166.98
2,20.23,70.0,94.25
2,20.23,70.0,87.11
2,20.23,70.0,96.23
2,20.23,70.0,104.88
2,20.23,70.0,96.23
2,20.23,78.6,82.85
2,20.22,70.0,97.13
2,20.22,70.0,97.69
2,20.22,70.0,85.94
2,20.22,70.0,80.94
2,20.22,70.0,87.11
2,20.22,70.0,90.55
2,20.22,70.0,98.88
2,20.22,70.0,84.69
2,20.22,70.0,83.69
2,20.22,80.7,97.45
2,20.22,70.0,87.11
2,20.22,70.0,87.69
2,20.22,70.0,103.72
2,20.22,70.0,92.69
2,20.22,76.5,80.75
2,20.22,70.0,98.88
2,20.22,70.0,75.75
2,20.22,77.9,108.5
2,20.22,75.8,95.71
2,20.22,99.3,178.18
2,20.22,70.0,80.75
2,20.22,70.0,90.75
2,20.22,70.0,104.97
2,20.22,70.0,82.69
2,20.22,70.0,80.75
2,20.22,70.0,90.9
2,20.22,70.0,87.69
2,20.22,70.0,80.94
2,20.22,70.0,85.94
2,20.22,70.0,98.88
2,20.22,70.0,90.19
2,20.22,70.0,95.88
2,20.22,70.0,98.88
2,20.22,70.0,80.19
2,20.22,70.0,99.23
2,20.22,75.8,80.05
2,20.22,70.0,87.69
2,20.22,70.0,104.88
2,20.22,70.0,90.55
2,20.22,89.8,95.55
2,20.22,70.0,92.22
2,20.22,70.0,98.88
2,20.22,70.0,74.0
2,20.22,70.0,99.23
2,20.22,86.3,89.55
2,20.22,100.7,140.5
2,20.22,70.0,95.88
2,20.22,70.0,104.88
2,20.22,70.0,99.23
2,20.22,70.0,75.75
2,20.22,70.0,99.23
2,20.22,70.0,104.88
2,20.22,70.0,99.23
2,20.22,70.0,90.9
2,20.22,75.1,95.22
2,20.22,70.0,98.88
2,20.22,70.0,98.88
2,20.22,70.0,100.84
2,20.22,70.0,90.9
2,20.22,84.47,96.66
2,20.22,91.9,96.15
2,20.22,70.0,95.09
2,20.22,103.5,149.86
2,20.22,70.0,98.88
2,20.22,70.0,96.23
2,20.22,100.0,139.66
2,20.22,95.8,145.06
2,20.22,70.0,98.88
2,20.22,70.0,95.94
2,20.22,70.0,74.0
2,20.22,70.0,98.88
2,20.22,70.0,84.38
2,20.22,70.0,97.13
2,20.22,70.0,97.13
2,20.22,70.0,90.69
2,20.22,70.0,96.55
2,20.22,70.0,90.55
2,20.22,98.9,143.43
2,20.22,70.0,99.23
2,20.22,70.0,75.75
2,20.22,70.0,90.55
2,20.22,70.0,85.94
2,20.22,70.0,90.96
2,20.22,70.0,99.23
2,20.21,70.0,82.69
2,20.21,70.0,99.23
2,20.21,78.6,115.2
2,20.21,82.1,87.85
2,20.21,70.0,104.88
2,20.21,70.0,85.75
2,20.21,70.0,90.19
2,20.21,70.0,104.88
2,20.21,70.0,95.09
2,20.21,70.0,75.75
2,20.21,70.0,74.0
2,20.21,70.0,102.23
2,20.21,70.0,99.23
2,20.21,70.0,92.22
2,20.21,70.0,90.19
2,20.21,70.0,87.69
2,20.21,70.0,82.69
2,20.21,70.0,104.88
2,20.21,70.0,95.88
2,20.21,70.0,97.13
2,20.21,70.0,85.19
2,20.21,70.0,82.69
2,20.21,70.0,99.23
2,20.21,70.0,95.88
2,20.21,79.3,99.91
2,20.21,70.0,90.96
2,20.21,70.0,96.23
2,20.21,70.0,98.88
2,20.21,70.0,98.88
2,20.21,70.0,90.55
2,20.21,70.0,95.88
2,20.21,70.0,85.75
2,20.21,70.0,92.5
2,20.21,70.0,90.55
2,20.21,70.0,98.88
2,20.21,70.0,101.97
2,20.21,70.0,96.46
2,20.21,80.0,102.55
2,20.21,70.0,98.88
2,20.21,76.5,100.94
2,20.21,75.1,97.5
2,20.21,70.0,81.0
2,20.21,97.2,110.95
2,20.21,70.0,95.88
2,20.21,70.0,99.23
2,20.21,70.0,90.55
2,20.21,70.0,99.8
2,20.21,70.0,90.19
2,20.21,70.0,99.23
2,20.21,102.1,139.78
2,20.21,70.0,103.36
2,20.21,70.0,90.55
2,20.21,70.0,88.19
2,20.21,70.0,97.13
2,20.21,70.0,95.09
2,20.21,70.0,90.69
2,20.21,70.0,95.88
2,20.21,70.0,85.19
2,20.21,150.0,173.07
2,20.21,70.0,99.23
2,20.21,70.0,96.23
2,20.21,70.0,82.94
2,20.21,70.0,82.69
2,20.21,70.0,90.96
2,20.21,79.3,90.3
2,20.21,70.0,89.38
2,20.21,96.1,100.35
2,20.21,75.1,92.1
2,20.21,70.0,95.88
2,20.21,70.0,97.13
2,20.21,70.0,80.94
2,20.21,100.0,143.28
2,20.21,70.0,99.23
2,20.21,70.0,90.55
2,20.21,75.8,88.49
2,20.21,70.0,90.96
2,20.21,70.0,97.57
2,20.21,77.9,88.09
2,20.21,70.0,80.94
2,20.21,70.0,104.88
2,20.21,70.0,96.23
2,20.21,70.0,104.88
2,20.21,70.0,96.23
2,20.21,70.0,93.69
2,20.21,70.0,99.23
2,20.21,70.0,109.17
2,20.21,70.0,87.9
2,20.21,70.0,95.09
2,20.21,100.0,151.29
2,20.21,102.1,130.23
2,20.21,70.0,97.13
2,20.21,70.0,90.55
2,20.21,70.0,90.55
2,20.21,70.0,90.55
2,20.21,70.0,85.19
2,20.21,70.0,90.9
2,20.21,76.5,96.55
2,20.21,70.0,94.8
2,20.21,70.0,98.88
2,20.21,70.0,94.13
2,20.21,104.9,158.74
2,20.21,70.0,98.88
2,20.21,113.6,121.85
2,20.21,70.0,90.55
2,20.21,78.6,103.12
2,20.21,70.0,94.13
1,20.2,70.0,103.34
1,20.2,70.0,99.24
1,20.2,95.8,120.18
1,20.2,70.0,80.94
2,20.2,70.0,101.17
1,20.2,70.0,94.09
1,20.2,70.0,90.19
1,20.2,70.0,97.09
1,20.2,70.0,90.19
1,20.2,70.0,88.8
1,20.2,70.0,99.19
1,20.2,94.7,102.95
2,20.2,70.0,103.36
1,20.2,96.5,135.48
1,20.2,76.5,79.0
2,20.2,70.0,95.88
1,20.2,70.0,99.19
1,20.2,95.1,134.48
1,20.2,70.0,80.75
1,20.2,70.0,74.0
1,20.2,70.0,90.9
1,20.2,70.0,90.9
2,20.2,77.2,82.95
1,20.2,70.0,97.14
1,20.2,70.0,99.19
1,20.2,98.6,149.1
2,20.2,70.0,90.96
2,20.2,70.0,76.5
1,20.2,70.0,89.03
2,20.2,70.0,105.22
1,20.2,97.2,153.85
1,20.2,70.0,80.94
2,20.2,70.0,90.94
2,20.2,70.0,98.88
2,20.2,70.0,85.75
1,20.2,77.9,81.15
1,20.2,70.0,96.49
1,20.2,70.0,92.69
1,20.2,70.0,75.75
1,20.2,77.9,87.15
1,20.2,59.5,61.0
1,20.2,70.0,90.19
1,20.2,70.0,82.69
1,20.2,150.0,197.23
1,20.2,70.0,92.0
1,20.2,70.0,103.34
2,20.2,70.0,100.5
1,20.2,97.2,147.7
2,20.2,79.3,98.68
1,20.2,97.2,163.05
2,20.2,70.0,106.97
1,20.2,70.0,87.69
1,20.2,70.0,74.0
1,20.2,70.0,97.14
1,20.2,70.0,99.19
1,20.2,102.1,140.35
1,20.2,70.0,87.69
2,20.2,70.0,95.09
1,20.2,70.0,92.69
1,20.2,95.8,114.05
1,20.2,70.0,80.94
1,20.2,70.0,89.75
2,20.2,70.0,104.88
1,20.2,70.0,99.19
2,20.2,70.0,92.07
2,20.2,97.2,121.2
1,20.2,70.0,97.34
1,20.2,70.0,97.14
2,20.2,87.7,98.64
1,20.2,97.2,111.95
2,20.2,77.2,99.19
1,20.2,70.0,87.94
2,20.2,70.0,93.69
1,20.2,70.0,99.19
1,20.2,70.0,99.19
2,20.2,100.0,142.19
2,20.2,70.0,82.19
1,20.2,70.0,94.69
1,20.2,70.0,97.09
1,20.2,97.9,165.15
1,20.2,70.0,99.19
1,20.2,45.5,47.0
1,20.2,97.9,149.73
2,20.2,94.4,139.08
1,20.2,70.0,90.9
1,20.2,70.0,103.34
1,20.2,70.0,95.19
2,20.2,70.0,88.8
1,20.2,70.0,80.94
1,20.2,97.2,133.88
1,20.2,74.4,86.34
1,20.2,60.5,62.0
1,20.2,70.0,97.09
2,20.2,78.6,81.85
1,20.2,70.0,103.09
1,20.2,70.0,80.0
1,20.2,70.0,78.44
1,20.2,70.0,82.69
1,20.2,84.2,94.39
2,20.2,70.0,75.75
2,20.2,70.0,98.88
1,20.2,70.0,105.54
1,20.2,70.0,98.75
2,20.2,99.3,135.66
1,20.2,70.0,97.69
1,20.2,70.0,99.19
2,20.2,76.5,95.35
1,20.2,70.0,99.19
1,20.2,70.0,90.9
2,20.2,70.0,97.13
1,20.2,70.0,82.69
2,20.2,77.9,81.15
2,20.2,70.0,94.69
1,20.2,70.0,97.09
2,20.2,75.8,91.99
2,20.2,70.0,104.88
2,20.2,70.0,86.0
1,20.2,70.0,107.49
2,20.2,70.0,98.88
2,20.2,77.9,98.23
2,20.2,70.0,90.19
1,20.2,70.0,80.75
2,20.2,75.1,96.67
2,20.2,70.0,88.21
2,20.2,76.5,85.75
1,20.2,70.0,103.34
2,20.2,70.0,92.69
1,20.2,70.0,91.94
1,20.2,70.0,82.0
1,20.2,70.0,97.69
1,20.2,3.0,8.75
2,20.2,70.0,94.25
1,20.2,51.5,59.94
1,20.2,81.4,91.59
1,20.2,70.0,92.69
2,20.2,70.0,75.75
1,20.2,70.0,101.14
1,20.2,70.0,99.19
1,20.2,70.0,85.19
1,20.2,75.1,84.35
2,20.2,75.8,96.06
1,20.2,82.1,85.35
2,20.2,70.0,90.55
2,20.2,70.0,97.13
1,20.2,76.5,100.75
1,20.2,73.7,87.95
1,20.2,80.0,90.75
1,20.2,68.5,76.94
1,20.2,70.0,101.19
2,20.2,70.0,98.88
1,20.2,56.5,58.0
1,20.2,70.0,90.9
1,20.2,70.0,90.19
1,20.2,70.0,99.24
1,20.2,70.0,88.8
1,20.2,70.0,107.49
2,20.2,70.0,82.69
2,20.2,70.0,98.88
2,20.2,70.0,102.92
2,20.2,77.9,86.15
2,20.2,70.0,99.23
2,20.2,70.0,82.75
1,20.2,70.0,90.69
2,20.2,78.6,97.32
2,20.2,75.1,93.79
2,20.2,77.9,88.09
1,20.2,60.5,62.0
1,20.2,98.0,99.0
1,20.2,75.1,85.29
1,20.2,75.8,83.8
2,20.2,70.0,97.13
1,20.2,70.0,82.69
2,20.2,70.0,87.42
2,20.2,74.4,85.59
1,20.2,70.0,82.69
1,20.2,70.0,90.69
1,20.2,76.5,89.19
1,20.2,70.0,88.94
2,20.2,101.4,115.78
1,20.2,70.0,85.94
1,20.2,70.0,99.19
2,20.2,70.0,106.97
2,20.2,70.0,95.88
1,20.2,70.0,85.19
1,20.2,70.0,80.19
2,20.2,70.0,90.55
1,20.2,70.0,99.19
1,20.2,101.4,138.93
1,20.2,70.0,99.22
1,20.2,70.0,85.75
1,20.2,59.5,61.0
2,20.2,70.0,75.75
1,20.2,61.5,63.0
1,20.2,70.0,102.69
1,20.2,97.9,154.91
1,20.2,75.8,101.9
1,20.2,70.0,96.9
1,20.2,70.0,83.75
1,20.2,70.0,85.75
1,20.2,75.1,99.35
1,20.2,70.0,103.34
1,20.2,70.0,94.09
1,20.2,76.5,86.69
1,20.2,70.0,89.03
2,20.2,100.0,123.38
1,20.2,75.1,97.9
1,20.2,70.0,92.69
2,20.2,70.0,88.19
1,20.2,70.0,80.94
1,20.2,70.0,80.94
1,20.2,70.0,92.69
1,20.2,70.0,82.69
2,20.2,70.0,102.23
2,20.2,70.0,102.23
2,20.2,70.0,85.75
1,20.2,76.5,85.75
1,20.2,70.0,88.8
1,20.2,74.4,106.16
2,20.2,70.0,105.23
1,20.2,70.0,82.69
1,20.2,70.0,99.19
2,20.2,98.6,144.72
1,20.2,60.5,75.88
1,20.2,70.0,105.19
1,20.2,100.0,121.2
1,20.2,77.2,82.95
1,20.2,82.1,94.79
1,20.2,70.0,103.34
1,20.2,52.5,60.94
2,20.2,70.0,96.23
1,20.2,70.0,90.9
1,20.2,70.0,90.19
1,20.2,70.0,98.83
1,20.2,70.0,99.24
2,20.2,81.4,92.5
2,20.2,95.8,152.73
1,20.2,97.2,141.08
1,20.2,61.5,69.94
1,20.2,70.0,90.75
1,20.2,112.2,117.2
1,20.2,73.7,87.95
1,20.2,58.5,60.0
2,20.2,70.0,98.88
1,20.2,100.3,109.74
1,20.2,70.0,80.19
1,20.2,70.0,96.19
2,20.2,70.0,80.94
2,20.2,70.0,87.69
1,20.2,41.5,43.0
1,20.2,80.7,90.89
1,20.2,70.0,99.19
1,20.2,70.0,96.19
2,20.2,70.0,87.69
1,20.2,70.0,105.19
1,20.2,70.0,99.19
1,20.2,77.9,80.4
1,20.2,70.0,82.69
1,20.2,70.0,99.19
1,20.2,70.0,85.19
1,20.2,63.5,71.94
1,20.2,58.5,73.88
1,20.2,59.5,67.94
1,20.2,75.8,79.05
1,20.2,45.5,47.0
1,20.2,55.5,63.94
1,20.2,59.5,67.94
2,20.2,77.2,89.89
2,20.2,70.0,103.13
2,20.2,75.1,81.85
1,20.2,70.0,90.9
1,20.2,97.9,132.9
1,20.2,70.0,99.24
1,20.2,70.0,92.69
1,20.2,70.0,103.09
2,20.2,70.0,97.69
1,20.2,107.3,136.55
1,20.2,70.0,99.19
1,20.2,70.0,99.24
1,20.2,70.0,97.69
2,20.2,70.0,100.5
2,20.2,70.0,103.36
1,20.2,64.5,66.0
1,20.2,75.1,86.29
1,20.2,70.0,88.8
1,20.2,70.0,80.94
1,20.2,70.0,99.24
2,20.19,70.0,104.88
2,20.19,70.0,88.16
2,20.19,70.0,99.86
2,20.19,75.1,86.29
2,20.19,97.2,146.81
2,20.19,70.0,88.8
2,20.19,70.0,96.69
2,20.19,82.1,110.4
2,20.19,70.0,87.9
2,20.19,70.0,95.94
2,20.19,70.0,101.17
2,20.19,70.0,87.69
2,20.19,75.8,96.06
2,20.19,70.0,105.23
2,20.19,70.0,90.19
2,20.19,70.0,89.38
2,20.19,70.0,80.75
2,20.19,70.0,96.23
2,20.19,70.0,88.8
2,20.19,70.0,98.88
2,20.19,70.0,88.49
2,20.19,70.0,80.19
2,20.19,70.0,82.69
2,20.19,70.0,87.69
2,20.19,70.0,82.69
2,20.19,70.0,82.69
2,20.19,70.0,90.69
2,20.19,70.0,109.17
2,20.19,70.0,101.17
2,20.19,70.0,80.19
2,20.19,70.0,84.19
2,20.19,77.2,81.2
2,20.19,70.0,80.19
2,20.19,70.0,98.88
2,20.19,70.0,95.88
2,20.19,136.0,162.5
2,20.19,70.0,85.19
2,20.19,70.0,85.75
2,20.19,70.0,87.11
2,20.19,70.0,90.55
2,20.19,70.0,90.55
2,20.19,70.0,99.23
2,20.19,87.0,113.02
2,20.19,70.0,94.25
2,20.19,70.0,103.36
2,20.19,70.0,84.94
2,20.19,95.8,132.22
2,20.19,70.0,97.13
2,20.19,70.0,82.69
2,20.19,78.6,102.07
2,20.19,70.0,90.55
2,20.19,70.0,91.69
2,20.19,70.0,92.22
2,20.19,75.1,85.29
2,20.19,77.9,89.84
2,20.19,70.0,97.13
2,20.19,70.0,98.88
2,20.19,89.1,110.47
2,20.19,70.0,98.88
2,20.19,76.5,103.68
2,20.19,70.0,82.69
2,20.19,105.6,143.98
2,20.19,70.0,90.19
2,20.19,94.4,144.01
2,20.19,70.0,81.75
2,20.19,70.0,94.13
2,20.19,70.0,102.92
2,20.19,70.0,94.13
2,20.19,70.0,98.88
2,20.19,70.0,87.11
2,20.19,70.0,80.94
2,20.19,70.0,98.88
2,20.19,70.0,90.55
2,20.19,70.0,103.13
2,20.19,70.0,101.88
2,20.19,70.0,90.55
2,20.19,70.0,94.83
2,20.19,70.0,82.69
2,20.19,70.0,82.69
2,20.19,70.0,92.69
2,20.19,70.0,104.88
2,20.19,70.0,99.23
2,20.19,70.0,102.92
2,20.19,70.0,82.69
2,20.19,70.0,87.69
2,20.19,70.0,80.75
2,20.19,70.0,88.8
2,20.19,70.0,90.96
2,20.19,70.0,98.88
2,20.19,70.0,90.55
2,20.19,95.8,144.94
2,20.19,70.0,92.61
2,20.19,70.0,90.55
2,20.18,70.0,99.23
2,20.18,84.9,90.65
2,20.18,70.0,104.88
2,20.18,80.0,100.19
2,20.18,70.0,90.9
2,20.18,70.0,98.83
2,20.18,70.0,99.23
2,20.18,70.0,88.69
2,20.18,70.0,82.69
2,20.18,70.0,97.13
2,20.18,70.0,96.23
2,20.18,70.0,85.94
2,20.18,70.0,75.75
2,20.18,70.0,105.23
2,20.18,70.0,105.23
2,20.18,104.9,153.11
2,20.18,70.0,105.22
2,20.18,70.0,90.19
2,20.18,74.4,94.59
2,20.18,70.0,99.23
2,20.18,70.0,104.88
2,20.18,85.6,98.29
2,20.18,70.0,90.19
2,20.18,75.8,80.05
2,20.18,130.0,131.0
2,20.18,70.0,96.55
2,20.18,97.2,146.83
2,20.18,70.0,90.75
2,20.18,76.5,98.35
2,20.18,70.0,96.55
2,20.18,78.6,102.31
2,20.18,96.5,125.35
2,20.18,70.0,90.96
2,20.18,70.0,90.55
2,20.18,84.9,97.59
2,20.18,70.0,90.96
2,20.18,82.0,92.44
2,20.18,70.0,100.5
2,20.18,70.0,88.8
2,20.18,87.0,111.3
2,20.18,70.0,95.88
2,20.18,70.0,96.23
2,20.18,70.0,101.21
2,20.18,70.0,87.69
2,20.18,70.0,75.75
2,20.18,70.0,88.21
2,20.18,82.8,102.91
2,20.18,70.0,96.69
2,20.18,70.0,90.55
2,20.18,70.0,80.19
2,20.18,84.9,93.15
2,20.18,70.0,92.69
2,20.18,70.0,100.84
2,20.18,70.0,95.88
2,20.18,70.0,87.69
2,20.18,70.0,97.69
2,20.18,70.0,93.0
2,20.18,70.0,75.75
2,20.18,70.0,94.13
2,20.18,70.0,104.88
2,20.18,85.0,101.69
2,20.18,70.0,98.88
2,20.18,70.0,85.19
2,20.18,70.0,90.55
2,20.18,70.0,104.88
2,20.18,70.0,111.87
2,20.18,70.0,101.18
2,20.18,70.0,102.92
2,20.18,70.0,104.88
2,20.18,70.0,98.88
2,20.18,76.5,90.75
2,20.18,70.0,75.75
2,20.18,70.0,94.25
2,20.18,70.0,105.23
2,20.18,82.8,92.99
2,20.18,70.0,96.19
2,20.18,70.0,95.88
2,20.18,74.4,102.36
2,20.18,70.0,101.88
2,20.18,99.3,158.18
2,20.18,70.0,95.88
2,20.18,70.0,100.84
2,20.18,70.0,99.23
2,20.18,70.0,75.75
2,20.18,70.0,99.09
2,20.18,76.5,82.25
2,20.18,70.0,98.88
2,20.18,70.0,95.88
2,20.18,70.0,102.92
2,20.18,98.6,147.42
2,20.18,70.0,91.0
2,20.18,97.2,136.3
2,20.17,75.8,79.05
2,20.17,70.0,100.55
2,20.17,82.1,87.85
2,20.17,70.0,97.69
2,20.17,70.0,103.72
2,20.17,70.0,92.69
2,20.17,74.4,84.59
2,20.17,82.8,98.55
2,20.17,70.0,96.75
2,20.17,70.0,103.13
2,20.17,108.0,133.15
2,20.17,75.8,94.51
2,20.17,70.0,97.13
2,20.17,70.0,98.47
2,20.17,70.0,90.9
2,20.17,70.0,98.88
2,20.17,70.0,96.23
2,20.17,70.0,95.88
2,20.17,70.0,90.55
2,20.17,77.2,97.39
2,20.17,70.0,98.88
2,20.17,70.0,102.6
2,20.17,77.2,89.89
2,20.17,96.5,115.25
2,20.17,70.0,104.88
2,20.17,96.5,132.75
2,20.17,70.0,97.13
2,20.17,85.0,107.95
2,20.17,70.0,96.46
2,20.17,70.0,103.13
2,20.17,70.0,92.22
2,20.17,70.0,90.55
2,20.17,94.4,115.68
2,20.17,114.3,146.71
2,20.17,70.0,82.69
2,20.17,70.0,92.69
2,20.17,70.0,101.88
2,20.17,70.0,80.19
2,20.17,70.0,99.23
2,20.17,70.0,106.97
2,20.17,70.0,98.88
2,20.17,70.0,85.19
2,20.17,99.3,147.22
2,20.17,70.0,96.2
2,20.17,70.0,95.88
2,20.17,70.0,97.13
2,20.17,70.0,97.13
2,20.17,70.0,93.5
2,20.17,70.0,90.55
2,20.17,70.0,83.44
2,20.17,97.9,119.28
2,20.17,79.3,99.06
2,20.17,70.0,74.0
2,20.17,70.0,99.23
2,20.17,70.0,105.23
2,20.17,70.0,90.19
2,20.17,75.8,85.05
2,20.17,75.1,99.98
2,20.17,70.0,95.88
2,20.17,70.0,79.75
2,20.17,70.0,102.92
2,20.17,70.0,87.75
2,20.17,77.2,80.45
2,20.17,70.0,95.94
2,20.17,70.0,85.19
2,20.17,97.9,129.28
2,20.17,70.0,104.33
2,20.17,70.0,98.88
2,20.17,70.0,82.69
2,20.17,70.0,97.13
2,20.17,70.0,85.75
2,20.17,70.0,96.69
2,20.17,70.0,98.88
2,20.17,70.0,105.23
2,20.17,70.0,99.8
2,20.17,77.9,98.58
2,20.17,70.0,99.23
2,20.17,124.1,133.35
2,20.17,70.0,74.0
2,20.17,70.0,97.13
2,20.17,70.0,96.55
2,20.17,70.0,80.75
2,20.17,70.0,96.23
2,20.17,74.4,92.65
2,20.17,70.0,94.13
2,20.17,75.8,85.24
2,20.17,70.0,104.88
2,20.17,70.0,89.03
2,20.17,70.0,82.69
2,20.17,70.0,99.23
2,20.16,75.8,80.05
2,20.16,70.0,90.96
2,20.16,84.47,107.31
2,20.16,70.0,98.88
2,20.16,94.4,116.65
2,20.16,70.0,98.88
2,20.16,93.3,104.24
2,20.16,70.0,105.23
2,20.16,70.0,95.88
2,20.16,78.6,82.85
2,20.16,76.5,94.19
2,20.16,70.0,75.75
2,20.16,75.1,102.35
2,20.16,96.5,149.1
2,20.16,70.0,99.23
2,20.16,95.1,145.02
2,20.16,70.0,98.88
2,20.16,70.0,99.23
2,20.16,70.0,98.88
2,20.16,70.0,90.9
2,20.16,70.0,98.88
2,20.16,70.0,80.94
2,20.16,70.0,87.69
2,20.16,70.0,90.19
2,20.16,70.0,100.84
2,20.16,70.0,100.84
2,20.16,70.0,98.88
2,20.16,70.0,99.23
2,20.16,70.0,98.88
2,20.16,70.0,90.9
2,20.16,70.0,102.92
2,20.16,95.8,147.66
2,20.16,78.5,83.75
2,20.16,95.1,118.48
2,20.16,70.0,85.19
2,20.16,70.0,94.69
2,20.16,75.8,79.05
2,20.16,70.0,95.88
2,20.16,70.0,98.88
2,20.16,70.0,90.55
2,20.16,70.0,109.61
2,20.16,76.5,86.69
2,20.16,70.0,78.44
2,20.16,70.0,99.23
2,20.16,70.0,97.69
2,20.16,70.0,80.19
2,20.16,70.0,98.88
2,20.16,70.0,90.19
2,20.16,101.4,129.78
2,20.16,77.9,93.15
2,20.16,70.0,95.88
2,20.16,70.0,80.19
2,20.16,87.0,95.25
2,20.16,75.8,94.51
2,20.16,100.3,107.48
2,20.16,70.0,95.88
2,20.16,70.0,87.69
2,20.16,70.0,75.75
2,20.16,70.0,92.69
2,20.16,101.4,153.34
2,20.16,91.2,128.57
2,20.16,70.0,75.75
2,20.16,70.0,90.55
2,20.16,100.7,117.08
2,20.16,70.0,98.88
2,20.16,70.0,99.23
2,20.16,70.0,94.13
2,20.16,94.4,131.58
2,20.16,70.0,98.88
2,20.16,70.0,80.19
2,20.16,97.2,148.3
2,20.16,95.1,148.18
2,20.16,76.5,90.75
2,20.16,70.0,94.69
2,20.16,70.0,99.13
2,20.16,70.0,85.75
2,20.16,100.0,120.38
2,20.16,70.0,95.88
2,20.16,70.0,87.69
2,20.16,70.0,99.23
2,20.16,84.9,118.11
2,20.16,96.5,157.06
2,20.16,70.0,99.23
2,20.16,76.5,97.8
2,20.16,70.0,75.75
2,20.16,70.0,90.55
2,20.16,77.9,97.15
2,20.15,70.0,104.88
2,20.15,70.0,98.88
2,20.15,70.0,87.69
2,20.15,96.5,148.31
2,20.15,100.7,125.2
2,20.15,95.1,122.25
2,20.15,70.0,98.88
2,20.15,70.0,109.17
2,20.15,70.0,99.23
2,20.15,76.5,96.55
2,20.15,78.6,97.87
2,20.15,114.0,129.75
2,20.15,70.0,74.0
2,20.15,70.0,95.88
2,20.15,94.4,119.9
2,20.15,70.0,103.36
2,20.15,70.0,98.88
2,20.15,70.0,102.92
2,20.15,70.0,88.21
2,20.15,70.0,82.69
2,20.15,70.0,98.88
2,20.15,70.0,92.5
2,20.15,80.0,83.25
2,20.15,70.0,95.09
2,20.15,70.0,97.13
2,20.15,81.4,101.58
2,20.15,70.0,92.69
2,20.15,70.0,80.19
2,20.15,70.0,98.88
2,20.15,70.0,90.19
2,20.15,75.8,90.05
2,20.15,70.0,119.92
2,20.15,75.1,79.35
2,20.15,70.0,99.23
2,20.15,74.4,85.59
2,20.15,95.8,148.26
2,20.15,70.0,90.55
2,20.15,73.7,77.95
2,20.15,70.0,90.55
2,20.15,70.0,98.88
2,20.15,75.1,96.67
2,20.15,70.0,80.94
2,20.15,70.0,80.19
2,20.15,70.0,98.88
2,20.15,75.1,80.85
2,20.15,99.6,110.85
2,20.15,70.0,98.88
2,20.15,70.0,96.69
2,20.15,85.6,89.6
2,20.15,70.0,75.75
2,20.15,70.0,99.23
2,20.15,70.0,80.19
2,20.15,70.0,99.23
2,20.15,70.0,92.22
2,20.15,75.8,95.71
2,20.15,95.8,146.16
2,20.15,75.8,90.99
2,20.15,70.0,98.83
2,20.15,70.0,100.19
2,20.15,70.0,82.69
2,20.15,70.0,98.88
2,20.15,77.2,88.39
2,20.15,110.0,117.94
2,20.15,70.0,89.69
2,20.15,70.0,97.13
2,20.15,70.0,97.13
2,20.15,70.0,90.0
2,20.15,74.4,106.99
2,20.15,70.0,95.88
2,20.15,70.0,82.69
2,20.15,77.9,89.09
2,20.15,95.8,119.68
2,20.15,106.3,161.76
2,20.15,70.0,104.88
2,20.15,70.0,98.88
2,20.15,70.0,104.88
2,20.15,151.4,211.54
2,20.15,75.8,85.05
2,20.15,70.0,97.13
2,20.15,70.0,103.36
2,20.15,70.0,87.75
2,20.15,70.0,90.55
2,20.15,70.0,98.88
2,20.15,84.2,107.59
2,20.15,70.0,90.55
2,20.15,70.0,104.88
2,20.15,70.0,92.69
2,20.15,70.0,104.88
2,20.15,75.8,105.84
2,20.15,75.8,86.99
2,20.15,70.0,80.19
2,20.15,70.0,98.88
2,20.15,80.0,114.92
2,20.14,70.0,85.19
2,20.14,70.0,105.23
2,20.14,70.0,80.94
2,20.14,93.7,128.94
2,20.14,70.0,85.75
2,20.14,90.5,94.5
2,20.14,70.0,92.69
2,20.14,70.0,90.55
2,20.14,70.0,98.88
2,20.14,70.0,99.8
2,20.14,70.0,102.92
2,20.14,70.0,99.23
2,20.14,70.0,110.22
2,20.14,76.5,87.25
2,20.14,95.1,117.8
2,20.14,70.0,91.69
2,20.14,70.0,96.23
2,20.14,70.0,90.75
2,20.14,80.0,113.05
2,20.14,78.6,106.2
2,20.14,70.0,95.88
2,20.14,70.0,82.69
2,20.14,70.0,92.69
2,20.14,70.0,104.88
2,20.14,70.0,102.92
2,20.14,70.0,94.69
2,20.14,70.0,105.22
2,20.14,70.0,82.89
2,20.14,70.0,98.88
2,20.14,70.0,82.69
2,20.14,70.0,95.88
2,20.14,77.9,82.15
2,20.14,70.0,98.88
2,20.14,70.0,98.88
2,20.14,70.0,90.55
2,20.14,70.0,82.69
2,20.14,80.7,94.95
2,20.14,70.0,90.19
2,20.14,70.0,98.88
2,20.14,70.0,98.88
2,20.14,70.0,105.23
2,20.14,84.2,107.59
2,20.14,70.0,82.69
2,20.14,70.0,107.5
2,20.14,70.0,99.23
2,20.14,70.0,82.69
2,20.14,70.0,98.88
2,20.14,75.1,98.75
2,20.14,70.0,95.88
2,20.14,70.0,100.84
2,20.14,70.0,99.23
2,20.14,70.0,78.44
2,20.14,70.0,82.19
2,20.14,70.0,90.55
2,20.14,70.0,85.75
2,20.14,70.0,98.88
2,20.14,75.1,79.35
2,20.14,70.0,80.19
2,20.14,70.0,85.19
2,20.14,77.9,98.23
2,20.14,75.8,94.86
2,20.14,75.1,88.35
2,20.14,70.0,97.13
2,20.14,70.0,104.88
2,20.14,70.0,98.88
2,20.14,70.0,95.88
2,20.14,97.9,140.28
2,20.14,70.0,82.69
2,20.14,70.0,104.88
2,20.14,70.0,102.92
2,20.14,70.0,90.19
2,20.14,70.0,92.69
2,20.14,70.0,80.94
2,20.14,70.0,97.13
2,20.14,70.0,74.0
2,20.14,70.0,97.57
2,20.14,70.0,99.23
2,20.14,70.0,103.36
2,20.14,70.0,100.13
2,20.14,70.0,92.69
2,20.14,74.4,85.59
2,20.14,70.0,75.75
2,20.14,77.2,98.64
2,20.14,70.0,97.13
2,20.14,70.0,99.23
2,20.14,70.0,95.09
2,20.14,70.0,99.23
2,20.14,70.0,88.63
2,20.14,70.0,95.88
2,20.14,70.0,85.94
2,20.14,74.4,94.03
2,20.14,70.0,87.69
2,20.13,70.0,106.97
2,20.13,70.0,97.69
2,20.13,70.0,98.88
2,20.13,70.0,99.23
2,20.13,70.0,90.55
2,20.13,70.0,90.19
2,20.13,70.0,90.55
2,20.13,98.6,141.58
2,20.13,70.0,92.94
2,20.13,75.8,85.05
2,20.13,70.0,104.88
2,20.13,70.0,85.75
2,20.13,70.0,98.88
2,20.13,70.0,96.29
2,20.13,70.0,88.19
2,20.13,70.0,89.69
2,20.13,94.4,131.15
2,20.13,70.0,93.08
2,20.13,70.0,99.23
2,20.13,77.9,88.09
2,20.13,70.0,98.88
2,20.13,75.8,86.99
2,20.13,82.1,103.62
2,20.13,86.3,127.12
2,20.13,70.0,90.9
2,20.13,70.0,75.75
2,20.13,70.0,78.44
2,20.13,70.0,110.33
2,20.13,70.0,98.88
2,20.13,70.0,94.69
2,20.13,70.0,94.19
2,20.13,70.0,95.88
2,20.13,70.0,90.55
2,20.13,97.9,124.9
2,20.13,70.0,97.13
2,20.13,70.0,88.44
2,20.13,74.4,85.65
2,20.13,70.0,82.69
2,20.13,70.0,88.8
2,20.13,70.0,90.96
2,20.13,70.0,99.23
2,20.13,103.5,144.28
2,20.13,70.0,90.94
2,20.13,70.0,104.45
2,20.13,70.0,99.23
2,20.13,79.3,89.49
2,20.13,70.0,97.13
2,20.13,70.0,104.88
2,20.13,70.0,90.55
2,20.13,97.5,112.69
2,20.13,75.8,85.99
2,20.13,70.0,102.92
2,20.13,70.0,97.13
2,20.13,74.4,94.38
2,20.13,70.0,82.69
2,20.13,70.0,94.13
2,20.13,70.0,95.88
2,20.13,70.0,101.88
2,20.13,77.9,93.15
2,20.13,70.0,98.88
2,20.13,70.0,104.88
2,20.13,70.0,94.69
2,20.13,70.0,98.88
2,20.13,80.7,100.74
2,20.13,70.0,99.23
2,20.13,77.9,113.72
2,20.13,97.9,147.94
2,20.13,70.0,90.55
2,20.13,70.0,96.23
2,20.13,70.0,90.9
2,20.13,75.8,95.71
2,20.13,70.0,98.88
2,20.13,70.0,92.69
2,20.13,108.7,135.19
2,20.13,70.0,102.23
2,20.13,70.0,99.23
2,20.13,70.0,96.9
2,20.13,82.8,108.37
2,20.13,115.0,141.55
2,20.13,70.0,96.9
2,20.13,70.0,103.36
2,20.13,70.0,90.55
2,20.13,70.0,94.69
2,20.13,70.0,90.94
2,20.13,70.0,99.23
2,20.13,70.0,92.69
2,20.13,98.6,145.18
2,20.13,74.4,80.15
2,20.13,70.0,102.92
2,20.13,70.0,82.69
2,20.13,70.0,96.23
2,20.13,70.0,96.75
2,20.13,70.0,90.69
2,20.13,76.5,80.75
2,20.13,70.0,75.75
2,20.13,75.1,87.79
2,20.13,70.0,105.22
2,20.13,70.0,97.13
2,20.13,76.5,96.9
2,20.13,70.0,83.33
2,20.13,70.0,105.23
2,20.13,70.0,95.09
2,20.12,75.1,93.67
2,20.12,70.0,82.69
2,20.12,70.0,102.92
2,20.12,70.0,98.88
2,20.12,70.0,75.75
2,20.12,74.4,92.83
2,20.12,70.0,104.88
2,20.12,95.8,114.29
2,20.12,70.0,90.55
2,20.12,70.0,98.88
2,20.12,70.0,96.55
2,20.12,104.5,108.75
2,20.12,70.0,98.88
2,20.12,70.0,99.8
2,20.12,82.8,105.91
2,20.12,100.7,151.88
2,20.12,70.0,87.69
2,20.12,70.0,99.23
2,20.12,70.0,97.69
2,20.12,70.0,97.13
2,20.12,70.0,98.88
2,20.12,70.0,95.88
2,20.12,73.7,83.89
2,20.12,70.0,85.94
2,20.12,70.0,96.23
2,20.12,70.0,84.2
2,20.12,77.2,82.95
2,20.12,75.8,93.96
2,20.12,70.0,99.23
2,20.12,70.0,90.96
2,20.12,70.0,98.88
2,20.12,70.0,86.82
2,20.12,70.0,87.69
2,20.12,70.0,106.97
2,20.12,98.6,142.54
2,20.12,70.0,90.19
2,20.12,70.0,98.88
2,20.12,70.0,98.88
2,20.12,70.0,80.75
2,20.12,70.0,88.8
2,20.12,70.0,87.69
2,20.12,70.0,83.33
2,20.12,70.0,98.88
2,20.12,70.0,94.71
2,20.12,70.0,80.75
2,20.12,70.0,87.69
2,20.12,75.1,81.1
2,20.12,70.0,87.19
2,20.12,70.0,99.23
2,20.12,70.0,88.19
2,20.12,70.0,99.23
2,20.12,70.0,92.79
2,20.12,70.0,98.88
2,20.12,70.0,82.69
2,20.12,70.0,98.88
2,20.12,70.0,95.88
2,20.12,70.0,95.88
2,20.12,70.0,82.75
2,20.12,70.0,103.36
2,20.12,88.0,120.23
2,20.12,70.0,90.19
2,20.12,70.0,88.94
2,20.12,70.0,104.88
2,20.12,70.0,104.88
2,20.12,73.7,101.87
2,20.12,70.0,95.88
2,20.12,75.8,104.39
2,20.12,78.6,89.54
2,20.12,70.0,90.55
2,20.12,77.9,82.15
2,20.12,70.0,106.97
2,20.12,70.0,98.88
2,20.12,70.0,98.88
2,20.12,80.0,172.88
2,20.12,70.0,100.52
2,20.12,75.1,86.29
2,20.12,70.0,99.23
2,20.12,70.0,99.23
2,20.12,70.0,95.88
2,20.12,70.0,98.88
2,20.12,70.0,94.25
2,20.12,70.0,80.94
2,20.12,76.5,87.69
2,20.12,70.0,90.55
2,20.12,70.0,94.62
2,20.12,70.0,96.23
2,20.12,70.0,100.84
2,20.12,70.0,90.69
2,20.12,70.0,80.94
2,20.12,70.0,100.84
2,20.12,74.4,94.03
2,20.12,77.2,88.39
2,20.12,70.0,99.23
2,20.12,70.0,80.94
2,20.12,70.0,98.88
2,20.12,70.0,94.69
2,20.12,77.9,100.03
2,20.12,70.0,98.88
2,20.12,70.0,90.55
2,20.12,70.0,80.94
2,20.12,70.0,99.23
2,20.12,100.0,147.6
2,20.12,78.6,99.07
2,20.12,70.0,95.09
2,20.12,70.0,87.94
2,20.12,75.1,90.21
2,20.12,70.0,107.42
2,20.11,70.0,80.75
2,20.11,70.0,105.23
2,20.11,70.0,99.23
2,20.11,70.0,99.8
2,20.11,70.0,90.94
2,20.11,82.8,88.55
2,20.11,70.0,104.88
2,20.11,70.0,90.55
2,20.11,82.8,102.91
2,20.11,70.0,90.69
2,20.11,70.0,102.69
2,20.11,79.3,82.55
2,20.11,117.1,125.35
2,20.11,70.0,102.92
2,20.11,76.5,84.75
2,20.11,70.0,87.69
2,20.11,80.7,93.39
2,20.11,70.0,98.88
2,20.11,70.0,96.23
2,20.11,70.0,80.75
2,20.11,70.0,99.23
2,20.11,77.9,88.09
2,20.11,70.0,91.8
2,20.11,80.7,90.89
2,20.11,77.9,89.09
2,20.11,70.0,95.94
2,20.11,70.0,88.75
2,20.11,70.0,104.88
2,20.11,70.0,95.09
2,20.11,70.0,75.75
2,20.11,70.0,90.9
2,20.11,70.0,98.88
2,20.11,70.0,85.94
2,20.11,70.0,86.75
2,20.11,70.0,80.19
2,20.11,122.0,150.3
2,20.11,70.0,97.69
2,20.11,70.0,96.23
2,20.11,70.0,99.23
2,20.11,70.0,106.49
2,20.11,70.0,104.88
2,20.11,70.0,76.75
2,20.11,70.0,92.69
2,20.11,70.0,98.88
2,20.11,70.0,101.88
2,20.11,70.0,94.69
2,20.11,70.0,100.94
2,20.11,70.0,75.75
2,20.11,70.0,96.23
2,20.11,70.0,90.19
2,20.11,70.0,103.72
2,20.11,99.3,138.82
2,20.11,84.9,96.84
2,20.11,70.0,97.13
2,20.11,74.4,87.09
2,20.11,70.0,80.75
2,20.11,70.0,99.23
2,20.11,70.0,92.19
2,20.11,99.3,120.58
2,20.11,70.0,87.75
2,20.11,70.0,98.88
2,20.11,70.0,94.25
2,20.11,73.0,92.35
2,20.11,77.9,94.47
2,20.11,78.6,82.6
2,20.11,70.0,82.69
2,20.11,73.0,88.19
2,20.11,81.4,120.89
2,20.11,70.0,90.55
2,20.11,81.4,84.65
2,20.11,70.0,85.19
2,20.11,97.9,153.64
2,20.11,70.0,95.88
2,20.11,70.0,80.19
1,20.1,70.0,99.23
1,20.1,100.0,101.0
1,20.1,70.0,90.19
1,20.1,70.0,97.09
1,20.1,44.5,46.0
2,20.1,70.0,90.55
1,20.1,70.0,85.75
1,20.1,75.1,95.2
2,20.1,70.0,95.88
1,20.1,70.0,96.19
1,20.1,70.0,98.45
1,20.1,70.0,99.19
1,20.1,70.0,80.94
1,20.1,70.0,75.75
1,20.1,70.0,87.69
2,20.1,70.0,87.69
1,20.1,70.0,99.23
1,20.1,70.0,107.49
1,20.1,70.0,94.62
1,20.1,70.0,99.23
1,20.1,70.0,94.69
1,20.1,62.5,64.0
2,20.1,70.0,100.19
1,20.1,70.0,103.34
1,20.1,70.0,99.24
2,20.1,70.0,100.24
2,20.1,77.2,90.45
2,20.1,70.0,106.05
1,20.1,76.5,80.0
2,20.1,70.0,90.19
2,20.1,70.0,98.88
1,20.1,70.0,97.09
1,20.1,33.5,35.0
1,20.1,70.0,107.39
1,20.1,70.0,80.94
1,20.1,95.8,143.48
1,20.1,70.0,99.19
1,20.1,70.0,80.19
2,20.1,70.0,82.69
2,20.1,70.0,106.97
1,20.1,70.0,87.69
1,20.1,70.0,82.69
1,20.1,70.0,95.19
2,20.1,100.7,143.5
2,20.1,70.0,98.88
1,20.1,70.0,100.19
1,20.1,70.0,100.94
1,20.1,70.0,96.24
1,20.1,74.4,85.59
1,20.1,70.0,90.19
1,20.1,70.0,90.0
2,20.1,70.0,81.19
2,20.1,70.0,92.69
2,20.1,98.6,134.82
1,20.1,70.0,82.69
1,20.1,47.5,49.0
2,20.1,70.0,98.83
1,20.1,70.0,82.69
1,20.1,70.0,92.69
1,20.1,70.0,103.34
2,20.1,94.7,108.95
1,20.1,80.0,102.9
1,20.1,70.0,80.94
2,20.1,70.0,99.23
2,20.1,73.7,77.95
1,20.1,98.6,116.13
2,20.1,70.0,87.69
1,20.1,56.5,58.0
1,20.1,70.0,103.14
1,20.1,77.2,87.39
1,20.1,70.0,87.69
1,20.1,70.0,90.9
2,20.1,70.0,82.69
2,20.1,70.0,84.0
2,20.1,70.0,87.69
1,20.1,96.5,148.58
1,20.1,70.0,90.9
1,20.1,70.0,99.19
2,20.1,70.0,90.55
2,20.1,70.0,95.94
1,20.1,70.0,90.9
1,20.1,70.0,99.24
2,20.1,70.0,105.23
1,20.1,70.0,82.69
2,20.1,70.0,85.75
1,20.1,73.7,92.3
1,20.1,81.4,120.33
1,20.1,70.0,107.49
2,20.1,70.0,99.8
1,20.1,47.5,49.0
2,20.1,70.0,99.23
2,20.1,70.0,82.69
1,20.1,70.0,92.38
2,20.1,70.0,90.69
2,20.1,75.1,89.35
1,20.1,70.0,98.04
2,20.1,70.0,101.88
1,20.1,44.5,46.0
1,20.1,70.0,87.69
1,20.1,80.7,104.9
2,20.1,70.0,79.0
1,20.1,70.0,101.14
1,20.1,70.0,99.24
1,20.1,70.0,82.69
2,20.1,70.0,98.88
1,20.1,101.7,114.95
1,20.1,95.8,146.3
2,20.1,70.0,98.88
1,20.1,70.0,90.9
1,20.1,70.0,82.69
1,20.1,70.0,74.0
2,20.1,70.0,96.23
1,20.1,70.0,90.9
1,20.1,70.0,101.69
1,20.1,70.0,94.09
2,20.1,70.0,90.55
1,20.1,70.0,103.34
1,20.1,70.0,105.19
1,20.1,70.0,94.69
1,20.1,70.0,80.75
2,20.1,99.3,135.66
1,20.1,70.0,89.19
1,20.1,70.0,75.75
2,20.1,70.0,104.88
1,20.1,99.3,113.68
1,20.1,95.1,131.33
1,20.1,70.0,90.69
1,20.1,70.0,99.19
2,20.1,78.6,91.13
2,20.1,70.0,99.23
1,20.1,56.5,58.0
1,20.1,70.0,103.34
2,20.1,70.0,90.9
1,20.1,70.0,99.24
1,20.1,51.5,59.94
2,20.1,74.4,84.59
2,20.1,70.0,97.69
1,20.1,75.1,89.04
2,20.1,70.0,95.19
1,20.1,70.0,80.19
1,20.1,75.8,85.99
2,20.1,75.1,80.85
1,20.1,77.2,97.45
1,20.1,104.5,136.5
2,20.1,70.0,90.9
1,20.1,73.7,107.99
1,20.1,70.0,99.23
1,20.1,70.0,75.85
1,20.1,70.0,87.69
2,20.1,70.0,90.19
1,20.1,70.0,80.94
1,20.1,70.0,82.69
1,20.1,70.0,81.94
1,20.1,70.0,87.69
1,20.1,47.5,55.94
2,20.1,70.0,80.19
1,20.1,70.0,82.69
1,20.1,60.5,62.0
2,20.1,70.0,99.23
1,20.1,70.0,99.19
2,20.1,70.0,85.75
1,20.1,70.0,105.19
1,20.1,70.0,92.69
1,20.1,70.0,85.75
1,20.1,70.0,97.09
1,20.1,58.5,60.0
1,20.1,70.0,82.69
1,20.1,53.5,61.94
1,20.1,70.0,99.24
1,20.1,70.0,91.05
1,20.1,93.3,117.55
2,20.1,70.0,85.75
1,20.1,70.0,101.19
2,20.1,70.0,101.17
2,20.1,70.0,102.92
2,20.1,70.0,98.88
1,20.1,70.0,74.0
2,20.1,70.0,80.19
2,20.1,82.8,93.74
1,20.1,70.0,86.69
1,20.1,70.0,87.69
1,20.1,70.0,93.08
1,20.1,70.0,103.09
2,20.1,70.0,94.25
2,20.1,70.0,89.81
1,20.1,79.3,90.55
2,20.1,70.0,99.23
1,20.1,75.1,105.34
1,20.1,70.0,99.24
1,20.1,70.0,90.9
1,20.1,70.0,94.09
2,20.1,70.0,106.97
1,20.1,80.0,128.77
1,20.1,73.7,84.89
2,20.1,70.0,98.88
1,20.1,49.5,51.0
2,20.1,99.3,129.96
1,20.1,70.0,99.24
1,20.1,70.0,82.69
1,20.1,70.0,84.19
1,20.1,70.0,99.24
2,20.1,112.2,125.45
2,20.1,70.0,85.19
1,20.1,70.0,75.75
2,20.1,70.0,102.6
1,20.1,70.0,95.69
1,20.1,70.0,99.19
1,20.1,70.0,99.19
1,20.1,70.0,102.69
1,20.1,84.2,97.45
1,20.1,82.8,106.25
1,20.1,70.0,92.61
1,20.1,52.5,54.0
2,20.1,70.0,107.69
2,20.1,70.0,103.36
1,20.1,70.0,99.24
2,20.1,78.6,91.85
2,20.1,70.0,84.94
2,20.1,70.0,80.19
1,20.1,80.0,90.19
2,20.1,70.0,97.13
1,20.1,70.0,97.69
2,20.1,70.0,90.55
1,20.1,70.0,103.34
1,20.1,70.0,103.34
1,20.1,70.0,88.69
1,20.1,55.5,57.0
1,20.1,70.0,74.0
1,20.1,70.0,100.09
2,20.1,78.6,106.55
2,20.1,70.0,98.88
1,20.1,83.5,89.3
1,20.1,59.5,61.0
1,20.1,54.5,62.94
2,20.1,73.7,77.95
1,20.1,76.5,96.9
1,20.1,70.0,92.69
2,20.1,70.0,99.8
1,20.1,70.0,96.19
2,20.1,70.0,90.55
2,20.1,70.0,82.69
2,20.1,70.0,80.19
1,20.1,76.5,86.69
1,20.1,74.4,83.84
1,20.1,70.0,99.19
2,20.1,95.8,119.55
2,20.1,70.0,97.13
1,20.1,95.1,127.48
1,20.1,52.5,54.0
1,20.1,70.0,103.09
1,20.1,96.5,132.88
2,20.1,70.0,90.0
2,20.1,70.0,88.69
1,20.1,38.5,40.0
1,20.1,70.0,97.69
1,20.1,70.0,87.69
1,20.1,70.0,97.09
2,20.1,70.0,94.69
1,20.1,75.1,87.04
1,20.1,63.5,65.0
1,20.1,70.0,142.69
1,20.1,70.0,99.19
2,20.1,78.6,103.12
1,20.1,70.0,98.21
1,20.1,70.0,80.19
1,20.1,57.5,65.94
1,20.1,100.0,134.38
1,20.1,76.5,82.25
1,20.1,75.5,83.94
2,20.1,70.0,97.69
1,20.1,77.9,90.59
2,20.1,70.0,98.88
1,20.1,70.0,90.0
1,20.1,70.0,102.19
1,20.1,70.0,97.14
2,20.1,70.0,99.23
1,20.1,70.0,99.23
1,20.1,70.0,90.94
1,20.1,70.0,96.19
2,20.1,70.0,105.23
1,20.1,58.5,66.94
1,20.1,57.5,65.94
1,20.1,70.0,96.9
1,20.1,70.0,99.24
1,20.1,70.0,96.19
1,20.1,70.0,78.44
1,20.1,70.0,97.09
1,20.1,63.5,65.0
1,20.1,50.5,52.0
1,20.1,56.5,64.94
2,20.1,95.8,132.22
1,20.1,53.5,61.94
1,20.1,76.5,95.7
1,20.1,70.0,105.19
2,20.1,78.6,99.07
1,20.1,70.0,103.34
1,20.1,70.0,101.14
1,20.1,90.5,118.15
1,20.1,70.0,85.94
1,20.1,70.0,86.0
1,20.1,70.0,103.34
1,20.1,95.1,142.9
2,20.1,70.0,95.19
2,20.1,70.0,90.9
2,20.1,70.0,85.19
1,20.1,70.0,101.14
2,20.1,70.0,90.55
1,20.1,70.0,103.34
1,20.1,70.0,88.8
1,20.1,70.0,89.0
1,20.1,70.0,90.19
2,20.1,70.0,96.2
2,20.09,70.0,99.23
2,20.09,70.0,106.97
2,20.09,70.0,90.19
2,20.09,70.0,106.97
2,20.09,70.0,92.69
2,20.09,70.0,80.75
2,20.09,70.0,75.75
2,20.09,74.4,85.59
2,20.09,70.0,89.19
2,20.09,70.0,80.19
2,20.09,89.1,93.1
2,20.09,70.0,95.19
2,20.09,70.0,87.11
2,20.09,70.0,84.0
2,20.09,70.0,90.96
2,20.09,70.0,89.5
2,20.09,70.0,95.09
2,20.09,70.0,102.92
2,20.09,70.0,86.82
2,20.09,70.0,92.61
2,20.09,70.0,80.19
2,20.09,70.0,105.22
2,20.09,70.0,98.88
2,20.09,70.0,98.88
2,20.09,70.0,80.94
2,20.09,70.0,99.23
2,20.09,75.1,101.85
2,20.09,70.0,99.23
2,20.09,70.0,99.23
2,20.09,70.0,104.88
2,20.09,70.0,95.09
2,20.09,70.0,82.69
2,20.09,100.0,113.75
2,20.09,70.0,97.19
2,20.09,78.6,88.79
2,20.09,70.0,88.21
2,20.09,70.0,105.23
2,20.09,70.0,82.69
2,20.09,77.9,81.15
2,20.09,70.0,75.75
2,20.09,73.7,91.99
2,20.09,70.0,98.88
2,20.09,70.0,90.96
2,20.09,70.0,92.69
2,20.09,70.0,99.23
2,20.09,70.0,80.94
2,20.09,70.0,101.17
2,20.09,70.0,102.92
2,20.09,70.0,98.88
2,20.09,70.0,103.13
2,20.09,70.0,85.75
2,20.09,70.0,104.88
2,20.09,70.0,98.88
2,20.09,70.0,98.88
2,20.09,70.0,112.5
2,20.09,70.0,98.88
2,20.09,74.4,96.18
2,20.09,70.0,89.69
2,20.09,74.4,96.63
2,20.09,70.0,82.69
2,20.09,75.1,86.35
2,20.09,97.9,120.28
2,20.09,70.0,93.69
2,20.09,70.0,98.88
2,20.09,134.6,136.6
2,20.09,70.0,92.69
2,20.09,70.0,95.88
2,20.09,70.0,90.9
2,20.09,70.0,81.69
2,20.09,80.0,83.25
2,20.09,76.5,95.35
2,20.09,70.0,104.88
2,20.09,80.0,101.1
2,20.09,78.6,88.79
2,20.09,70.0,80.19
2,20.09,70.0,92.69
2,20.09,70.0,82.69
2,20.09,70.0,99.23
2,20.09,99.3,148.21
2,20.09,70.0,90.94
2,20.09,70.0,103.72
2,20.09,70.0,80.19
2,20.09,70.0,104.88
2,20.09,78.6,99.07
2,20.09,70.0,97.13
2,20.09,70.0,94.69
2,20.09,70.0,90.55
2,20.09,70.0,102.69
2,20.09,70.0,87.69
2,20.09,79.3,115.12
2,20.09,70.0,101.88
2,20.09,75.1,94.02
2,20.09,88.0,108.44
2,20.09,84.2,108.95
2,20.09,118.5,127.75
2,20.08,70.0,94.13
2,20.08,95.8,138.66
2,20.08,70.0,90.55
2,20.08,70.0,102.92
2,20.08,70.0,91.69
2,20.08,74.4,94.03
2,20.08,70.0,82.69
2,20.08,70.0,95.88
2,20.08,74.4,88.65
2,20.08,70.0,90.55
2,20.08,70.0,80.75
2,20.08,70.0,98.88
2,20.08,70.0,104.88
2,20.08,70.0,102.92
2,20.08,70.0,80.19
2,20.08,76.5,99.55
2,20.08,70.0,90.19
2,20.08,70.0,96.23
2,20.08,70.0,102.23
2,20.08,70.0,91.0
2,20.08,70.0,98.88
2,20.08,70.0,90.69
2,20.08,70.0,104.33
2,20.08,74.4,97.88
2,20.08,70.0,98.88
2,20.08,70.0,105.23
2,20.08,70.0,98.88
2,20.08,70.0,90.55
2,20.08,70.0,104.88
2,20.08,70.0,74.0
2,20.08,76.5,96.9
2,20.08,70.0,86.69
2,20.08,70.0,93.69
2,20.08,70.0,90.9
2,20.08,70.0,99.8
2,20.08,103.8,124.55
2,20.08,70.0,104.88
2,20.08,70.0,99.23
2,20.08,74.4,81.65
2,20.08,82.8,98.96
2,20.08,80.0,95.19
2,20.08,70.0,98.47
2,20.08,70.0,85.94
2,20.08,70.0,92.69
2,20.08,70.0,98.88
2,20.08,70.0,85.19
2,20.08,70.0,98.88
2,20.08,70.0,80.19
2,20.08,70.0,82.75
2,20.08,77.9,90.15
2,20.08,70.0,90.55
2,20.08,70.0,82.69
2,20.08,70.0,96.23
2,20.08,70.0,89.69
2,20.08,70.0,99.23
2,20.08,70.0,98.88
2,20.08,70.0,90.55
2,20.08,100.0,150.9
2,20.08,70.0,87.69
2,20.08,80.7,101.59
2,20.08,70.0,85.0
2,20.08,78.6,81.85
2,20.08,75.8,101.5
2,20.08,70.0,88.8
2,20.08,70.0,87.69
2,20.08,74.4,94.38
2,20.08,97.2,147.1
2,20.08,70.0,80.94
2,20.08,70.0,99.23
2,20.08,70.0,90.9
2,20.08,76.5,99.69
2,20.08,96.8,127.75
2,20.08,70.0,99.23
2,20.08,70.0,80.19
2,20.08,70.0,98.88
2,20.08,70.0,98.88
2,20.08,70.0,80.94
2,20.08,70.0,96.19
2,20.08,77.9,91.15
2,20.08,70.0,98.88
2,20.08,70.0,85.75
2,20.08,70.0,102.92
2,20.08,70.0,95.69
2,20.08,89.1,120.04
2,20.08,70.0,84.69
2,20.08,77.2,101.38
2,20.08,70.0,95.94
2,20.08,70.0,90.55
2,20.08,70.0,90.55
2,20.08,97.5,126.72
2,20.08,70.0,90.55
2,20.08,70.0,99.8
2,20.08,96.5,124.88
2,20.08,70.0,98.88
2,20.08,150.0,154.0
2,20.08,70.0,102.92
2,20.08,70.0,90.9
2,20.08,70.0,84.99
2,20.08,70.0,95.09
2,20.08,70.0,90.55
2,20.08,70.0,96.23
2,20.08,70.0,90.9
2,20.08,70.0,80.19
2,20.08,70.0,95.88
2,20.08,70.0,98.88
2,20.08,70.0,102.92
2,20.08,76.5,100.0
2,20.08,79.3,98.59
2,20.08,70.0,90.55
2,20.07,70.0,99.23
2,20.07,70.0,97.13
2,20.07,70.0,90.19
2,20.07,100.7,142.74
2,20.07,83.5,113.33
2,20.07,70.0,97.13
2,20.07,70.0,103.36
2,20.07,70.0,98.88
2,20.07,70.0,105.23
2,20.07,79.3,89.49
2,20.07,77.9,97.03
2,20.07,70.0,98.88
2,20.07,70.0,97.13
2,20.07,73.7,91.99
2,20.07,74.4,85.59
2,20.07,70.0,90.75
2,20.07,76.5,84.75
2,20.07,70.0,76.5
2,20.07,70.0,90.69
2,20.07,70.0,98.88
2,20.07,70.0,91.79
2,20.07,70.0,81.5
2,20.07,70.0,97.69
2,20.07,70.0,75.75
2,20.07,73.7,80.45
2,20.07,70.0,87.99
2,20.07,70.0,96.9
2,20.07,70.0,82.69
2,20.07,107.7,121.45
2,20.07,74.4,78.65
2,20.07,75.1,79.35
2,20.07,77.9,94.15
2,20.07,70.0,105.23
2,20.07,70.0,98.88
2,20.07,70.0,74.0
2,20.07,70.0,90.9
2,20.07,70.0,104.88
2,20.07,70.0,85.75
2,20.07,70.0,83.75
2,20.07,75.1,94.35
2,20.07,70.0,99.8
2,20.07,70.0,90.9
2,20.07,70.0,104.88
2,20.07,70.0,80.19
2,20.07,70.0,98.88
2,20.07,70.0,90.69
2,20.07,70.0,80.75
2,20.07,70.0,84.19
2,20.07,70.0,85.94
2,20.07,70.0,98.88
2,20.07,77.2,89.59
2,20.07,70.0,80.19
2,20.07,75.1,90.85
2,20.07,70.0,91.69
2,20.07,70.0,92.69
2,20.07,70.0,98.88
2,20.07,70.0,103.13
2,20.07,70.0,80.19
2,20.07,70.0,94.25
2,20.07,70.0,98.88
2,20.07,70.0,80.19
2,20.07,70.0,98.88
2,20.07,70.0,97.13
2,20.07,70.0,90.55
2,20.07,70.0,90.55
2,20.07,75.8,85.99
2,20.07,70.0,98.88
2,20.07,83.5,103.75
2,20.07,70.0,80.19
2,20.07,70.0,98.88
2,20.07,70.0,84.0
2,20.07,70.0,95.09
2,20.07,70.0,90.55
2,20.07,70.0,92.69
2,20.07,70.0,98.88
2,20.07,100.7,130.38
2,20.07,70.0,82.69
2,20.07,70.0,91.69
2,20.07,77.2,82.95
2,20.07,70.0,104.45
2,20.07,75.1,94.87
2,20.07,70.0,80.19
2,20.07,70.0,92.69
2,20.07,70.0,97.69
2,20.07,70.0,94.25
2,20.07,70.0,90.96
2,20.07,70.0,102.23
2,20.07,70.0,87.94
2,20.07,70.0,99.23
2,20.07,70.0,90.9
2,20.07,70.0,98.88
2,20.07,70.0,97.69
2,20.07,70.0,103.13
2,20.07,70.0,89.44
2,20.07,80.0,90.75
2,20.07,70.0,101.18
2,20.07,76.5,82.25
2,20.07,70.0,83.5
2,20.06,70.0,75.75
2,20.06,70.0,97.97
2,20.06,70.0,90.55
2,20.06,70.0,96.23
2,20.06,70.0,99.8
2,20.06,70.0,90.9
2,20.06,70.0,80.75
2,20.06,77.2,81.45
2,20.06,70.0,87.69
2,20.06,70.0,91.69
2,20.06,70.0,87.69
2,20.06,70.0,80.75
2,20.06,70.0,99.23
2,20.06,84.2,104.59
2,20.06,70.0,98.88
2,20.06,70.0,98.88
2,20.06,70.0,85.94
2,20.06,70.0,95.88
2,20.06,70.0,82.69
2,20.06,54.8,78.89
2,20.06,97.0,118.32
2,20.06,70.0,98.88
2,20.06,70.0,82.69
2,20.06,73.7,93.19
2,20.06,70.0,98.88
2,20.06,70.0,95.75
2,20.06,70.0,98.88
2,20.06,70.0,98.88
2,20.06,70.0,75.75
2,20.06,96.5,132.88
2,20.06,70.0,90.9
2,20.06,70.0,99.8
2,20.06,70.0,105.23
2,20.06,70.0,97.69
2,20.06,70.0,98.88
2,20.06,70.0,99.69
2,20.06,70.0,95.69
2,20.06,70.0,103.36
2,20.06,70.0,104.88
2,20.06,70.0,75.75
2,20.06,70.0,98.88
2,20.06,70.0,107.42
2,20.06,70.0,95.94
2,20.06,70.0,94.25
2,20.06,75.1,76.6
2,20.06,70.0,106.97
2,20.06,75.1,94.87
2,20.06,70.0,103.13
2,20.06,70.0,78.44
2,20.06,70.0,97.69
2,20.06,70.0,98.88
2,20.06,70.0,85.19
2,20.06,85.0,114.53
2,20.06,70.0,95.88
2,20.06,70.0,85.75
2,20.06,70.0,83.33
2,20.06,75.1,103.2
2,20.06,91.2,102.14
2,20.06,70.0,98.88
2,20.06,70.0,100.84
2,20.06,70.0,102.92
2,20.06,70.0,87.69
2,20.06,81.4,97.15
2,20.06,70.0,98.88
2,20.06,70.0,98.88
2,20.06,70.0,100.0
2,20.06,77.2,87.95
2,20.06,70.0,102.92
2,20.06,70.0,96.23
2,20.06,70.0,99.23
2,20.06,70.0,104.88
2,20.06,70.0,98.88
2,20.06,70.0,95.88
2,20.06,70.0,104.88
2,20.06,93.7,130.9
2,20.06,76.5,102.37
2,20.06,77.9,81.15
2,20.06,70.0,80.94
2,20.06,70.0,98.88
2,20.06,75.8,96.99
2,20.06,75.1,82.35
2,20.06,70.0,98.88
2,20.06,70.0,102.92
2,20.06,75.8,88.49
2,20.06,70.0,82.69
2,20.06,70.0,95.69
2,20.06,78.6,91.29
2,20.06,70.0,90.55
2,20.06,70.0,95.19
2,20.06,70.0,98.88
2,20.06,144.4,158.78
2,20.06,70.0,89.69
2,20.06,95.1,128.85
2,20.06,70.0,90.9
2,20.06,70.0,98.88
2,20.06,97.9,131.42
2,20.05,70.0,94.25
2,20.05,70.0,89.69
2,20.05,70.0,95.19
2,20.05,70.0,92.19
2,20.05,135.3,165.8
2,20.05,101.4,166.11
2,20.05,70.0,92.69
2,20.05,75.1,95.22
2,20.05,70.0,104.88
2,20.05,70.0,96.55
2,20.05,70.0,85.19
2,20.05,70.0,97.13
2,20.05,70.0,95.88
2,20.05,76.5,82.25
2,20.05,70.0,96.23
2,20.05,70.0,92.69
2,20.05,70.0,92.5
2,20.05,70.0,93.69
2,20.05,84.2,89.95
2,20.05,70.0,102.92
2,20.05,70.0,99.23
2,20.05,70.0,98.88
2,20.05,70.0,106.05
2,20.05,79.3,101.71
2,20.05,70.0,102.92
2,20.05,70.0,85.94
2,20.05,70.0,99.88
2,20.05,70.0,90.55
2,20.05,110.8,131.55
2,20.05,70.0,82.69
2,20.05,70.0,104.88
2,20.05,96.5,113.25
2,20.05,70.0,74.0
2,20.05,70.0,90.55
2,20.05,110.1,150.0
2,20.05,70.0,98.88
2,20.05,75.8,95.71
2,20.05,70.0,95.88
2,20.05,70.0,93.08
2,20.05,70.0,99.23
2,20.05,70.0,105.22
2,20.05,89.8,100.74
2,20.05,80.0,83.25
2,20.05,70.0,83.75
2,20.05,75.8,85.99
2,20.05,79.3,107.04
2,20.05,70.0,86.69
2,20.05,70.0,84.0
2,20.05,70.0,97.69
2,20.05,96.5,144.3
2,20.05,70.0,80.19
2,20.05,107.7,121.45
2,20.05,70.0,98.88
2,20.05,70.0,100.13
2,20.05,70.0,109.17
2,20.05,160.0,175.5
2,20.05,70.0,99.23
2,20.05,70.0,96.23
2,20.05,74.4,95.15
2,20.05,70.0,80.19
2,20.05,70.0,90.55
2,20.05,70.0,99.23
2,20.05,70.0,95.88
2,20.05,70.0,105.22
2,20.05,77.2,87.39
2,20.05,70.0,90.69
2,20.05,70.0,99.23
2,20.05,70.0,103.36
2,20.05,70.0,90.9
2,20.05,70.0,97.13
2,20.05,75.1,78.35
2,20.05,70.0,90.9
2,20.05,90.0,91.0
2,20.05,70.0,92.22
2,20.05,70.0,95.88
2,20.05,70.0,87.69
2,20.05,70.0,90.55
2,20.05,70.0,98.88
2,20.05,70.0,104.88
2,20.05,70.0,90.69
2,20.05,70.0,84.0
2,20.05,70.0,81.75
2,20.05,70.0,90.9
2,20.05,102.4,115.65
2,20.05,70.0,98.88
2,20.05,70.0,90.55
2,20.05,70.0,92.69
2,20.05,70.0,97.13
2,20.05,77.2,100.39
2,20.05,70.0,92.22
2,20.05,73.7,84.95
2,20.05,70.0,95.88
2,20.05,70.0,92.69
2,20.05,74.4,103.22
2,20.05,70.0,80.19
2,20.05,70.0,105.23
2,20.05,70.0,92.69
2,20.05,75.8,81.55
2,20.05,70.0,94.13
2,20.05,73.7,94.89
2,20.05,78.6,100.32
2,20.05,70.0,98.75
2,20.05,70.0,98.88
2,20.05,70.0,104.88
2,20.05,70.0,101.88
2,20.05,70.0,98.88
2,20.05,70.0,96.23
2,20.04,70.0,82.69
2,20.04,70.0,99.23
2,20.04,70.0,98.88
2,20.04,70.0,96.9
2,20.04,70.0,88.8
2,20.04,70.0,97.13
2,20.04,70.0,82.69
2,20.04,95.8,149.46
2,20.04,70.0,90.78
2,20.04,70.0,98.88
2,20.04,70.0,102.92
2,20.04,70.0,84.19
2,20.04,89.8,93.05
2,20.04,70.0,99.23
2,20.04,97.2,140.64
2,20.04,70.0,98.88
2,20.04,70.0,84.94
2,20.04,70.0,85.19
2,20.04,70.0,99.8
2,20.04,70.0,88.8
2,20.04,70.0,87.69
2,20.04,70.0,95.88
2,20.04,96.5,151.6
2,20.04,75.8,92.18
2,20.04,70.0,103.36
2,20.04,70.0,99.23
2,20.04,75.1,89.24
2,20.04,70.0,100.15
2,20.04,70.0,92.69
2,20.04,94.4,109.15
2,20.04,70.0,96.46
2,20.04,70.0,85.75
2,20.04,70.0,80.75
2,20.04,70.0,96.55
2,20.04,70.0,80.19
2,20.04,70.0,90.9
2,20.04,70.0,95.09
2,20.04,70.0,97.13
2,20.04,70.0,95.88
2,20.04,75.8,79.05
2,20.04,70.0,96.23
2,20.04,70.0,94.19
2,20.04,75.1,88.35
2,20.04,75.8,86.99
2,20.04,70.0,98.88
2,20.04,70.0,90.96
2,20.04,84.9,112.88
2,20.04,70.0,98.88
2,20.04,74.4,90.59
2,20.04,73.7,93.54
2,20.04,70.0,105.23
2,20.04,70.0,94.19
2,20.04,70.0,113.47
2,20.04,80.0,90.94
2,20.04,75.8,91.74
2,20.04,70.0,74.0
2,20.04,70.0,82.69
2,20.04,70.0,87.69
2,20.04,70.0,98.88
2,20.04,103.5,141.46
2,20.04,70.0,89.69
2,20.04,70.0,82.69
2,20.04,70.0,96.69
2,20.04,97.9,134.74
2,20.04,70.0,89.39
2,20.04,75.8,94.51
2,20.04,70.0,98.88
2,20.04,74.4,83.84
2,20.04,70.0,102.92
2,20.04,70.0,83.33
2,20.04,70.0,91.69
2,20.04,96.5,147.0
2,20.04,70.0,97.13
2,20.04,70.0,97.69
2,20.04,75.8,96.59
2,20.04,70.0,100.24
2,20.04,70.0,98.88
2,20.04,70.0,90.19
2,20.04,70.0,82.69
2,20.04,70.0,98.88
2,20.04,70.0,95.88
2,20.04,70.0,90.9
2,20.04,70.0,81.75
2,20.04,70.0,98.88
2,20.04,70.0,102.23
2,20.04,70.0,104.88
2,20.04,75.1,91.25
2,20.04,70.0,80.75
2,20.04,70.0,82.69
2,20.04,70.0,90.55
2,20.04,70.0,100.13
2,20.04,70.0,98.88
2,20.04,70.0,99.23
2,20.04,70.0,104.88
2,20.04,70.0,99.23
2,20.04,70.0,105.22
2,20.04,70.0,102.92
2,20.04,70.0,99.23
2,20.04,70.0,96.9
2,20.04,102.1,139.78
2,20.03,70.0,80.19
2,20.03,70.0,90.55
2,20.03,70.0,88.8
2,20.03,70.0,95.69
2,20.03,70.0,105.23
2,20.03,70.0,101.88
2,20.03,70.0,87.11
2,20.03,76.5,87.69
2,20.03,95.8,122.18
2,20.03,70.0,96.46
2,20.03,70.0,98.88
2,20.03,103.5,107.0
2,20.03,70.0,99.23
2,20.03,70.0,95.88
2,20.03,70.0,102.92
2,20.03,78.6,91.85
2,20.03,95.8,145.86
2,20.03,70.0,101.88
2,20.03,70.0,78.44
2,20.03,70.0,100.19
2,20.03,70.0,98.88
2,20.03,70.0,85.0
2,20.03,70.0,92.69
2,20.03,78.6,84.35
2,20.03,75.1,90.79
2,20.03,70.0,90.55
2,20.03,70.0,98.88
2,20.03,74.4,85.59
2,20.03,102.4,105.65
2,20.03,70.0,105.23
2,20.03,70.0,88.44
2,20.03,75.8,95.71
2,20.03,70.0,98.88
2,20.03,123.4,144.65
2,20.03,70.0,90.69
2,20.03,74.4,85.59
2,20.03,70.0,102.69
2,20.03,70.0,90.55
2,20.03,70.0,80.19
2,20.03,70.0,88.19
2,20.03,70.0,101.17
2,20.03,70.0,82.69
2,20.03,70.0,96.23
2,20.03,77.9,81.15
2,20.03,70.0,96.23
2,20.03,70.0,95.09
2,20.03,70.0,82.69
2,20.03,76.5,79.75
2,20.03,70.0,95.09
2,20.03,70.0,96.55
2,20.03,70.0,98.88
2,20.03,70.0,80.94
2,20.03,70.0,82.69
2,20.03,70.0,85.19
2,20.03,70.0,95.88
2,20.03,70.0,99.23
2,20.03,70.0,82.69
2,20.03,70.0,90.55
2,20.03,70.0,90.96
2,20.03,80.7,90.89
2,20.03,76.5,94.38
2,20.03,70.0,103.13
2,20.03,70.0,87.75
2,20.03,70.0,106.97
2,20.03,70.0,99.23
2,20.03,75.8,81.8
2,20.03,80.7,118.07
2,20.03,75.8,86.99
2,20.03,70.0,94.25
2,20.03,88.4,92.4
2,20.03,70.0,98.88
2,20.03,70.0,87.69
2,20.03,104.5,137.81
2,20.03,70.0,99.23
2,20.03,70.0,84.84
2,20.03,70.0,94.0
2,20.03,73.7,79.45
2,20.03,70.0,99.69
2,20.03,70.0,90.96
2,20.03,70.0,80.19
2,20.03,94.4,138.48
2,20.03,70.0,74.0
2,20.03,70.0,98.88
2,20.03,70.0,88.75
2,20.03,80.0,90.19
2,20.03,70.0,80.94
2,20.03,95.1,115.28
2,20.03,70.0,90.94
2,20.03,70.0,90.55
2,20.03,70.0,90.55
2,20.02,78.6,92.79
2,20.02,133.2,154.95
2,20.02,130.0,164.95
2,20.02,70.0,101.17
2,20.02,70.0,80.19
2,20.02,70.0,90.96
2,20.02,70.0,87.94
2,20.02,70.0,87.11
2,20.02,70.0,99.23
2,20.02,70.0,92.77
2,20.02,70.0,97.13
2,20.02,70.0,104.88
2,20.02,70.0,101.17
2,20.02,70.0,98.88
2,20.02,70.0,90.96
2,20.02,70.0,98.88
2,20.02,70.0,95.88
2,20.02,74.4,84.59
2,20.02,81.4,95.15
2,20.02,70.0,82.69
2,20.02,70.0,104.88
2,20.02,3.0,7.25
2,20.02,70.0,82.69
2,20.02,70.0,97.13
2,20.02,70.0,104.88
2,20.02,75.1,94.87
2,20.02,86.3,96.49
2,20.02,75.8,94.05
2,20.02,70.0,80.75
2,20.02,70.0,88.8
2,20.02,70.0,90.55
2,20.02,70.0,82.69
2,20.02,70.0,100.94
2,20.02,70.0,101.93
2,20.02,70.0,80.75
2,20.02,70.0,104.88
2,20.02,70.0,102.92
2,20.02,70.0,102.92
2,20.02,84.9,88.15
2,20.02,97.9,131.65
2,20.02,70.0,90.96
2,20.02,70.0,80.94
2,20.02,73.0,81.25
2,20.02,70.0,96.55
2,20.02,70.0,96.55
2,20.02,70.0,98.88
2,20.02,93.7,133.46
2,20.02,70.0,87.69
2,20.02,77.2,105.36
2,20.02,70.0,88.75
2,20.02,70.0,94.25
2,20.02,70.0,97.69
2,20.02,70.0,95.88
2,20.02,77.2,87.39
2,20.02,70.0,85.19
2,20.02,145.8,173.56
2,20.02,75.8,91.99
2,20.02,70.0,85.75
2,20.02,70.0,85.75
2,20.02,70.0,98.88
2,20.02,70.0,105.02
2,20.02,75.8,79.05
2,20.02,70.0,94.69
2,20.02,70.0,90.96
2,20.02,70.0,79.75
2,20.02,70.0,92.22
2,20.02,70.0,98.88
2,20.02,70.0,98.88
2,20.02,70.0,94.19
2,20.02,70.0,87.69
2,20.02,70.0,90.19
2,20.02,70.0,96.69
2,20.02,70.0,94.13
2,20.02,80.7,108.72
2,20.02,70.0,92.69
2,20.02,70.0,83.33
2,20.02,70.0,98.88
2,20.02,70.0,105.23
2,20.02,70.0,95.88
2,20.02,70.0,97.69
2,20.02,70.0,75.75
2,20.02,70.0,98.88
2,20.02,70.0,85.75
2,20.02,70.0,97.13
2,20.02,98.6,124.6
2,20.02,70.0,102.92
2,20.02,70.0,90.69
2,20.02,75.8,87.3
2,20.02,95.1,145.0
2,20.01,70.0,82.69
2,20.01,95.1,117.35
2,20.01,70.0,97.13
2,20.01,70.0,95.19
2,20.01,70.0,90.69
2,20.01,70.0,104.88
2,20.01,70.0,101.17
2,20.01,70.0,97.13
2,20.01,70.0,98.88
2,20.01,70.0,88.69
2,20.01,70.0,103.13
2,20.01,70.0,98.05
2,20.01,70.0,96.23
2,20.01,70.0,86.94
2,20.01,70.0,98.88
2,20.01,70.0,98.88
2,20.01,70.0,95.69
2,20.01,70.0,103.72
2,20.01,70.0,95.09
2,20.01,70.0,99.23
2,20.01,70.0,102.92
2,20.01,70.0,98.88
2,20.01,70.0,94.94
2,20.01,70.0,99.23
2,20.01,70.0,89.75
2,20.01,70.0,102.92
2,20.01,70.0,90.19
2,20.01,70.0,97.13
2,20.01,70.0,82.69
2,20.01,70.0,80.94
2,20.01,70.0,95.19
2,20.01,70.0,105.23
2,20.01,70.0,99.23
2,20.01,70.0,90.19
2,20.01,70.0,92.69
2,20.01,70.0,98.88
2,20.01,77.2,79.7
2,20.01,70.0,99.23
2,20.01,70.0,98.88
2,20.01,70.0,97.13
2,20.01,82.5,97.44
2,20.01,74.4,108.34
2,20.01,74.4,94.38
2,20.01,70.0,99.23
2,20.01,74.4,80.15
2,20.01,70.0,105.23
2,20.01,70.0,98.88
2,20.01,135.3,179.43
2,20.01,70.0,85.19
2,20.01,70.0,95.09
2,20.01,70.0,89.75
2,20.01,70.0,101.18
2,20.01,70.0,94.25
2,20.01,70.0,98.88
2,20.01,70.0,98.69
2,20.01,70.0,95.88
2,20.01,70.0,100.84
2,20.01,70.0,105.22
2,20.01,70.0,85.19
2,20.01,70.0,98.88
2,20.01,70.0,81.75
2,20.01,70.0,80.19
2,20.01,70.0,102.23
2,20.01,70.0,102.92
2,20.01,70.0,98.88
2,20.01,70.0,85.94
2,20.01,77.2,91.45
2,20.01,70.0,90.55
2,20.01,70.0,90.9
2,20.01,70.0,95.88
2,20.01,98.2,130.39
2,20.01,70.0,99.23
2,20.01,73.7,93.19
2,20.01,70.0,104.88
2,20.01,119.9,148.98
2,20.01,70.0,84.0
2,20.01,70.0,104.25
2,20.01,70.0,98.88
2,20.01,70.0,98.88
2,20.01,83.5,95.43
2,20.01,70.0,98.88
2,20.01,70.0,82.69
2,20.01,95.8,140.62
2,20.01,70.0,99.23
2,20.01,70.0,90.55
2,20.01,70.0,80.19
2,20.01,70.0,87.69
2,20.01,70.0,85.19
2,20.01,78.6,99.42
